区分コード,完成部番,単位数分子1,単位数分母1,前工程1,単位数分子2,単位数分母2,前工程2,単位数分子3,単位数分母3,前工程3,単位数分子4,単位数分母4,前工程4,単位数分子5,単位数分母5,前工程5,単位数分子6,単位数分母6,前工程6
W,00-757D,1.0,1,PA-00-757D,0.0,0.0,,0.0,0.0,,0.0,0.0,,0.0,0.0,,0.0,0.0,
W,00-757GA,1.0,1,PA-00-757GA,0.0,0.0,,0.0,0.0,,0.0,0.0,,0.0,0.0,,0.0,0.0,
G,00-918BA,1.0,1,FPP-16-002AA,0.0,0.0,,0.0,0.0,,0.0,0.0,,0.0,0.0,,0.0,0.0,
G,00-918CA,1.0,1,FPP-16-002BA,0.0,0.0,,0.0,0.0,,0.0,0.0,,0.0,0.0,,0.0,0.0,
L,100-105-3-120,12.0,100,100-105-3,0.0,0.0,,0.0,0.0,,0.0,0.0,,0.0,0.0,,0.0,0.0,
L,100-105-3-160,16.0,100,100-105-3,0.0,0.0,,0.0,0.0,,0.0,0.0,,0.0,0.0,,0.0,0.0,
L,100-105-3-220,22.0,100,100-105-3,0.0,0.0,,0.0,0.0,,0.0,0.0,,0.0,0.0,,0.0,0.0,
2,100-201E0290,1.0,1,AO-100-201E0290,1.0,1.0,L-100-201E0290,0.0,0.0,,0.0,0.0,,0.0,0.0,,0.0,0.0,
2,100-202EC0290,1.0,1,AO-100-202EC0290,1.0,1.0,L-100-202EC0290,0.0,0.0,,0.0,0.0,,0.0,0.0,,0.0,0.0,
2,100-202F0290,1.0,1,AO-100-202F0290,1.0,1.0,L-100-202F0290,0.0,0.0,,0.0,0.0,,0.0,0.0,,0.0,0.0,
3,100-226CA,1.0,5,SS400-100X400X36.7,0.0,0.0,,0.0,0.0,,0.0,0.0,,0.0,0.0,,0.0,0.0,
2,100-270EA0490-1,1.0,1,L-100-270EA0490-1,0.0,0.0,,0.0,0.0,,0.0,0.0,,0.0,0.0,,0.0,0.0,
2,100-270EA0700-1,1.0,1,L-100-270EA0700-1,0.0,0.0,,0.0,0.0,,0.0,0.0,,0.0,0.0,,0.0,0.0,
2,100-270EA0800-1,1.0,1,L-100-270EA0800-1,0.0,0.0,,0.0,0.0,,0.0,0.0,,0.0,0.0,,0.0,0.0,
2,100-270EA0930-1,1.0,1,L-100-270EA0930-1,0.0,0.0,,0.0,0.0,,0.0,0.0,,0.0,0.0,,0.0,0.0,
2,100-270EA1081-1,1.0,1,L-100-270EA1081-1,0.0,0.0,,0.0,0.0,,0.0,0.0,,0.0,0.0,,0.0,0.0,
2,100-270EA1150-1,1.0,1,L-100-270EA1150-1,0.0,0.0,,0.0,0.0,,0.0,0.0,,0.0,0.0,,0.0,0.0,
2,100-270EA1240-1,1.0,1,L-100-270EA1240-1,0.0,0.0,,0.0,0.0,,0.0,0.0,,0.0,0.0,,0.0,0.0,
2,100-270EA1333-1,1.0,1,L-100-270EA1333-1,0.0,0.0,,0.0,0.0,,0.0,0.0,,0.0,0.0,,0.0,0.0,
2,100-270EA1411-1,1.0,1,L-100-270EA1411-1,0.0,0.0,,0.0,0.0,,0.0,0.0,,0.0,0.0,,0.0,0.0,
2,100-270EA1531-1,1.0,1,L-100-270EA1531-1,0.0,0.0,,0.0,0.0,,0.0,0.0,,0.0,0.0,,0.0,0.0,
2,100-270EA1587-1,1.0,1,L-100-270EA1587-1,0.0,0.0,,0.0,0.0,,0.0,0.0,,0.0,0.0,,0.0,0.0,
2,100-270EA1680-1,1.0,1,L-100-270EA1680-1,0.0,0.0,,0.0,0.0,,0.0,0.0,,0.0,0.0,,0.0,0.0,
2,100-271EA,1.0,1,PL-100-271EA,1.0,1.0,L-100-271EA,0.0,0.0,,0.0,0.0,,0.0,0.0,,0.0,0.0,
W,100-609GA,1.0,1,PA-100-609GA,0.0,0.0,,0.0,0.0,,0.0,0.0,,0.0,0.0,,0.0,0.0,
D,103-482,1.0,1,PL-103-482,0.0,0.0,,0.0,0.0,,0.0,0.0,,0.0,0.0,,0.0,0.0,
Q,105-303BA08038,1.0,1,SL-105-303BA08038,0.0,0.0,,0.0,0.0,,0.0,0.0,,0.0,0.0,,0.0,0.0,
W,110-469,1.0,1,L2-110-469,0.0,0.0,,0.0,0.0,,0.0,0.0,,0.0,0.0,,0.0,0.0,
2,1151-201AA0280,1.0,1,L-1151-201AA0280,0.0,0.0,,0.0,0.0,,0.0,0.0,,0.0,0.0,,0.0,0.0,
2,1151-202AA0280,1.0,1,L-1151-202AA0280,0.0,0.0,,0.0,0.0,,0.0,0.0,,0.0,0.0,,0.0,0.0,
2,1151-202BA0280,1.0,1,L-1151-202BA0280,0.0,0.0,,0.0,0.0,,0.0,0.0,,0.0,0.0,,0.0,0.0,
W,130-422AA22,1.0,1,HT-130-422AA22,0.0,0.0,,0.0,0.0,,0.0,0.0,,0.0,0.0,,0.0,0.0,
L,1331-105-9CW38,1.0,1,PA-1331-105-9CW38,0.0,0.0,,0.0,0.0,,0.0,0.0,,0.0,0.0,,0.0,0.0,
L,1331-12A01BA38,1.0,1,PA-1331-12A01BA38,0.0,0.0,,0.0,0.0,,0.0,0.0,,0.0,0.0,,0.0,0.0,
W,150-437B,1.0,1,PA-150-437B,0.0,0.0,,0.0,0.0,,0.0,0.0,,0.0,0.0,,0.0,0.0,
G,162-120AA30,1.0,1,PA-162-120AA30,1.0,1.0,MA-162-120AA30,1.0,1.0,SMA-162-120AA30,0.0,0.0,,0.0,0.0,,0.0,0.0,
D,162-120BA26,1.0,1,PA-162-120BA26,0.0,0.0,,0.0,0.0,,0.0,0.0,,0.0,0.0,,0.0,0.0,
L,162-307KA,1.0,1,PA-162-307KA,0.0,0.0,,0.0,0.0,,0.0,0.0,,0.0,0.0,,0.0,0.0,
G,1731-12A01BA18,1.0,1,PA-1731-12A01BA18,0.0,0.0,,0.0,0.0,,0.0,0.0,,0.0,0.0,,0.0,0.0,
L,19B-111NB,1.0,1,PL-19B-111NB,0.0,0.0,,0.0,0.0,,0.0,0.0,,0.0,0.0,,0.0,0.0,
R,3501-61051AA30,1.0,1,PA-3501-61051AA30,0.0,0.0,,0.0,0.0,,0.0,0.0,,0.0,0.0,,0.0,0.0,
R,3501-61051BA30,1.0,1,PA-3501-61051BA30,0.0,0.0,,0.0,0.0,,0.0,0.0,,0.0,0.0,,0.0,0.0,
G,3501-66052BA30,1.0,1,PA-3501-66052BA30,0.0,0.0,,0.0,0.0,,0.0,0.0,,0.0,0.0,,0.0,0.0,
G,3501-66053EB30,1.0,1,PA-3501-66053EB30,0.0,0.0,,0.0,0.0,,0.0,0.0,,0.0,0.0,,0.0,0.0,
G,3501-66053FA30,1.0,1,PA-3501-66053FA30,0.0,0.0,,0.0,0.0,,0.0,0.0,,0.0,0.0,,0.0,0.0,
W,358-503,1.0,1,PA-358-503,0.0,0.0,,0.0,0.0,,0.0,0.0,,0.0,0.0,,0.0,0.0,
G,5202-545AA,1.0,1,PL-5202-545AA,0.0,0.0,,0.0,0.0,,0.0,0.0,,0.0,0.0,,0.0,0.0,
E,582-503C,1.0,1,S50C-6.35X120X390,0.0,0.0,,0.0,0.0,,0.0,0.0,,0.0,0.0,,0.0,0.0,
W,603-609B,1.0,1,PA-603-609B,0.0,0.0,,0.0,0.0,,0.0,0.0,,0.0,0.0,,0.0,0.0,
U,700-579B,1.0,1,NC-700-579B,0.0,0.0,,0.0,0.0,,0.0,0.0,,0.0,0.0,,0.0,0.0,
U,720-605B,1.0,1,HT-720-605B,0.0,0.0,,0.0,0.0,,0.0,0.0,,0.0,0.0,,0.0,0.0,
L,720-607BA,1.0,1,720-607BA-1,0.0,0.0,,0.0,0.0,,0.0,0.0,,0.0,0.0,,0.0,0.0,
S,90-305,1.0,1,PL-90-305,0.0,0.0,,0.0,0.0,,0.0,0.0,,0.0,0.0,,0.0,0.0,
U,960-578BA,1.0,1,NC-960-578BA,0.0,0.0,,0.0,0.0,,0.0,0.0,,0.0,0.0,,0.0,0.0,
G,CMS-46A,1.0,1,MB-757-0-A009,0.0,0.0,,0.0,0.0,,0.0,0.0,,0.0,0.0,,0.0,0.0,
W,DC-5808BA,1.0,1,PA-DC-5808BA,0.0,0.0,,0.0,0.0,,0.0,0.0,,0.0,0.0,,0.0,0.0,
W,DC-5812BA,1.0,1,PA-DC-5812BA,0.0,0.0,,0.0,0.0,,0.0,0.0,,0.0,0.0,,0.0,0.0,
G,DC-7110GA21,1.0,1,PA-DC-7110GA21,0.0,0.0,,0.0,0.0,,0.0,0.0,,0.0,0.0,,0.0,0.0,
G,DC-7110GB21,1.0,1,PA-DC-7110GB21,0.0,0.0,,0.0,0.0,,0.0,0.0,,0.0,0.0,,0.0,0.0,
G,DC-7110GC21,1.0,1,PA-DC-7110GC21,0.0,0.0,,0.0,0.0,,0.0,0.0,,0.0,0.0,,0.0,0.0,
G,DC-7110GD21,1.0,1,PA-DC-7110GD21,0.0,0.0,,0.0,0.0,,0.0,0.0,,0.0,0.0,,0.0,0.0,
G,DC-7110HA30,1.0,1,PA-DC-7110HA30,0.0,0.0,,0.0,0.0,,0.0,0.0,,0.0,0.0,,0.0,0.0,
L,DC-757UVB,1.0,1,AO-DC-757UVB,0.0,0.0,,0.0,0.0,,0.0,0.0,,0.0,0.0,,0.0,0.0,
L,E-16752D,1.0,1,MV-E-16752D,1.0,1.0,E-16764C,0.0,0.0,,0.0,0.0,,0.0,0.0,,0.0,0.0,
W,E-16764E,1.0,1,E-16764C,0.0,0.0,,0.0,0.0,,0.0,0.0,,0.0,0.0,,0.0,0.0,
W,E-16764F,1.0,1,E-16764C,0.0,0.0,,0.0,0.0,,0.0,0.0,,0.0,0.0,,0.0,0.0,
D,E-26816DA,1.0,1,PL-E-26816DA,0.0,0.0,,0.0,0.0,,0.0,0.0,,0.0,0.0,,0.0,0.0,
Q,E-26820EA38,1.0,1,S45C-20X130X200,0.0,0.0,,0.0,0.0,,0.0,0.0,,0.0,0.0,,0.0,0.0,
K,EF80-00102AA,1.0,1,E-16764C,0.0,0.0,,0.0,0.0,,0.0,0.0,,0.0,0.0,,0.0,0.0,
G,EF80-00701BA,1.0,1,PL-EF80-00701BA,0.0,0.0,,0.0,0.0,,0.0,0.0,,0.0,0.0,,0.0,0.0,
A,ES64-004UA,1.0,1,JU-ES64-00110CA,1.0,1.0,H0-ES64-00110CA,1.0,1.0,PL-ES64-00110CA,1.0,1.0,YO-ES64-00110CA,1.0,1.0,ES64-00110CA,0.0,0.0,
G,G-3001VH38,1.0,1,AO-G-3001VH38,0.0,0.0,,0.0,0.0,,0.0,0.0,,0.0,0.0,,0.0,0.0,
Q,G-5108BB,1.0,1,G-5108BB-1,1.0,1.0,G-5108BB-2,0.0,0.0,,0.0,0.0,,0.0,0.0,,0.0,0.0,
Q,G-5112AJ,1.0,1,SL-G-5112AJ,0.0,0.0,,0.0,0.0,,0.0,0.0,,0.0,0.0,,0.0,0.0,
W,G-9501AC,1.0,1,PA-G-9501AC,0.0,0.0,,0.0,0.0,,0.0,0.0,,0.0,0.0,,0.0,0.0,
D,GP-121AA,1.0,1,GP-74,0.0,0.0,,0.0,0.0,,0.0,0.0,,0.0,0.0,,0.0,0.0,
L,GR-KF30-00904AA,1.0,1,HT-KF30-00904AA,0.0,0.0,,0.0,0.0,,0.0,0.0,,0.0,0.0,,0.0,0.0,
@,K-11101E14,1.0,1,SKD11-20X21X30,0.0,0.0,,0.0,0.0,,0.0,0.0,,0.0,0.0,,0.0,0.0,
A,K-12405,1.0,1,MV-K-12405,0.0,0.0,,0.0,0.0,,0.0,0.0,,0.0,0.0,,0.0,0.0,
A,K-12405B,1.0,1,MV-K-12405B,0.0,0.0,,0.0,0.0,,0.0,0.0,,0.0,0.0,,0.0,0.0,
A,K-12405HB,1.0,1,MV-K-12405HB,0.0,0.0,,0.0,0.0,,0.0,0.0,,0.0,0.0,,0.0,0.0,
A,K-12405JA,1.0,1,MV-K-12405JA,0.0,0.0,,0.0,0.0,,0.0,0.0,,0.0,0.0,,0.0,0.0,
A,K-12406A2,1.0,1,MV-K-12406A2,0.0,0.0,,0.0,0.0,,0.0,0.0,,0.0,0.0,,0.0,0.0,
A,K-12406B2,1.0,1,MV-K-12406B2,0.0,0.0,,0.0,0.0,,0.0,0.0,,0.0,0.0,,0.0,0.0,
A,K-12407F,1.0,1,MV-K-12407F,0.0,0.0,,0.0,0.0,,0.0,0.0,,0.0,0.0,,0.0,0.0,
A,K-12414DB,1.0,1,K-12414D,0.0,0.0,,0.0,0.0,,0.0,0.0,,0.0,0.0,,0.0,0.0,
A,K-13305EA,1.0,1,MC-K-13305EA,0.0,0.0,,0.0,0.0,,0.0,0.0,,0.0,0.0,,0.0,0.0,
A,K-13307E,1.0,1,MC-K-13307E,0.0,0.0,,0.0,0.0,,0.0,0.0,,0.0,0.0,,0.0,0.0,
A,K-13314EA,1.0,1,MC-K-13314EA,0.0,0.0,,0.0,0.0,,0.0,0.0,,0.0,0.0,,0.0,0.0,
A,K-13315EB,1.0,1,MC-K-13315EB,0.0,0.0,,0.0,0.0,,0.0,0.0,,0.0,0.0,,0.0,0.0,
W,K-15607D,1.0,1,PA-K-15607D,0.0,0.0,,0.0,0.0,,0.0,0.0,,0.0,0.0,,0.0,0.0,
A,K-18304,1.0,1,MV-K-18304,0.0,0.0,,0.0,0.0,,0.0,0.0,,0.0,0.0,,0.0,0.0,
A,K-18405B,1.0,1,MV-K-18405B,0.0,0.0,,0.0,0.0,,0.0,0.0,,0.0,0.0,,0.0,0.0,
A,K-18406B,1.0,1,MV-K-18406B,0.0,0.0,,0.0,0.0,,0.0,0.0,,0.0,0.0,,0.0,0.0,
A,K-18407B,1.0,1,MV-K-18407B,0.0,0.0,,0.0,0.0,,0.0,0.0,,0.0,0.0,,0.0,0.0,
A,K-18407C,1.0,1,MV-K-18407C,0.0,0.0,,0.0,0.0,,0.0,0.0,,0.0,0.0,,0.0,0.0,
A,K-18408,1.0,1,MU-K-18408,0.0,0.0,,0.0,0.0,,0.0,0.0,,0.0,0.0,,0.0,0.0,
S,K-18802E,1.0,1,PL-K-18802E,0.0,0.0,,0.0,0.0,,0.0,0.0,,0.0,0.0,,0.0,0.0,
Q,K-19705,1.0,1,PL-K-19705,0.0,0.0,,0.0,0.0,,0.0,0.0,,0.0,0.0,,0.0,0.0,
G,K-2001G-26,1.0,1,PL-K-2001G-26,0.0,0.0,,0.0,0.0,,0.0,0.0,,0.0,0.0,,0.0,0.0,
A,K-21209DA,1.0,1,K-21209EA,0.0,0.0,,0.0,0.0,,0.0,0.0,,0.0,0.0,,0.0,0.0,
2,K-24801BC,1.0,1,PL-K-24801BC,1.0,1.0,L-K-24801BC,0.0,0.0,,0.0,0.0,,0.0,0.0,,0.0,0.0,
W,K-25001UA,1.0,1,FSP-21-001AA,0.0,0.0,,0.0,0.0,,0.0,0.0,,0.0,0.0,,0.0,0.0,
W,K-25046EA,1.0,1,SS400-14X30X52,0.0,0.0,,0.0,0.0,,0.0,0.0,,0.0,0.0,,0.0,0.0,
W,K-25046FA,1.0,1,SS400-14X14X155,0.0,0.0,,0.0,0.0,,0.0,0.0,,0.0,0.0,,0.0,0.0,
D,K-25047AA,1.0,1,PL-K-25047AA,0.0,0.0,,0.0,0.0,,0.0,0.0,,0.0,0.0,,0.0,0.0,
W,K-25058AA,1.0,1,SS400-44X92X6,0.0,0.0,,0.0,0.0,,0.0,0.0,,0.0,0.0,,0.0,0.0,
W,K-25059AA,1.0,2,SS400-100X100X6,0.0,0.0,,0.0,0.0,,0.0,0.0,,0.0,0.0,,0.0,0.0,
Q,K-25906BB,1.0,1,PL-K-25906BB,0.0,0.0,,0.0,0.0,,0.0,0.0,,0.0,0.0,,0.0,0.0,
L,K-30404VA34,1.0,1,SS400-14X17X68.5,0.0,0.0,,0.0,0.0,,0.0,0.0,,0.0,0.0,,0.0,0.0,
A,K-30604CA,1.0,1,MC-K-30604CA,0.0,0.0,,0.0,0.0,,0.0,0.0,,0.0,0.0,,0.0,0.0,
A,K-30605AA,1.0,1,MC-K-30605AA,0.0,0.0,,0.0,0.0,,0.0,0.0,,0.0,0.0,,0.0,0.0,
A,K-30605AB,1.0,1,MC-K-30605AB,0.0,0.0,,0.0,0.0,,0.0,0.0,,0.0,0.0,,0.0,0.0,
A,K-30605CA,1.0,1,MC-K-30605CA,0.0,0.0,,0.0,0.0,,0.0,0.0,,0.0,0.0,,0.0,0.0,
A,K-30605CB,1.0,1,MC-K-30605CB,0.0,0.0,,0.0,0.0,,0.0,0.0,,0.0,0.0,,0.0,0.0,
A,K-30606AB,1.0,1,MC-K-30606AB,0.0,0.0,,0.0,0.0,,0.0,0.0,,0.0,0.0,,0.0,0.0,
A,K-30606AC,1.0,1,MC-K-30606AC,0.0,0.0,,0.0,0.0,,0.0,0.0,,0.0,0.0,,0.0,0.0,
A,K-30606BA,1.0,1,MV-K-30606BA,0.0,0.0,,0.0,0.0,,0.0,0.0,,0.0,0.0,,0.0,0.0,
A,K-30606BB,1.0,1,MV-K-30606BB,0.0,0.0,,0.0,0.0,,0.0,0.0,,0.0,0.0,,0.0,0.0,
A,K-30606BC,1.0,1,MV-K-30606BC,0.0,0.0,,0.0,0.0,,0.0,0.0,,0.0,0.0,,0.0,0.0,
A,K-30606CA,1.0,1,MC-K-30606CA,0.0,0.0,,0.0,0.0,,0.0,0.0,,0.0,0.0,,0.0,0.0,
A,K-30606CB,1.0,1,MC-K-30606CB,0.0,0.0,,0.0,0.0,,0.0,0.0,,0.0,0.0,,0.0,0.0,
A,K-30606CC,1.0,1,MC-K-30606CC,0.0,0.0,,0.0,0.0,,0.0,0.0,,0.0,0.0,,0.0,0.0,
A,K-30606DC,1.0,1,MC-K-30606DC,0.0,0.0,,0.0,0.0,,0.0,0.0,,0.0,0.0,,0.0,0.0,
A,K-30606EA,1.0,1,MV-K-30606EA,0.0,0.0,,0.0,0.0,,0.0,0.0,,0.0,0.0,,0.0,0.0,
A,K-30606EB,1.0,1,MV-K-30606EB,0.0,0.0,,0.0,0.0,,0.0,0.0,,0.0,0.0,,0.0,0.0,
A,K-30607BA,1.0,1,MV-K-30607BA,0.0,0.0,,0.0,0.0,,0.0,0.0,,0.0,0.0,,0.0,0.0,
W,K-5302B,1.0,1,MC-K-5302B,0.0,0.0,,0.0,0.0,,0.0,0.0,,0.0,0.0,,0.0,0.0,
W,K-5305,1.0,1,MC-K-5305,0.0,0.0,,0.0,0.0,,0.0,0.0,,0.0,0.0,,0.0,0.0,
W,K-6509DA21,1.0,1,S50C-90X40X27,0.0,0.0,,0.0,0.0,,0.0,0.0,,0.0,0.0,,0.0,0.0,
W,KD63-00407AA,1.0,1,PL-KD63-00407AA,0.0,0.0,,0.0,0.0,,0.0,0.0,,0.0,0.0,,0.0,0.0,
W,KD63-00407AB,1.0,1,PL-KD63-00407AB,0.0,0.0,,0.0,0.0,,0.0,0.0,,0.0,0.0,,0.0,0.0,
A,KD64-00102AA,1.0,1,MV-KD64-00102AA,0.0,0.0,,0.0,0.0,,0.0,0.0,,0.0,0.0,,0.0,0.0,
A,KD64-00206AA,1.0,1,MV-KD64-00206AA,0.0,0.0,,0.0,0.0,,0.0,0.0,,0.0,0.0,,0.0,0.0,
A,KD64-00207AC,1.0,1,MV-KD64-00207AC,0.0,0.0,,0.0,0.0,,0.0,0.0,,0.0,0.0,,0.0,0.0,
A,KD64-00208AA,1.0,1,MV-KD64-00208AA,0.0,0.0,,0.0,0.0,,0.0,0.0,,0.0,0.0,,0.0,0.0,
A,KD64-00208AB,1.0,1,MV-KD64-00208AB,0.0,0.0,,0.0,0.0,,0.0,0.0,,0.0,0.0,,0.0,0.0,
A,KD64-00304BA,1.0,1,SKD38X38X110,0.0,0.0,,0.0,0.0,,0.0,0.0,,0.0,0.0,,0.0,0.0,
A,KD64-00504AB,1.0,1,MV-KD64-00504AB,0.0,0.0,,0.0,0.0,,0.0,0.0,,0.0,0.0,,0.0,0.0,
A,KD64-00733AB,1.0,1,MV-KD64-00733AB,0.0,0.0,,0.0,0.0,,0.0,0.0,,0.0,0.0,,0.0,0.0,
L,KD65-00901AA,1.0,1,HT-KD65-00901AA,0.0,0.0,,0.0,0.0,,0.0,0.0,,0.0,0.0,,0.0,0.0,
G,KF12-00805AA,1.0,1,FPS-17-001AA,0.0,0.0,,0.0,0.0,,0.0,0.0,,0.0,0.0,,0.0,0.0,
L,KF22-002AA,1.0,1,AO-KF22-002AA,1.0,1.0,MC-KF22-002AA,0.0,0.0,,0.0,0.0,,0.0,0.0,,0.0,0.0,
L,KF22-002BA,1.0,1,AO-KF22-002BA,1.0,1.0,MC-KF22-002BA,0.0,0.0,,0.0,0.0,,0.0,0.0,,0.0,0.0,
L,KF22-002CA,1.0,1,AO-KF22-002CA,1.0,1.0,MC-KF22-002CA,0.0,0.0,,0.0,0.0,,0.0,0.0,,0.0,0.0,
L,KF22-002HA,1.0,1,AO-KF22-002HA,1.0,1.0,MC-KF22-002CA,0.0,0.0,,0.0,0.0,,0.0,0.0,,0.0,0.0,
L,KF22-002JA,1.0,1,AO-KF22-002JA,1.0,1.0,MC-KF22-002CA,0.0,0.0,,0.0,0.0,,0.0,0.0,,0.0,0.0,
L,KF22-002KA,1.0,1,AO-KF22-002KA,1.0,1.0,MC-KF22-002KA,0.0,0.0,,0.0,0.0,,0.0,0.0,,0.0,0.0,
L,KF22-002LA,1.0,1,AO-KF22-002LA,1.0,1.0,MC-KF22-002LA,0.0,0.0,,0.0,0.0,,0.0,0.0,,0.0,0.0,
L,KF22-002MA,1.0,1,AO-KF22-002MA,1.0,1.0,MC-KF22-002MA,0.0,0.0,,0.0,0.0,,0.0,0.0,,0.0,0.0,
L,KF22-002NA,1.0,1,AO-KF22-002NA,1.0,1.0,MC-KF22-002NA,0.0,0.0,,0.0,0.0,,0.0,0.0,,0.0,0.0,
L,KF22-002PA,1.0,1,AO-KF22-002PA,1.0,1.0,MC-KF22-002PA,0.0,0.0,,0.0,0.0,,0.0,0.0,,0.0,0.0,
G,KF46-00301AA,1.0,1,FPP-16-001AA,0.0,0.0,,0.0,0.0,,0.0,0.0,,0.0,0.0,,0.0,0.0,
G,KF46-00301AB,1.0,1,FPP-16-001AB,0.0,0.0,,0.0,0.0,,0.0,0.0,,0.0,0.0,,0.0,0.0,
A,KS64-00425DB,1.0,1,SKD103254-ACTUATOR,0.0,0.0,,0.0,0.0,,0.0,0.0,,0.0,0.0,,0.0,0.0,
A,KS64-00504AA,1.0,1,MC-KS64-00504AA,0.0,0.0,,0.0,0.0,,0.0,0.0,,0.0,0.0,,0.0,0.0,
A,KS64-00504AB,1.0,1,MC-KS64-00504AB,0.0,0.0,,0.0,0.0,,0.0,0.0,,0.0,0.0,,0.0,0.0,
A,KS64-00504BA,1.0,1,MV-KS64-00504BA,0.0,0.0,,0.0,0.0,,0.0,0.0,,0.0,0.0,,0.0,0.0,
A,KS64-00504CA,1.0,1,MC-KS64-00504CA,0.0,0.0,,0.0,0.0,,0.0,0.0,,0.0,0.0,,0.0,0.0,
A,KS64-00504CB,1.0,1,MC-KS64-00504CB,0.0,0.0,,0.0,0.0,,0.0,0.0,,0.0,0.0,,0.0,0.0,
A,KS64-00504DA,1.0,1,MC-KS64-00504DA,0.0,0.0,,0.0,0.0,,0.0,0.0,,0.0,0.0,,0.0,0.0,
A,KS64-00504EA,1.0,1,MC-KS64-00504EA,0.0,0.0,,0.0,0.0,,0.0,0.0,,0.0,0.0,,0.0,0.0,
A,KS64-00504FA,1.0,1,MV-KS64-00504FA,0.0,0.0,,0.0,0.0,,0.0,0.0,,0.0,0.0,,0.0,0.0,
A,KS64-00504GA,1.0,1,MV-KS64-00504GA,0.0,0.0,,0.0,0.0,,0.0,0.0,,0.0,0.0,,0.0,0.0,
A,KS64-00505BA,1.0,1,MV-KS64-00505BA,0.0,0.0,,0.0,0.0,,0.0,0.0,,0.0,0.0,,0.0,0.0,
A,KS64-00505EA,1.0,1,MC-KS64-00505EA,0.0,0.0,,0.0,0.0,,0.0,0.0,,0.0,0.0,,0.0,0.0,
A,KS64-00505FA,1.0,1,MV-KS64-00505FA,0.0,0.0,,0.0,0.0,,0.0,0.0,,0.0,0.0,,0.0,0.0,
A,KS64-00505GA,1.0,1,MV-KS64-00505GA,0.0,0.0,,0.0,0.0,,0.0,0.0,,0.0,0.0,,0.0,0.0,
A,KS64-00515EA,1.0,1,PL-KS64-00515EA,0.0,0.0,,0.0,0.0,,0.0,0.0,,0.0,0.0,,0.0,0.0,
A,KS64-02404EA,1.0,1,MC-KS64-02404-M101,0.0,0.0,,0.0,0.0,,0.0,0.0,,0.0,0.0,,0.0,0.0,
@,KS91-00301CB30,1.0,1,S45C-32X120X200,0.0,0.0,,0.0,0.0,,0.0,0.0,,0.0,0.0,,0.0,0.0,
E,KS91-00301DA32,1.0,1,SKD11-20X40X30,0.0,0.0,,0.0,0.0,,0.0,0.0,,0.0,0.0,,0.0,0.0,
@,KS91-00302BA30,1.0,1,SKD11-20X30X40,0.0,0.0,,0.0,0.0,,0.0,0.0,,0.0,0.0,,0.0,0.0,
@,KS91-00302BA32,1.0,1,S50C-120X200X22,0.0,0.0,,0.0,0.0,,0.0,0.0,,0.0,0.0,,0.0,0.0,
@,KS91-00302BB30,1.0,1,SKD11-20X30X40,0.0,0.0,,0.0,0.0,,0.0,0.0,,0.0,0.0,,0.0,0.0,
@,KS91-00302BB32,1.0,1,S50C-120X200X22,0.0,0.0,,0.0,0.0,,0.0,0.0,,0.0,0.0,,0.0,0.0,
@,KS91-00302BC30,1.0,1,SKD11-20X30X40,0.0,0.0,,0.0,0.0,,0.0,0.0,,0.0,0.0,,0.0,0.0,
@,KS91-00302BC32,1.0,1,S50C-120X200X22,0.0,0.0,,0.0,0.0,,0.0,0.0,,0.0,0.0,,0.0,0.0,
E,KS91-00829CA,1.0,4,S50C-32X150X300,0.0,0.0,,0.0,0.0,,0.0,0.0,,0.0,0.0,,0.0,0.0,
L,KUT-206MA,1.0,1,AO-KUT-206MA,0.0,0.0,,0.0,0.0,,0.0,0.0,,0.0,0.0,,0.0,0.0,
L,KUT-206NA,1.0,1,AO-KUT-206NA,0.0,0.0,,0.0,0.0,,0.0,0.0,,0.0,0.0,,0.0,0.0,
L,KUT-206PA,1.0,1,AO-KUT-206PA,0.0,0.0,,0.0,0.0,,0.0,0.0,,0.0,0.0,,0.0,0.0,
L,KUT-206PB,1.0,1,AO-KUT-206PB,0.0,0.0,,0.0,0.0,,0.0,0.0,,0.0,0.0,,0.0,0.0,
G,KUT-302C,1.0,1,PA-KUT-302C,0.0,0.0,,0.0,0.0,,0.0,0.0,,0.0,0.0,,0.0,0.0,
G,LS61-03601AA,1.0,1,PL-LS61-03601AA,0.0,0.0,,0.0,0.0,,0.0,0.0,,0.0,0.0,,0.0,0.0,
D,LU-6601,1.0,1,PA-LU-6601,0.0,0.0,,0.0,0.0,,0.0,0.0,,0.0,0.0,,0.0,0.0,
G,SPL-1912FA,1.0,1,E-15001LC,0.0,0.0,,0.0,0.0,,0.0,0.0,,0.0,0.0,,0.0,0.0,
A,SPL-2255AA,1.0,1,PL-SPL-2255AA,1.0,1.0,K-30611AA,0.0,0.0,,0.0,0.0,,0.0,0.0,,0.0,0.0,
A,SPL-2255BA,1.0,1,PL-SPL-2255BA,1.0,1.0,K-30616BA,0.0,0.0,,0.0,0.0,,0.0,0.0,,0.0,0.0,
A,SPL-2277AA,1.0,1,KD64-01704AC,0.0,0.0,,0.0,0.0,,0.0,0.0,,0.0,0.0,,0.0,0.0,
A,SPL-2277BA,1.0,1,KD64-01704BB,0.0,0.0,,0.0,0.0,,0.0,0.0,,0.0,0.0,,0.0,0.0,
L,SPL-2892AA,1.0,1,MC-SPL-2892AA,1.0,1.0,KF20-01601AA,0.0,0.0,,0.0,0.0,,0.0,0.0,,0.0,0.0,
2,SPL-2944-204JA2200,1.0,1,AO-SPL-2944-204JA2200,1.0,1.0,VN-SPL-2944-204JA2200,0.0,0.0,,0.0,0.0,,0.0,0.0,,0.0,0.0,
2,SPL-2944-204JA2300,1.0,1,AO-SPL-2944-204JA2300,1.0,1.0,VN-SPL-2944-204JA2300,0.0,0.0,,0.0,0.0,,0.0,0.0,,0.0,0.0,
2,SPL-2944-204KA2200,1.0,1,AO-SPL-2944-204KA2200,1.0,1.0,VN-SPL-2944-204KA2200,0.0,0.0,,0.0,0.0,,0.0,0.0,,0.0,0.0,
2,SPL-2944-204KA2300,1.0,1,AO-SPL-2944-204KA2300,1.0,1.0,VN-SPL-2944-204KA2300,0.0,0.0,,0.0,0.0,,0.0,0.0,,0.0,0.0,
W,TS-5285BA01,1.0,1,SS400-19X100X130,0.0,0.0,,0.0,0.0,,0.0,0.0,,0.0,0.0,,0.0,0.0,
E,TS-5315DA,1.0,19,S50C-120X390X6.35,0.0,0.0,,0.0,0.0,,0.0,0.0,,0.0,0.0,,0.0,0.0,
X,TS-5319DA,1.0,15,SK3-7X55X390,0.0,0.0,,0.0,0.0,,0.0,0.0,,0.0,0.0,,0.0,0.0,
E,TS-5330AA,1.0,5,S45C-13.2X40X390,0.0,0.0,,0.0,0.0,,0.0,0.0,,0.0,0.0,,0.0,0.0,
E,TS-5330BA,1.0,5,S45C-7.5X50X390,0.0,0.0,,0.0,0.0,,0.0,0.0,,0.0,0.0,,0.0,0.0,
E,TS-5330CA,1.0,5,S45C-7.5X50X390,0.0,0.0,,0.0,0.0,,0.0,0.0,,0.0,0.0,,0.0,0.0,
E,TS-5330FA,1.0,1,SS400-9X60X44,0.0,0.0,,0.0,0.0,,0.0,0.0,,0.0,0.0,,0.0,0.0,
E,TS-5330GA,1.0,1,SS400-9X22X25,0.0,0.0,,0.0,0.0,,0.0,0.0,,0.0,0.0,,0.0,0.0,
E,TS-5330HA,1.0,1,SS400-12X14X14,0.0,0.0,,0.0,0.0,,0.0,0.0,,0.0,0.0,,0.0,0.0,
2,TS-5509-270EA1333-1,1.0,1,L-TS-5509-270EA1333-1,0.0,0.0,,0.0,0.0,,0.0,0.0,,0.0,0.0,,0.0,0.0,
X,YCF-104C1,1.0,4,SK5-4.5X30X97,0.0,0.0,,0.0,0.0,,0.0,0.0,,0.0,0.0,,0.0,0.0,
X,YCF-125TA,1.0,1,SK5-5.0X40X97,0.0,0.0,,0.0,0.0,,0.0,0.0,,0.0,0.0,,0.0,0.0,
T,YCF-127VA,1.0,16,SK3-6.5X50X390,0.0,0.0,,0.0,0.0,,0.0,0.0,,0.0,0.0,,0.0,0.0,
X,YCF-140DD,1.0,3,SK3-16.7X55X120,0.0,0.0,,0.0,0.0,,0.0,0.0,,0.0,0.0,,0.0,0.0,
B,YCM-109B,1.0,4,SK5-4.0X40X97,0.0,0.0,,0.0,0.0,,0.0,0.0,,0.0,0.0,,0.0,0.0,
X,YCM-113C,1.0,1,SK5-4.0X40X97,0.0,0.0,,0.0,0.0,,0.0,0.0,,0.0,0.0,,0.0,0.0,
X,YCM-193,1.0,4,SK5-3.5X40X97,0.0,0.0,,0.0,0.0,,0.0,0.0,,0.0,0.0,,0.0,0.0,
X,YCM-55D,1.0,1,YCM-55B,0.0,0.0,,0.0,0.0,,0.0,0.0,,0.0,0.0,,0.0,0.0,
L,YD65-151CA,1.0,1,YCF-151CA,0.0,0.0,,0.0,0.0,,0.0,0.0,,0.0,0.0,,0.0,0.0,
E,YS65-04908BA,1.0,1,FSP-18-003AA,1.0,1.0,,0.0,0.0,,0.0,0.0,,0.0,0.0,,0.0,0.0,
E,YS65-04908CA,1.0,1,FSP-20-002AA,0.0,0.0,,0.0,0.0,,0.0,0.0,,0.0,0.0,,0.0,0.0,
E,YS65-06601BB,1.0,5,SK3-10X40X390,,,,0.0,0.0,,0.0,0.0,,0.0,0.0,,0.0,0.0,
X,YS65-10701AA,1.0,7,SK3-4X80X390,0.0,0.0,,0.0,0.0,,0.0,0.0,,0.0,0.0,,0.0,0.0,
X,YS65-13801MA,1.0,4,SK5-4.0X40X97,0.0,0.0,,0.0,0.0,,0.0,0.0,,0.0,0.0,,0.0,0.0,
G,YS65-14606AC,1.0,1,FSP-17-002AA,0.0,0.0,,0.0,0.0,,0.0,0.0,,0.0,0.0,,0.0,0.0,
E,YS65-14606BC,1.0,1,FSP-20-001AA,0.0,0.0,,0.0,0.0,,0.0,0.0,,0.0,0.0,,0.0,0.0,
X,YS65-15201DA,1.0,8,SK3-12.1X25X150,0.0,0.0,,0.0,0.0,,0.0,0.0,,0.0,0.0,,0.0,0.0,
2,K-26719HB,1.0,1,PA-K-26719HB,1.0,1.0,L-K-26719HB,0.0,0.0,,0.0,0.0,,0.0,0.0,,0.0,0.0,
L,KUT-206SA,1.0,1,AO-KUT-206SA,0.0,0.0,,0.0,0.0,,0.0,0.0,,0.0,0.0,,0.0,0.0,
E,DC-757UDG,1.0,1,AO-DC-757UDG,0.0,0.0,,0.0,0.0,,0.0,0.0,,0.0,0.0,,0.0,0.0,
2,TS-1331-201HA2500,1.0,1,TS-AO-1331-201HA2500,1.0,1.0,TS-L-1331-201HA2500,0.0,0.0,,0.0,0.0,,0.0,0.0,,0.0,0.0,
2,TS-1331-202DA2500,1.0,1,TS-AO-1331-202DA2500,1.0,1.0,TS-L-1331-202DA2500,0.0,0.0,,0.0,0.0,,0.0,0.0,,0.0,0.0,
2,SPL-2944-204JA2500,1.0,1,AO-SPL-2944-204JA2500,1.0,1.0,L-SPL-2944-204JA2500,0.0,0.0,,0.0,0.0,,0.0,0.0,,0.0,0.0,
2,SPL-2944-204KA2500,1.0,1,AO-SPL-2944-204KA2500,1.0,1.0,L-SPL-2944-204KA2500,0.0,0.0,,0.0,0.0,,0.0,0.0,,0.0,0.0,
w,KF46-00404BB,1.0,1,KF46-00404BB-NK,0.0,0.0,,0.0,0.0,,0.0,0.0,,0.0,0.0,,0.0,0.0,
w,KF46-00401AB,1.0,1,FSP-24-001AA,0.0,0.0,,0.0,0.0,,0.0,0.0,,0.0,0.0,,0.0,0.0,
w,KF46-00402AB,1.0,1,FSP-18-002AA,0.0,0.0,,0.0,0.0,,0.0,0.0,,0.0,0.0,,0.0,0.0,
C,00-1090AA30,1.0,1,S6H3822,55.0,1000.0,SUJ3038068,0.0,0.0,,0.0,0.0,,0.0,0.0,,0.0,0.0,
C,00-1090GA30,1.0,1,S191960,200.0,1000.0,SUJ3019019,0.0,0.0,,0.0,0.0,,0.0,0.0,,0.0,0.0,
C,00-1113D34,1.0,1,SKD7B3270,133.0,1000.0,SKD11032072,0.0,0.0,,0.0,0.0,,0.0,0.0,,0.0,0.0,
C,FLD-DB1,1.0,1,FLD-MB1,1.0,1.0,SKD5E3555,98.0,1000.0,SKD11035055,0.0,0.0,,0.0,0.0,,0.0,0.0,
C,MA-226-516AB30,1.0,1,SKD6G1565,54.0,1000.0,SKD11015067,0.0,0.0,,0.0,0.0,,0.0,0.0,,0.0,0.0,
C,MA-3323-505AA26,1.0,1,SKD5Z1293,52.0,1000.0,SKD11012050,0.0,0.0,,0.0,0.0,,0.0,0.0,,0.0,0.0,
C,MA-3323-505BA26,1.0,1,SKD5Z1248,24.0,1000.0,SKD11012050,0.0,0.0,,0.0,0.0,,0.0,0.0,,0.0,0.0,
C,MA-3501-52011HA30,1.0,1,SKD6G2220,26.0,1000.0,SKD11022067,0.0,0.0,,0.0,0.0,,0.0,0.0,,0.0,0.0,
C,MA-3501-52012AA24,1.0,1,SKD8B2944,86.0,1000.0,SKD11029082,0.0,0.0,,0.0,0.0,,0.0,0.0,,0.0,0.0,
C,MA-3501-52013AA24,1.0,1,SKD8B2144,63.0,1000.0,SKD11021082,0.0,0.0,,0.0,0.0,,0.0,0.0,,0.0,0.0,
C,MA-3501-52014AA24,1.0,1,SKD8B2165,92.0,1000.0,SKD11021082,0.0,0.0,,0.0,0.0,,0.0,0.0,,0.0,0.0,
C,MA-3501-52014AA26,1.0,1,SKD8B2160,85.0,1000.0,SKD11021082,0.0,0.0,,0.0,0.0,,0.0,0.0,,0.0,0.0,
C,MA-3501-52032AA34,1.0,1,SKD8B2965,127.0,1000.0,SKD11029082,0.0,0.0,,0.0,0.0,,0.0,0.0,,0.0,0.0,
C,MA-3501-52032AA38,1.0,1,SKD8B2965,127.0,1000.0,SKD11029082,0.0,0.0,,0.0,0.0,,0.0,0.0,,0.0,0.0,
C,MA-3501-52041AA24,1.0,1,SKD6G2222,27.0,1000.0,SKD11022067,0.0,0.0,,0.0,0.0,,0.0,0.0,,0.0,0.0,
C,MA-3501-52043AA24,1.0,1,SKD8B2144,63.0,1000.0,SKD11021082,0.0,0.0,,0.0,0.0,,0.0,0.0,,0.0,0.0,
C,MA-3501-62001MB26,1.0,1,SKD5G4070,131.0,1000.0,SKD11040057,0.0,0.0,,0.0,0.0,,0.0,0.0,,0.0,0.0,
C,MA-3501-62001PB26,1.0,1,SKD5G4070,131.0,1000.0,SKD11040057,0.0,0.0,,0.0,0.0,,0.0,0.0,,0.0,0.0,
C,MA-3501-62001UA24,1.0,1,SKD5G4070,131.0,1000.0,SKD11040057,0.0,0.0,,0.0,0.0,,0.0,0.0,,0.0,0.0,
C,MA-3501-62021AA30,1.0,1,SKD6G2576,105.0,1000.0,SKD11025067,0.0,0.0,,0.0,0.0,,0.0,0.0,,0.0,0.0,
C,MA-3501-62021AL24,1.0,1,SKD6G2576,105.0,1000.0,SKD11025067,0.0,0.0,,0.0,0.0,,0.0,0.0,,0.0,0.0,
C,MA-3501-62021AL30,1.0,1,SKD6G2576,105.0,1000.0,SKD11025067,0.0,0.0,,0.0,0.0,,0.0,0.0,,0.0,0.0,
C,MA-3501-62031AA24,1.0,1,SKD6G2590,124.0,1000.0,SKD11025067,0.0,0.0,,0.0,0.0,,0.0,0.0,,0.0,0.0,
C,MA-3501-62031AA30,1.0,1,SKD6G2582,113.0,1000.0,SKD11025067,0.0,0.0,,0.0,0.0,,0.0,0.0,,0.0,0.0,
C,MA-3501-62041AA26,1.0,1,SKD5E2522,28.0,1000.0,SKD11025055,0.0,0.0,,0.0,0.0,,0.0,0.0,,0.0,0.0,
C,MA-3501-62041AA30,1.0,1,SKD5E2522,28.0,1000.0,SKD11025055,0.0,0.0,,0.0,0.0,,0.0,0.0,,0.0,0.0,
C,MA-3501-62041AA34,1.0,1,SKD5E2522,28.0,1000.0,SKD11025055,0.0,0.0,,0.0,0.0,,0.0,0.0,,0.0,0.0,
C,MA-3501-62041AA36,1.0,1,SKD5E2225,25.0,1000.0,SKD11022055,0.0,0.0,,0.0,0.0,,0.0,0.0,,0.0,0.0,
C,MA-3501-62041AA38,1.0,1,SKD5E2522,28.0,1000.0,SKD11025055,0.0,0.0,,0.0,0.0,,0.0,0.0,,0.0,0.0,
C,MA-3501-62041AB26,1.0,1,SKD5E2522,28.0,1000.0,SKD11025055,0.0,0.0,,0.0,0.0,,0.0,0.0,,0.0,0.0,
C,MA-3501-62041AB30,1.0,1,SKD5E2522,28.0,1000.0,SKD11025055,0.0,0.0,,0.0,0.0,,0.0,0.0,,0.0,0.0,
C,MA-3501-62041AB34,1.0,1,SKD5E2522,28.0,1000.0,SKD11025055,0.0,0.0,,0.0,0.0,,0.0,0.0,,0.0,0.0,
C,MA-3501-62041AB36,1.0,1,SKD5E2522,28.0,1000.0,SKD11025055,0.0,0.0,,0.0,0.0,,0.0,0.0,,0.0,0.0,
C,MA-3501-62041AB38,1.0,1,SKD5E2522,28.0,1000.0,SKD11025055,0.0,0.0,,0.0,0.0,,0.0,0.0,,0.0,0.0,
C,MA-3504-514BB26,1.0,1,SKD6G2761,91.0,1000.0,SKD11027067,0.0,0.0,,0.0,0.0,,0.0,0.0,,0.0,0.0,
C,MA-3504-611AA30,1.0,1,SKD6E4061,131.0,1000.0,SKD11040065,0.0,0.0,,0.0,0.0,,0.0,0.0,,0.0,0.0,
C,MA-3504-621AA30,1.0,1,SKD6G2576,105.0,1000.0,SKD11025067,0.0,0.0,,0.0,0.0,,0.0,0.0,,0.0,0.0,
C,MA-3504-621AB36,1.0,1,SKD6G2576,105.0,1000.0,SKD11025067,0.0,0.0,,0.0,0.0,,0.0,0.0,,0.0,0.0,
C,MA-352B-505AA36,1.0,1,SKD5Z1275,44.0,1000.0,SKD11012050,0.0,0.0,,0.0,0.0,,0.0,0.0,,0.0,0.0,
C,MA-352B-505BA36,1.0,1,SKD5Z2230,30.0,1000.0,SKD11022050,0.0,0.0,,0.0,0.0,,0.0,0.0,,0.0,0.0,
C,MA-3538-505AA32,1.0,1,SKD5Z1275,44.0,1000.0,SKD11012050,0.0,0.0,,0.0,0.0,,0.0,0.0,,0.0,0.0,
C,MA-3538-505BA32,1.0,1,SKD5Z1240,30.0,1000.0,SKD11012050,0.0,0.0,,0.0,0.0,,0.0,0.0,,0.0,0.0,
C,MA-3549-505AA34,1.0,1,SKD5Z1270,41.0,1000.0,SKD11012050,0.0,0.0,,0.0,0.0,,0.0,0.0,,0.0,0.0,
C,MA-3549-505BA34,1.0,1,SKD5Z1270,41.0,1000.0,SKD11012050,0.0,0.0,,0.0,0.0,,0.0,0.0,,0.0,0.0,
C,MA-3549-505CA34,1.0,1,SKD5Z1270,41.0,1000.0,SKD11012050,0.0,0.0,,0.0,0.0,,0.0,0.0,,0.0,0.0,
C,MA-3551-505AA34,1.0,1,SKD5Z1270,41.0,1000.0,SKD11012050,0.0,0.0,,0.0,0.0,,0.0,0.0,,0.0,0.0,
C,MA-3551-542AA34,1.0,1,SKD6G2248,59.0,1000.0,SKD11022067,0.0,0.0,,0.0,0.0,,0.0,0.0,,0.0,0.0,
C,MA-3551-569AA34,1.0,1,SKD6G1525,21.0,1000.0,SKD11015067,0.0,0.0,,0.0,0.0,,0.0,0.0,,0.0,0.0,
C,MA-3551-572AA34,1.0,1,SKD8B2125,36.0,1000.0,SKD11021082,0.0,0.0,,0.0,0.0,,0.0,0.0,,0.0,0.0,
C,MA-3638-505AA26,1.0,1,SKD5Z1275,44.0,1000.0,SKD11012050,0.0,0.0,,0.0,0.0,,0.0,0.0,,0.0,0.0,
C,MA-3638-505AA30,1.0,1,SKD5Z1275,44.0,1000.0,SKD11012050,0.0,0.0,,0.0,0.0,,0.0,0.0,,0.0,0.0,
C,MA-3638-505BA26,1.0,1,SKD5Z1240,30.0,1000.0,SKD11012050,0.0,0.0,,0.0,0.0,,0.0,0.0,,0.0,0.0,
C,MA-3650-505AA34,1.0,1,SKD5Z1258,30.0,1000.0,SKD11012050,0.0,0.0,,0.0,0.0,,0.0,0.0,,0.0,0.0,
C,MA-3652-505AA32,1.0,1,SKD5Z1248,24.0,1000.0,SKD11012050,0.0,0.0,,0.0,0.0,,0.0,0.0,,0.0,0.0,
C,MA-3709-505AA34,1.0,1,SKD5Z1253,27.0,1000.0,SKD11012050,0.0,0.0,,0.0,0.0,,0.0,0.0,,0.0,0.0,
C,MA-3709-505BA34,1.0,1,SKD5Z1253,27.0,1000.0,SKD11012050,0.0,0.0,,0.0,0.0,,0.0,0.0,,0.0,0.0,
C,MA-3709-505CA34,1.0,1,SKD5Z1236,28.0,1000.0,SKD11012050,0.0,0.0,,0.0,0.0,,0.0,0.0,,0.0,0.0,
C,MA-3709-514AA34,1.0,1,SKD7Z3040,69.0,1000.0,SKD11030070,0.0,0.0,,0.0,0.0,,0.0,0.0,,0.0,0.0,
C,MA-4206-520AA30,1.0,1,SKD6G1535,41.0,1000.0,SKD11015067,0.0,0.0,,0.0,0.0,,0.0,0.0,,0.0,0.0,
C,MA-4501-505AA26,1.0,1,SKD5Z1293,52.0,1000.0,SKD11012050,0.0,0.0,,0.0,0.0,,0.0,0.0,,0.0,0.0,
C,MA-4501-505AB26,1.0,1,SKD5Z1248,24.0,1000.0,SKD11012050,0.0,0.0,,0.0,0.0,,0.0,0.0,,0.0,0.0,
C,MA-47-611C30,1.0,1,SKD6G2220,26.0,1000.0,SKD11022067,0.0,0.0,,0.0,0.0,,0.0,0.0,,0.0,0.0,
C,MA-47-612C30,1.0,1,SKD6G2218,24.0,1000.0,SKD11022067,0.0,0.0,,0.0,0.0,,0.0,0.0,,0.0,0.0,
C,MA-5132-519AA30,1.0,1,SKD105020,0.0,0.0,,0.0,0.0,,0.0,0.0,,0.0,0.0,,0.0,0.0,
C,MA-5132-519AA33,1.0,1,SKD105020,0.0,0.0,,0.0,0.0,,0.0,0.0,,0.0,0.0,,0.0,0.0,
C,MA-5207-513AA34,1.0,1,SKD6G2261,74.0,1000.0,SKD11022067,0.0,0.0,,0.0,0.0,,0.0,0.0,,0.0,0.0,
C,MA-5517-505AA38,1.0,1,SKD6G1556,62.0,1000.0,SKD11015067,0.0,0.0,,0.0,0.0,,0.0,0.0,,0.0,0.0,
C,MA-5520-569CA34,1.0,1,SKD6G2718,27.0,1000.0,SKD11027067,0.0,0.0,,0.0,0.0,,0.0,0.0,,0.0,0.0,
C,MA-5520-569CA38,1.0,1,SKD6G2718,27.0,1000.0,SKD11027067,0.0,0.0,,0.0,0.0,,0.0,0.0,,0.0,0.0,
C,MA-5528-614AA30,1.0,1,SKD6G1580,66.0,1000.0,SKD11015067,0.0,0.0,,0.0,0.0,,0.0,0.0,,0.0,0.0,
C,MA-5529-505AA34,1.0,1,SKD5Z1275,44.0,1000.0,SKD11012050,0.0,0.0,,0.0,0.0,,0.0,0.0,,0.0,0.0,
C,MA-5534-569BA38,1.0,1,SKD6Z1836,32.0,1000.0,SKD11018060,0.0,0.0,,0.0,0.0,,0.0,0.0,,0.0,0.0,
C,MA-5535-505AA48,1.0,1,SKD5Z1275,44.0,1000.0,SKD11012050,0.0,0.0,,0.0,0.0,,0.0,0.0,,0.0,0.0,
C,MA-5610-505AA30,1.0,1,SKD6G1565,54.0,1000.0,SKD11015067,0.0,0.0,,0.0,0.0,,0.0,0.0,,0.0,0.0,
C,MA-5610-505AA34,1.0,1,SKD6G1565,54.0,1000.0,SKD11015067,0.0,0.0,,0.0,0.0,,0.0,0.0,,0.0,0.0,
C,MA-603-621AL,1.0,1,SKD6G2235,43.0,1000.0,SKD11022067,0.0,0.0,,0.0,0.0,,0.0,0.0,,0.0,0.0,
C,MA-6101-627AA30,1.0,1,SKD6G1542,36.0,1000.0,SKD11015067,0.0,0.0,,0.0,0.0,,0.0,0.0,,0.0,0.0,
C,MA-6104-626AA38,1.0,1,SKD6G1542,36.0,1000.0,SKD11015067,0.0,0.0,,0.0,0.0,,0.0,0.0,,0.0,0.0,
C,MA-6206-627AB34,1.0,1,SKD6G1552,58.0,1000.0,SKD11015067,0.0,0.0,,0.0,0.0,,0.0,0.0,,0.0,0.0,
C,MA-6206-627BA34,1.0,1,SKD6G1552,58.0,1000.0,SKD11015067,0.0,0.0,,0.0,0.0,,0.0,0.0,,0.0,0.0,
C,MA-6207-627AA34,1.0,1,SKD6G1552,58.0,1000.0,SKD11015067,0.0,0.0,,0.0,0.0,,0.0,0.0,,0.0,0.0,
C,MA-6207-627BA34,1.0,1,SKD6G1552,58.0,1000.0,SKD11015067,0.0,0.0,,0.0,0.0,,0.0,0.0,,0.0,0.0,
C,MA-6209-505AA34,1.0,1,SKD6G1575,62.0,1000.0,SKD11015067,0.0,0.0,,0.0,0.0,,0.0,0.0,,0.0,0.0,
C,MA-6209-624AA34,1.0,1,SKD6G1552,58.0,1000.0,SKD11015067,0.0,0.0,,0.0,0.0,,0.0,0.0,,0.0,0.0,
C,MA-6210-505AA34,1.0,1,SKD6G1565,54.0,1000.0,SKD11015067,0.0,0.0,,0.0,0.0,,0.0,0.0,,0.0,0.0,
C,MA-6210-505BA34,1.0,1,SKD6G1565,54.0,1000.0,SKD11015067,0.0,0.0,,0.0,0.0,,0.0,0.0,,0.0,0.0,
C,MA-6210-505CA34,1.0,1,SKD8B2144,63.0,1000.0,SKD11021082,0.0,0.0,,0.0,0.0,,0.0,0.0,,0.0,0.0,
C,MA-6210-505DA34,1.0,1,SKD6G1565,54.0,1000.0,SKD11015067,0.0,0.0,,0.0,0.0,,0.0,0.0,,0.0,0.0,
C,MA-6210-505EA34,1.0,1,SKD8B2144,63.0,1000.0,SKD11021082,0.0,0.0,,0.0,0.0,,0.0,0.0,,0.0,0.0,
C,MA-6210-626AC34,1.0,1,SKD6G1542,36.0,1000.0,SKD11015067,0.0,0.0,,0.0,0.0,,0.0,0.0,,0.0,0.0,
C,MA-6210-626AD34,1.0,1,SKD6G1542,36.0,1000.0,SKD11015067,0.0,0.0,,0.0,0.0,,0.0,0.0,,0.0,0.0,
C,MA-6211-505AA34,1.0,1,SKD6G1565,54.0,1000.0,SKD11015067,0.0,0.0,,0.0,0.0,,0.0,0.0,,0.0,0.0,
C,MA-621-644L,1.0,1,SKD6G2250,61.0,1000.0,SKD11022067,0.0,0.0,,0.0,0.0,,0.0,0.0,,0.0,0.0,
C,MA-621-644M,1.0,1,SKD6G2550,69.0,1000.0,SKD11025067,0.0,0.0,,0.0,0.0,,0.0,0.0,,0.0,0.0,
C,MA-621-644T,1.0,1,SKD6G2250,61.0,1000.0,SKD11022067,0.0,0.0,,0.0,0.0,,0.0,0.0,,0.0,0.0,
C,MA-621-644V,1.0,1,SKD6G2250,61.0,1000.0,SKD11022067,0.0,0.0,,0.0,0.0,,0.0,0.0,,0.0,0.0,
C,MA-631-51830,1.0,1,SKD8B2950,98.0,1000.0,SKD11029082,0.0,0.0,,0.0,0.0,,0.0,0.0,,0.0,0.0,
C,MA-631-51926,1.0,1,SKD8B2940,78.0,1000.0,SKD11029082,0.0,0.0,,0.0,0.0,,0.0,0.0,,0.0,0.0,
C,MA-710-511,1.0,1,S6H3846,100.0,1000.0,SUJ3038068,0.0,0.0,,0.0,0.0,,0.0,0.0,,0.0,0.0,
C,MA-710-516,1.0,1,S6H3822,55.0,1000.0,SUJ3038068,0.0,0.0,,0.0,0.0,,0.0,0.0,,0.0,0.0,
C,MA-748-617AA30,1.0,1,SKD8E5048,168.0,1000.0,SKD11050085,0.0,0.0,,0.0,0.0,,0.0,0.0,,0.0,0.0,
C,MA-956-68130,1.0,1,SKD6G7555,227.0,1000.0,SKD11075067,0.0,0.0,,0.0,0.0,,0.0,0.0,,0.0,0.0,
C,MA-956-684D30,1.0,1,SKD6G7595,392.0,1000.0,SKD11075067,0.0,0.0,,0.0,0.0,,0.0,0.0,,0.0,0.0,
C,MA-956-685D30,1.0,1,SKD6G75125,516.0,1000.0,SKD11075067,0.0,0.0,,0.0,0.0,,0.0,0.0,,0.0,0.0,
C,MA-956-686D30,1.0,1,SKD6G7595,392.0,1000.0,SKD11075067,0.0,0.0,,0.0,0.0,,0.0,0.0,,0.0,0.0,
C,MA-956-687EA30,1.0,1,SKD6G7555,227.0,1000.0,SKD11075067,0.0,0.0,,0.0,0.0,,0.0,0.0,,0.0,0.0,
C,MA-956-69130,1.0,1,SKD6G3575,145.0,1000.0,SKD11035067,0.0,0.0,,0.0,0.0,,0.0,0.0,,0.0,0.0,
C,MA-956-69134,1.0,1,SKD6G3575,145.0,1000.0,SKD11035067,0.0,0.0,,0.0,0.0,,0.0,0.0,,0.0,0.0,
C,MA-960-505AA32,1.0,1,SKD5Z1258,30.0,1000.0,SKD11012050,0.0,0.0,,0.0,0.0,,0.0,0.0,,0.0,0.0,
C,MA-B336-505BA34,1.0,1,SKD5Z1252,26.0,1000.0,SKD11012050,0.0,0.0,,0.0,0.0,,0.0,0.0,,0.0,0.0,
C,MA-E272-627AA30,1.0,1,SKD6G2720,30.0,1000.0,SKD11027067,0.0,0.0,,0.0,0.0,,0.0,0.0,,0.0,0.0,
C,MA-KS51-00302AA30,1.0,1,SKD6G2545,62.0,1000.0,SKD11025067,0.0,0.0,,0.0,0.0,,0.0,0.0,,0.0,0.0,
C,MA-SPL-1121J,1.0,1,SKD6G2523,32.0,1000.0,SKD11025067,0.0,0.0,,0.0,0.0,,0.0,0.0,,0.0,0.0,
C,MA-SPL-1121PA,1.0,1,SKD6G2723,35.0,1000.0,SKD11027067,0.0,0.0,,0.0,0.0,,0.0,0.0,,0.0,0.0,
C,MA-SPL-1121QA,1.0,1,SKD6G2720,30.0,1000.0,SKD11027067,0.0,0.0,,0.0,0.0,,0.0,0.0,,0.0,0.0,
C,MA-SPL-1531AA,1.0,1,SKD6G1535,41.0,1000.0,SKD11015067,0.0,0.0,,0.0,0.0,,0.0,0.0,,0.0,0.0,
C,MA-SPL-1531BA,1.0,1,SKD6G1535,41.0,1000.0,SKD11015067,0.0,0.0,,0.0,0.0,,0.0,0.0,,0.0,0.0,
C,MA-SPL-1644AA,1.0,1,SKD6G1535,41.0,1000.0,SKD11015067,0.0,0.0,,0.0,0.0,,0.0,0.0,,0.0,0.0,
C,MA-SPL-1681KA30,1.0,1,SKD6G2525,35.0,1000.0,SKD11025067,0.0,0.0,,0.0,0.0,,0.0,0.0,,0.0,0.0,
C,MA-SPL-1681LA30,1.0,1,SKD6G2538,53.0,1000.0,SKD11025067,0.0,0.0,,0.0,0.0,,0.0,0.0,,0.0,0.0,
C,MA-SPL-1681PA30,1.0,1,SKD6G2520,28.0,1000.0,SKD11025067,0.0,0.0,,0.0,0.0,,0.0,0.0,,0.0,0.0,
C,MA-SPL-1681QA30,1.0,1,SKD8B2140,57.0,1000.0,SKD11021082,0.0,0.0,,0.0,0.0,,0.0,0.0,,0.0,0.0,
C,MA-SPL-1681WA30,1.0,1,SKD8B2140,57.0,1000.0,SKD11021082,0.0,0.0,,0.0,0.0,,0.0,0.0,,0.0,0.0,
C,MA-SPL-1819AA18,1.0,1,S6H3822,55.0,1000.0,SUJ3038068,0.0,0.0,,0.0,0.0,,0.0,0.0,,0.0,0.0,
C,MA-SPL-1855AA30,1.0,1,SKD5E2515,17.0,1000.0,SKD11025055,0.0,0.0,,0.0,0.0,,0.0,0.0,,0.0,0.0,
C,MA-SPL-1911BA33,1.0,1,SKD8B2125,36.0,1000.0,SKD11021082,0.0,0.0,,0.0,0.0,,0.0,0.0,,0.0,0.0,
C,MA-SPL-1920AA,1.0,1,SKD5E2520,26.0,1000.0,SKD11025055,0.0,0.0,,0.0,0.0,,0.0,0.0,,0.0,0.0,
C,MA-SPL-1920BA,1.0,1,SKD6G2227,33.0,1000.0,SKD11022067,0.0,0.0,,0.0,0.0,,0.0,0.0,,0.0,0.0,
C,MA-SPL-2180BA30,1.0,1,SKD6E3527,33.0,1000.0,SKD11035065,0.0,0.0,,0.0,0.0,,0.0,0.0,,0.0,0.0,
C,MA-SPL-2180EA,1.0,1,SKD5E2532,38.0,1000.0,SKD11025055,0.0,0.0,,0.0,0.0,,0.0,0.0,,0.0,0.0,
C,MA-SPL-2182BA30,1.0,1,SKD6E3527,33.0,1000.0,SKD11035065,0.0,0.0,,0.0,0.0,,0.0,0.0,,0.0,0.0,
C,MA-SPL-2182CA30,1.0,1,SKD6G2242,51.0,1000.0,SKD11022067,0.0,0.0,,0.0,0.0,,0.0,0.0,,0.0,0.0,
C,MA-SPL-2182DA30,1.0,1,SKD6E3560,117.0,1000.0,SKD11035065,0.0,0.0,,0.0,0.0,,0.0,0.0,,0.0,0.0,
C,MA-SPL-2182FA30,1.0,1,SKD6G1556,62.0,1000.0,SKD11015067,0.0,0.0,,0.0,0.0,,0.0,0.0,,0.0,0.0,
C,MA-SPL-2182GA30,1.0,1,SKD6G1556,62.0,1000.0,SKD11015067,0.0,0.0,,0.0,0.0,,0.0,0.0,,0.0,0.0,
C,MA-SPL-2182JA30,1.0,1,SKD6E3540,87.0,1000.0,SKD11035065,0.0,0.0,,0.0,0.0,,0.0,0.0,,0.0,0.0,
C,MA-SPL-2209AA33,1.0,1,SKD5E2538,45.0,1000.0,SKD11025055,0.0,0.0,,0.0,0.0,,0.0,0.0,,0.0,0.0,
C,MA-SPL-2209BA33,1.0,1,SKD6G2234,42.0,1000.0,SKD11022067,0.0,0.0,,0.0,0.0,,0.0,0.0,,0.0,0.0,
C,MA-SPL-948C,1.0,1,SKD6G2538,53.0,1000.0,SKD11025067,0.0,0.0,,0.0,0.0,,0.0,0.0,,0.0,0.0,
C,MA-TS-2545A,1.0,1,S6H2630P,55.0,1000.0,SUJ3038068,0.0,0.0,,0.0,0.0,,0.0,0.0,,0.0,0.0,
C,MA-TS-2692A,1.0,1,SKD6G2723,35.0,1000.0,SKD11027067,0.0,0.0,,0.0,0.0,,0.0,0.0,,0.0,0.0,
C,MA-TS-2692B,1.0,1,SKD6G2720,30.0,1000.0,SKD11027067,0.0,0.0,,0.0,0.0,,0.0,0.0,,0.0,0.0,
C,MA-TS-2698A,1.0,1,SKD7Z3032,56.0,1000.0,SKD11030070,0.0,0.0,,0.0,0.0,,0.0,0.0,,0.0,0.0,
C,MA-TS-2760A,1.0,1,SKD6G2720,30.0,1000.0,SKD11027067,0.0,0.0,,0.0,0.0,,0.0,0.0,,0.0,0.0,
C,MA-TS-2779FC,1.0,1,SKD6G4730,78.0,1000.0,SKD11047067,0.0,0.0,,0.0,0.0,,0.0,0.0,,0.0,0.0,
C,MA-TS-2965A,1.0,1,SKD8E5018,63.0,1000.0,SKD11050085,0.0,0.0,,0.0,0.0,,0.0,0.0,,0.0,0.0,
C,MA-TS-3165AA,1.0,1,SKD6G2522,31.0,1000.0,SKD11025067,0.0,0.0,,0.0,0.0,,0.0,0.0,,0.0,0.0,
C,MA-TS-3174BA,1.0,1,SKD131345,0.0,0.0,,0.0,0.0,,0.0,0.0,,0.0,0.0,,0.0,0.0,
C,MA-TS-3237GA38,1.0,1,SKD5E3022,30.0,1000.0,SKD11030055,0.0,0.0,,0.0,0.0,,0.0,0.0,,0.0,0.0,
C,MA-TS-3301AA,1.0,1,SKD6G2222,27.0,1000.0,SKD11022067,0.0,0.0,,0.0,0.0,,0.0,0.0,,0.0,0.0,
C,MA-TS-3301BA,1.0,1,SKD6G2222,27.0,1000.0,SKD11022067,0.0,0.0,,0.0,0.0,,0.0,0.0,,0.0,0.0,
C,MA-TS-3301DA,1.0,1,SKD8B2144,63.0,1000.0,SKD11021082,0.0,0.0,,0.0,0.0,,0.0,0.0,,0.0,0.0,
C,MA-TS-3338HA,1.0,1,SKD8B2944,86.0,1000.0,SKD11029082,0.0,0.0,,0.0,0.0,,0.0,0.0,,0.0,0.0,
C,MA-TS-3342AA,1.0,1,SKD5E2230,30.0,1000.0,SKD11022055,0.0,0.0,,0.0,0.0,,0.0,0.0,,0.0,0.0,
C,MA-TS-3342BA,1.0,1,SKD5E2230,30.0,1000.0,SKD11022055,0.0,0.0,,0.0,0.0,,0.0,0.0,,0.0,0.0,
C,MA-TS-3362HA,1.0,1,SKD8B2920,39.0,1000.0,SKD11029082,0.0,0.0,,0.0,0.0,,0.0,0.0,,0.0,0.0,
C,MA-TS-3363CC,1.0,1,SKD6G2515,21.0,1000.0,SKD11025067,0.0,0.0,,0.0,0.0,,0.0,0.0,,0.0,0.0,
C,MA-TS-3363DB,1.0,1,SKD6G2220,26.0,1000.0,SKD11022067,0.0,0.0,,0.0,0.0,,0.0,0.0,,0.0,0.0,
C,MA-TS-3457AA,1.0,1,SKD8B2140,57.0,1000.0,SKD11021082,0.0,0.0,,0.0,0.0,,0.0,0.0,,0.0,0.0,
C,NC-3139-511AA30-NC-MADE,1.0,1,SKD6G2532,45.0,1000.0,SKD11025067,0.0,0.0,,0.0,0.0,,0.0,0.0,,0.0,0.0,
C,NC-3139-511AA34-NC-MADE,1.0,1,SKD6G2532,45.0,1000.0,SKD11025067,0.0,0.0,,0.0,0.0,,0.0,0.0,,0.0,0.0,
C,NC-5154-611AA30-ALL,45.0,1000,SKD11025067,0.0,0.0,,0.0,0.0,,0.0,0.0,,0.0,0.0,,0.0,0.0,
C,NC-5154-611AA34-ALL,45.0,1000,SKD11025067,0.0,0.0,,0.0,0.0,,0.0,0.0,,0.0,0.0,,0.0,0.0,
C,NC-5154-612AA30-ALL,45.0,1000,SKD11025067,0.0,0.0,,0.0,0.0,,0.0,0.0,,0.0,0.0,,0.0,0.0,
C,NC-5154-612AA34-ALL,45.0,1000,SKD11025067,0.0,0.0,,0.0,0.0,,0.0,0.0,,0.0,0.0,,0.0,0.0,
C,NC-5154-615AA30-ALL,45.0,1000,SKD11025067,0.0,0.0,,0.0,0.0,,0.0,0.0,,0.0,0.0,,0.0,0.0,
C,NC-5154-615AA34-ALL,45.0,1000,SKD11025067,0.0,0.0,,0.0,0.0,,0.0,0.0,,0.0,0.0,,0.0,0.0,
C,NC-5154-615AA36-ALL,45.0,1000,SKD11025067,0.0,0.0,,0.0,0.0,,0.0,0.0,,0.0,0.0,,0.0,0.0,
C,NC-5154-616AA30-ALL,45.0,1000,SKD11025067,0.0,0.0,,0.0,0.0,,0.0,0.0,,0.0,0.0,,0.0,0.0,
C,NC-5154-616AA34-ALL,45.0,1000,SKD11025067,0.0,0.0,,0.0,0.0,,0.0,0.0,,0.0,0.0,,0.0,0.0,
C,NC-5154-616AA36-ALL,45.0,1000,SKD11025067,0.0,0.0,,0.0,0.0,,0.0,0.0,,0.0,0.0,,0.0,0.0,
C,NC-5154-621AA36-ALL,45.0,1000,SKD11025067,0.0,0.0,,0.0,0.0,,0.0,0.0,,0.0,0.0,,0.0,0.0,
C,NC-5154-622AA36-ALL,45.0,1000,SKD11025067,0.0,0.0,,0.0,0.0,,0.0,0.0,,0.0,0.0,,0.0,0.0,
C,SKD9.0X50X32,61.0,1000,SKD11030070,0.0,0.0,,0.0,0.0,,0.0,0.0,,0.0,0.0,,0.0,0.0,
C,SKD6.15X75X160,660.0,1000,SKD11075067,0.0,0.0,,0.0,0.0,,0.0,0.0,,0.0,0.0,,0.0,0.0,
1,13-418B,1.0,1,MC-13-418B,90.0,1000.0,SKD11-16X16-R-STOCK,0.0,0.0,,0.0,0.0,,0.0,0.0,,0.0,0.0,
C,6105-622AB36-M2,1.0,1,SKD6G4744,114.0,1000.0,SKD11047067,0.0,0.0,,0.0,0.0,,0.0,0.0,,0.0,0.0,
C,6105-622AB42-M2,1.0,1,SKD6G4744,114.0,1000.0,SKD11047067,0.0,0.0,,0.0,0.0,,0.0,0.0,,0.0,0.0,
C,4115-617AA32-M1,1.0,1,SKD105054,0.0,0.0,,0.0,0.0,,0.0,0.0,,0.0,0.0,,0.0,0.0,
C,SKD6E3553,100.0,1000,SKD11035065,0.0,0.0,,0.0,0.0,,0.0,0.0,,0.0,0.0,,0.0,0.0,
C,SKD6E3553-CUT-ONLY,100.0,1000,SKD11035065,0.0,0.0,,0.0,0.0,,0.0,0.0,,0.0,0.0,,0.0,0.0,
C,SKD6G1852,52.0,1000,SKD11018067,0.0,0.0,,0.0,0.0,,0.0,0.0,,0.0,0.0,,0.0,0.0,
C,SKD6G1852-CUT-ONLY,52.0,1000,SKD11018067,0.0,0.0,,0.0,0.0,,0.0,0.0,,0.0,0.0,,0.0,0.0,
C,SKD6G2585,118.0,1000,SKD11025067,0.0,0.0,,0.0,0.0,,0.0,0.0,,0.0,0.0,,0.0,0.0,
C,5108-512AA30-M1-XDF,1.0,1,SKD6G2218,24.0,1000.0,SKD11022067,0.0,0.0,,0.0,0.0,,0.0,0.0,,0.0,0.0,
C,NC-3153-611AA32-KY-TEMP1,111.0,1000,SKD11040085,0.0,0.0,,0.0,0.0,,0.0,0.0,,0.0,0.0,,0.0,0.0,
C,NC-3153-611AA26-KY-TEMP1,111.0,1000,SKD11040085,0.0,0.0,,0.0,0.0,,0.0,0.0,,0.0,0.0,,0.0,0.0,
C,NC-3153-611AA26-KY-TEMP10,111.0,1000,SKD11040085,0.0,0.0,,0.0,0.0,,0.0,0.0,,0.0,0.0,,0.0,0.0,
C,NC-3153-611AA26-KY-TEMP11,111.0,1000,SKD11040085,0.0,0.0,,0.0,0.0,,0.0,0.0,,0.0,0.0,,0.0,0.0,
C,NC-3153-611AA26-KY-TEMP12,111.0,1000,SKD11040085,0.0,0.0,,0.0,0.0,,0.0,0.0,,0.0,0.0,,0.0,0.0,
C,NC-3153-611AA26-KY-TEMP13,111.0,1000,SKD11040085,0.0,0.0,,0.0,0.0,,0.0,0.0,,0.0,0.0,,0.0,0.0,
C,NC-3153-611AA26-KY-TEMP14,111.0,1000,SKD11040085,0.0,0.0,,0.0,0.0,,0.0,0.0,,0.0,0.0,,0.0,0.0,
C,NC-3153-611AA26-KY-TEMP15,111.0,1000,SKD11040085,0.0,0.0,,0.0,0.0,,0.0,0.0,,0.0,0.0,,0.0,0.0,
C,NC-3153-611AA26-KY-TEMP2,111.0,1000,SKD11040085,0.0,0.0,,0.0,0.0,,0.0,0.0,,0.0,0.0,,0.0,0.0,
C,NC-3153-611AA26-KY-TEMP3,111.0,1000,SKD11040085,0.0,0.0,,0.0,0.0,,0.0,0.0,,0.0,0.0,,0.0,0.0,
C,NC-3153-611AA26-KY-TEMP4,111.0,1000,SKD11040085,0.0,0.0,,0.0,0.0,,0.0,0.0,,0.0,0.0,,0.0,0.0,
C,NC-3153-611AA26-KY-TEMP5,111.0,1000,SKD11040085,0.0,0.0,,0.0,0.0,,0.0,0.0,,0.0,0.0,,0.0,0.0,
C,NC-3153-611AA26-KY-TEMP6,111.0,1000,SKD11040085,0.0,0.0,,0.0,0.0,,0.0,0.0,,0.0,0.0,,0.0,0.0,
C,NC-3153-611AA26-KY-TEMP7,111.0,1000,SKD11040085,0.0,0.0,,0.0,0.0,,0.0,0.0,,0.0,0.0,,0.0,0.0,
C,NC-3153-611AA26-KY-TEMP8,111.0,1000,SKD11040085,0.0,0.0,,0.0,0.0,,0.0,0.0,,0.0,0.0,,0.0,0.0,
C,NC-3153-611AA26-KY-TEMP9,111.0,1000,SKD11040085,0.0,0.0,,0.0,0.0,,0.0,0.0,,0.0,0.0,,0.0,0.0,
1,SPL-2721AA,1.0,1,165-209BA-TEMP,0.0,0.0,,0.0,0.0,,0.0,0.0,,0.0,0.0,,0.0,0.0,
C,NC-3153-611AA28-KY-TEMP1,111.0,1000,SKD11040085,0.0,0.0,,0.0,0.0,,0.0,0.0,,0.0,0.0,,0.0,0.0,
C,NC-3153-611AA28-KY-TEMP10,111.0,1000,SKD11040085,0.0,0.0,,0.0,0.0,,0.0,0.0,,0.0,0.0,,0.0,0.0,
C,NC-3153-611AA28-KY-TEMP2,111.0,1000,SKD11040085,0.0,0.0,,0.0,0.0,,0.0,0.0,,0.0,0.0,,0.0,0.0,
C,NC-3153-611AA28-KY-TEMP3,111.0,1000,SKD11040085,0.0,0.0,,0.0,0.0,,0.0,0.0,,0.0,0.0,,0.0,0.0,
C,NC-3153-611AA28-KY-TEMP4,111.0,1000,SKD11040085,0.0,0.0,,0.0,0.0,,0.0,0.0,,0.0,0.0,,0.0,0.0,
C,NC-3153-611AA28-KY-TEMP5,111.0,1000,SKD11040085,0.0,0.0,,0.0,0.0,,0.0,0.0,,0.0,0.0,,0.0,0.0,
C,NC-3153-611AA28-KY-TEMP6,111.0,1000,SKD11040085,0.0,0.0,,0.0,0.0,,0.0,0.0,,0.0,0.0,,0.0,0.0,
C,NC-3153-611AA28-KY-TEMP7,111.0,1000,SKD11040085,0.0,0.0,,0.0,0.0,,0.0,0.0,,0.0,0.0,,0.0,0.0,
C,NC-3153-611AA28-KY-TEMP8,111.0,1000,SKD11040085,0.0,0.0,,0.0,0.0,,0.0,0.0,,0.0,0.0,,0.0,0.0,
C,NC-3153-611AA28-KY-TEMP9,111.0,1000,SKD11040085,0.0,0.0,,0.0,0.0,,0.0,0.0,,0.0,0.0,,0.0,0.0,
C,3538-511AA30-M1-XDF,1.0,1,SKD6G2515,21.0,1000.0,SKD11025067,0.0,0.0,,0.0,0.0,,0.0,0.0,,0.0,0.0,
C,NC-3153-611AA36-KY-TEMP10,111.0,1000,SKD11040085,0.0,0.0,,0.0,0.0,,0.0,0.0,,0.0,0.0,,0.0,0.0,
C,NC-3153-611AA36-KY-TEMP11,111.0,1000,SKD11040085,0.0,0.0,,0.0,0.0,,0.0,0.0,,0.0,0.0,,0.0,0.0,
C,NC-3153-611AA36-KY-TEMP12,111.0,1000,SKD11040085,0.0,0.0,,0.0,0.0,,0.0,0.0,,0.0,0.0,,0.0,0.0,
C,NC-3153-611AA36-KY-TEMP13,111.0,1000,SKD11040085,0.0,0.0,,0.0,0.0,,0.0,0.0,,0.0,0.0,,0.0,0.0,
C,NC-3153-611AA36-KY-TEMP14,111.0,1000,SKD11040085,0.0,0.0,,0.0,0.0,,0.0,0.0,,0.0,0.0,,0.0,0.0,
C,NC-3153-611AA36-KY-TEMP15,111.0,1000,SKD11040085,0.0,0.0,,0.0,0.0,,0.0,0.0,,0.0,0.0,,0.0,0.0,
C,SKD6.0X27X38,57.0,1000,SKD11027067,0.0,0.0,,0.0,0.0,,0.0,0.0,,0.0,0.0,,0.0,0.0,
C,NC-3153-611AA26-KY-TEMP16,111.0,1000,SKD11040085,0.0,0.0,,0.0,0.0,,0.0,0.0,,0.0,0.0,,0.0,0.0,
C,NC-3153-611AA26-KY-TEMP17,111.0,1000,SKD11040085,0.0,0.0,,0.0,0.0,,0.0,0.0,,0.0,0.0,,0.0,0.0,
C,NC-3153-611AA26-KY-TEMP18,111.0,1000,SKD11040085,0.0,0.0,,0.0,0.0,,0.0,0.0,,0.0,0.0,,0.0,0.0,
C,NC-3153-611AA26-KY-TEMP19,111.0,1000,SKD11040085,0.0,0.0,,0.0,0.0,,0.0,0.0,,0.0,0.0,,0.0,0.0,
C,NC-3153-611AA26-KY-TEMP20,111.0,1000,SKD11040085,0.0,0.0,,0.0,0.0,,0.0,0.0,,0.0,0.0,,0.0,0.0,
C,SKD8.9X50X10-SW+G,60.0,1000,SKD11-10X50-R-STOCK,0.0,0.0,,0.0,0.0,,0.0,0.0,,0.0,0.0,,0.0,0.0,
C,SKD9.0X50X46,1.0,1,SKD105046-KAJIWARA,0.0,0.0,,0.0,0.0,,0.0,0.0,,0.0,0.0,,0.0,0.0,
C,MA-B336-505AA48,1.0,1,SKD5Z1285,50.0,1000.0,SKD11012050,0.0,0.0,,0.0,0.0,,0.0,0.0,,0.0,0.0,
C,MA-5534-505AA38,30.0,1000,SKD11012050,0.0,0.0,,0.0,0.0,,0.0,0.0,,0.0,0.0,,0.0,0.0,
C,MA-3558-505AA34,44.0,1000,SKD11012050,0.0,0.0,,0.0,0.0,,0.0,0.0,,0.0,0.0,,0.0,0.0,
C,SKD8E3025-SW+M-IT,68.0,1000,SKD11040085,0.0,0.0,,0.0,0.0,,0.0,0.0,,0.0,0.0,,0.0,0.0,
C,SKD8E3030-SW+M-IT,82.0,1000,SKD11040085,0.0,0.0,,0.0,0.0,,0.0,0.0,,0.0,0.0,,0.0,0.0,
C,SKD8E3035-SW+M-IT,95.0,1000,SKD11040085,0.0,0.0,,0.0,0.0,,0.0,0.0,,0.0,0.0,,0.0,0.0,
C,MA-5534-505BA38,20.0,1000,SKD11012050,0.0,0.0,,0.0,0.0,,0.0,0.0,,0.0,0.0,,0.0,0.0,
C,MA-3554-505AA34,18.0,1000,SKD11012050,0.0,0.0,,0.0,0.0,,0.0,0.0,,0.0,0.0,,0.0,0.0,
C,MA-3538-505AA24,33.0,1000,SKD11012050,0.0,0.0,,0.0,0.0,,0.0,0.0,,0.0,0.0,,0.0,0.0,
C,MA-3660-505AA30,33.0,1000,SKD11012050,0.0,0.0,,0.0,0.0,,0.0,0.0,,0.0,0.0,,0.0,0.0,
C,MA-3538-505BA34,33.0,1000,SKD11012050,0.0,0.0,,0.0,0.0,,0.0,0.0,,0.0,0.0,,0.0,0.0,
C,MA-826-505AA30,21.0,1000,SKD11012050,0.0,0.0,,0.0,0.0,,0.0,0.0,,0.0,0.0,,0.0,0.0,
C,MA-810-542CA30,45.0,1000,SKD11022067,0.0,0.0,,0.0,0.0,,0.0,0.0,,0.0,0.0,,0.0,0.0,
C,SKD6.65X21X65　,92.0,1000,SKD11021082,0.0,0.0,,0.0,0.0,,0.0,0.0,,0.0,0.0,,0.0,0.0,
C,MA-5521-505AA24,23.0,1000,SKD11012050,0.0,0.0,,0.0,0.0,,0.0,0.0,,0.0,0.0,,0.0,0.0,
C,MA-5545-505AA30,18.0,1000,SKD11012050,0.0,0.0,,0.0,0.0,,0.0,0.0,,0.0,0.0,,0.0,0.0,
C,MA-5517-622AA38,1.0,1,SKD6G1542,36.0,1000.0,SKD11015067,0.0,0.0,,0.0,0.0,,0.0,0.0,,0.0,0.0,
