完成部番,作成日,受付日
00-1160AA,20150620,20130417
DC-3903,20150620,20150325
E-23101AC,20150620,20100315
ES64-01001BB,20150620,20150128
G-2924BA,20150620,20080502
K-19203BC-1,20220621,20201205
K-19203BC-2,20220621,20201205
K-19203BC-3,20220621,20201205
K-19203BC-4,20220621,20201205
K-19203BC-5,20220621,20201205
K-19203BC-6,20220621,20201205
K-30701BA,20150902,20131011
K-30702EA,20150902,20131011
K-30706BA26,20150902,20100608
K-30716CA36,20150902,20131011
K-30717HA36,20150902,20131011
KD50-00103AA,20150902,20070301
KD50-00103AB,20150902,20070802
KD50-00104AA,20150902,20070226
KD50-00104AB,20150902,20070802
KD53-00401AA,20150620,20051014
KD53-00401AC,20150620,20070226
KD53-00401BC,20150620,20070226
KD53-00401CC,20150620,20070226
KD53-00403AC,20150902,20090209
KD61-00101AA,20150620,20051014
KD61-00101AC,20150620,20070226
KD61-00101BC,20150620,20070226
KD61-00101CC,20150620,20070226
KD64-00801AB,20150902,20091005
KD64-00801BB,20150902,20091005
KD64-00802AB,20150902,20091005
KD64-01108CC,20150902,20070320
KD64-01108CD,20150620,20130722
KD64-01112CB,20150902,20080229
KD64-01113CB,20150902,20071015
KD64-01114CB,20150902,20071015
KD64-01115CB,20150902,20071015
KD64-01116CB,20150902,20071015
KD64-01118CB,20150902,20071015
KD64-01627AA,20150902,20060925
KD64-01627AB,20150902,20141219
KD64-01627BB,20150902,20150219
KD64-01627CB,20150902,20140109
KD64-01627DA,20150902,20150128
KD64-01627DB,20150902,20141105
KD64-01627EB,20150902,20150128
KD64-01627FB,20150902,20141219
KD64-01627GA,20150902,20150219
KD64-01627HA,20150902,20130812
KD64-01808CA,20150902,20140710
KD64-01808EA,20150902,20140225
KD64-01820CA,20150902,20111017
KD64-01820DA,20150902,20120328
KD64-01821CA,20150902,20111017
KD64-01821DA,20150902,20120328
KF20-01313EA1240,20160315,20120919
KF20-05016AA,20150902,20141201
KF20-05018AA,20150902,20141201
KF20-08304AC,20220705,20210707
KF43-00101AA,20150620,20130927
KF43-00102AA,20150620,20130927
KF43-00103AA,20150620,20130927
KF43-00201AA,20150620,20130927
KF43-00202AA,20150620,20130927
KF77-00402BA,20150620,20120308
KS60-00101AA,20150902,20120206
KS61-00106AA,20150902,20110913
KS61-00106BA,20150902,20110913
KS64-00404AB,20150902,20090325
KS64-00404DB,20150902,20090330
KS64-00405GA,20150902,20090325
KS64-00405JA,20150902,20120412
KS64-00406EA,20150902,20131011
KS64-00415EA,20150902,20131011
KS64-00423AA,20150902,20090325
KS64-00423EA,20150620,20131011
KS64-00425CA,20150620,20111205
KS64-00425EA,20150620,20131011
KS64-01308BA,20150902,20070222
KS64-01308BB,20150902,20090715
KS64-01308CB,20150902,20080208
KS64-01312BA,20150902,20090715
KS64-01312CA,20150902,20080208
KS64-01313BB,20150826,20140709
KS64-01313CB,20150826,20140709
KS64-01313GA,20150826,20140709
KS64-01318CA,20150902,20060508
KS64-01627AB,20150902,20150128
KS64-01627BA,20150902,20150128
KS64-01901CB,20150826,20140709
KS64-01901GA,20150826,20140709
KS64-01902CB,20150826,20140709
KS64-01902GA,20150826,20140709
KS64-01903CB,20150826,20140709
KS64-01903GA,20150826,20140709
KS64-01904CB,20150826,20140709
KS64-01904GA,20150826,20140709
KS64-01905CB,20150826,20140709
KS64-01905GA,20150826,20140709
KS64-01906CB,20150826,20140709
KS64-01906GA,20150826,20140709
KS64-01907CB,20150826,20140709
KS64-01907GA,20150826,20140709
KS64-01908AA,20150902,20091126
KS64-01908BA,20150902,20070217
KS64-01908BB,20150620,20080603
KS64-01908CA,20150902,20070126
KS64-01908CB,20150620,20130628
KS64-01908HA,20150902,20150529
KS64-01908JA,20150902,20140613
KS64-01909CB,20150826,20140709
KS64-01909GA,20150826,20140709
KS64-01910CC,20150826,20140709
KS64-01910GA,20150826,20140709
KS64-01911CC,20150826,20140709
KS64-01911GA,20150826,20140709
KS64-01912AA,20150902,20091126
KS64-01912BA,20150902,20100223
KS64-01912CA,20150902,20100409
KS64-01912FA,20150902,20140801
KS64-01914BB,20150826,20140709
KS64-01914FA,20150826,20140709
KS64-01914KB,20150826,20140709
KS64-01915BB,20150826,20140709
KS64-01915CB,20150826,20140709
KS64-01915GA,20150826,20140709
KS64-01919BA,20150902,20100909
KS64-01919HA,20150902,20140801
KS64-01919MA,20150902,20140613
KS64-01920AA,20150902,20091105
KS64-01920BA,20150902,20100909
KS64-01920CA,20150902,20100629
KS64-01920FA,20150902,20140801
KS64-01920GA,20150902,20140613
KS64-02401AA,20150620,20051227
KS64-02401AB,20150620,20140225
KS64-02401CA,20150620,20090325
KS64-02401DA,20150620,20131011
KS64-02401FA,20150620,20120412
KS64-02402AA,20150620,20051227
KS64-02402AB,20150620,20140225
KS64-02402CA,20150620,20090325
KS64-02402DA,20150620,20131011
KS64-02402EA,20150620,20110609
KS64-02402FA,20150620,20120412
KS64-02403AA,20150620,20051227
KS64-02403AB,20150620,20060925
KS64-02403AC,20150620,20140225
KS64-02403CA,20150620,20090325
KS64-02403DA,20150620,20131011
KS64-02403EA,20150620,20110609
KS64-02403FA,20150620,20120412
KS64-02404AA,20150620,20090420
KS64-02404AB,20150620,20140225
KS64-02404BA,20150620,20080722
KS64-02404BB,20150620,20131011
KS64-02404CA,20150620,20090325
KS64-02404DA,20150620,20131011
KS64-02404EA,20150620,20110609
KS64-02404FA,20150620,20120412
KS64-02405AB,20150620,20140225
KS64-02405CA,20150620,20090325
KS64-02405DA,20150620,20131011
KS64-02405EA,20150620,20120412
KS64-02501BA,20150902,20131011
SPL-2388BA,20150620,20110819
SPL-2388BB,20150620,20111208
SPL-2456CB,20190524,20121217
2172-276AA,20240607,20190607
2172-276BA,20240607,20190607
2172-277AA,20240607,20190607
K-26719EA,20240819,20130415
105-420AB48,20150620,20130124
00-1090AA30,20150904,20140812
3554-511AA30-M1,20150904,20120402
3554-512AA-M1,20150904,20120402
3554-512CA-M1,20150904,20120402
3554-513AA-M1,20150904,20120402
3554-514AA30-M1,20150904,20120402
3554-515AA30-M1,20150904,20120402
3554-517AA30-M1,20150904,20120402
3554-518AA30-M1,20150904,20120402
3554-519AA30-M1,20150904,20120402
3554-520AA30-M1,20150904,20120402
3554-521AA30-M1,20150904,20120402
3554-522AA30-M1,20150904,20120402
3554-523AA30-M1,20150904,20120402
3554-524AA30-M1,20150904,20120402
3554-525AA30-M1,20150904,20120402
3554-591AA30-M1,20150904,20120402
3554-592AA30-M1,20150904,20120402
3554-593AA30-M1,20150904,20120402
3554-611AA30-M1,20150904,20120402
3554-612AA30-M1,20150904,20120402
3554-613AA30-M1,20150904,20120402
3554-614AA30-M1,20150904,20120402
3554-614BA30-M1,20150904,20120402
3554-615AA30-M1,20150904,20120402
3554-616AA30-M1,20150904,20120402
3656-512AA30-M1,20150904,20120402
3656-513AA30-M1,20150904,20120402
3656-516AA30-M1,20150904,20120402
3656-517AA30-M1,20150904,20120402
3656-518AA30-M1,20150904,20120402
3656-519AA30-M1,20150904,20120402
3656-522AA30-M1,20150904,20120402
3656-524AA30-M1,20150904,20120402
3656-525AA30-M1,20150904,20120402
3656-566AA30-M1,20150904,20120402
3656-566CA30-M1,20150904,20120402
3656-570BA30-M1,20150904,20120402
3656-591AA30-M1,20150904,20120402
3656-592AA30-M1,20150904,20120402
3656-593AA30-M1,20150904,20120402
3656-611AA30-M1,20150904,20120402
3656-612AA30-M1,20150904,20120402
5212-653AA34-M1,20150904,20130424
5532-569AA34-M1,20150904,20131227
5532-570BA34-M1,20150904,20131227
3538-569AB30-M1,20160604,20140127
3538-569BB30-M1,20160604,20140127
279-513A33,20211218,20140401
279-619A33,20211218,20140401
3139-511AA30,20211218,20150310
3139-511AA34,20211218,20131129
3139-512AA30,20211218,20150310
3139-512AA34,20211218,20131217
3139-513AA30,20211218,20150310
3139-513AA34,20211218,20131217
3139-611AA30,20211218,20061012
3139-611BA30,20211218,20061012
3139-612AA30,20211218,20061012
3139-612BA30,20211218,20061012
3153-511AA30,20211218,20140602
3153-512AA30,20211218,20140807
3153-512BA30,20211218,20150310
3153-513AA30,20211218,20140807
3153-513BA30,20211218,20150310
3153-513CA30,20211218,20150310
3164-511AB30,20211218,20200523
3164-513AB30,20211218,20190509
3164-515AB30,20211218,20190509
3164-515BB30,20211218,20190509
3166-591AA,20211218,20210109
3650-512AB30,20211218,20120720
4115-511AA34,20211218,20150218
4115-512AA30,20211218,20150218
4115-513AA30,20211218,20150218
4115-514AA30,20211218,20150218
4115-611AA30,20211218,20150107
4117-531AB34,20211218,20170729
4117-532AB30,20211218,20170408
4117-532BB30,20211218,20170408
4117-533AB30,20211218,20170729
4117-533BB30,20211218,20170729
4117-534AA30,20211218,20170106
4117-535AA30,20211218,20170729
4117-536AA30,20211218,20170106
4117-541AA34,20211218,20170912
4117-552AA30,20211218,20180416
4117-553AB30,20211218,20180714
4117-595AB34,20211218,20180830
4117-631AA30,20211218,20170106
4117-632AB30,20211218,20170408
4117-633BA30,20211218,20200122
4117-634AB30,20211218,20180619
474-615AA38,20211218,20121023
474-616AA38,20211218,20121023
474-623AA30,20211218,20200302
474-623AA38,20211218,20140613
474-624AA30,20211218,20200302
474-624AA38,20211218,20140613
474-655BA38,20211218,20120714
474-656BA38,20211218,20120714
478-521AB33,20211218,20060510
478-521JA33,20211218,20161025
478-623JA33,20211218,20161025
478-624JA33,20211218,20161025
478-625DA33,20211218,20080521
478-626DA33,20211218,20080521
5165-506AB30,20211218,20151118
5165-506BB30,20211218,20151118
5529-511CA30,20211218,20150212
5540-541AA38,20211218,20150320
5541-505AB38,20211218,20161130
KS64-01901BB,20211218,20140709
KS64-01902BB,20211218,20140709
KS64-01903BB,20211218,20140709
KS64-01904BB,20211218,20140709
KS64-01905BB,20211218,20140709
KS64-01906BB,20211218,20140709
KS64-01907BB,20211218,20140709
KS64-01909BB,20211218,20140709
KS64-01910BC,20211218,20140709
KS64-01911BC,20211218,20140709
KS64-01912BB,20211218,20170221
278-625A30,20211218,20140428
278-626A30,20211218,20140428
3164-512AB30,20211218,20190509
478-521AB30,20211218,20120607
478-522AB30,20211218,20140428
478-524AB30,20211218,20140428
478-623AA30,20211218,20140428
478-624AA30,20211218,20140428
478-629AA30,20211218,20140428
478-630AA30,20211218,20140428
479-511AA30,20211218,20141106
479-512AA30,20211218,20141106
479-514AA30,20211218,20160509
479-518AA30,20211218,20140724
479-518HA30,20211218,20161018
479-615AA30,20211218,20141106
479-616AA30,20211218,20141106
479-619AA30,20211218,20160509
479-620AA30,20211218,20160509
3145-511AA30,20211218,20080812
3145-514AA30,20211218,20090128
3145-611AA30,20211218,20061102
3145-611BA30,20211218,20061102
3166-691AA26,20211218,20210109
5534-592AA38,20211218,20100331
5534-623BB38,20211218,20100722
5534-624BB38,20211218,20100722
5534-631AA38,20211218,20100609
5534-632AA38,20211218,20100609
5540-511AB38,20211218,20150430
5540-511BA38,20211218,20150320
5540-512AA38,20211218,20150320
5540-513AA38,20211218,20150320
5540-514AA38,20211218,20150320
5540-566AA38,20211218,20150320
5540-569AA38,20211218,20150218
5540-570AB38,20211218,20170106
5154-532AA30,20211218,20150709
5154-634AA30,20211218,20150709
474-532DA34,20211218,20140401
474-532SA34,20211218,20140401
474-535SA34,20211218,20140401
5154-506BB30,20211218,20110824
5154-511AA30,20211218,20141111
5154-512AA30,20211218,20140204
5154-513AA30,20211218,20150709
5154-611AA30,20211218,20130528
5154-612AA30,20211218,20130528
5154-615AA30,20211218,20160216
5154-616AA30,20211218,20160216
352B-517AC38,20211218,20150212
352B-517GB38,20211218,20150212
352B-518AA38,20211218,20140509
352B-518GA38,20211218,20150128
5142-619AA30,20211218,20191001
5142-620AA30,20211218,20191001
5142-621AA30,20211218,20191001
5142-622AA30,20211218,20191001
5301-592AA38,20211218,20071018
3153-511AA36,20211218,20140807
3153-511AA40,20211218,20131217
479-518AA34,20211218,20161207
479-518HA34,20211218,20161207
479-619AA34,20211218,20141229
479-620AA34,20211218,20141229
479-623AA34,20211218,20141229
479-624AA34,20211218,20141229
5165-512AA30,20211218,20180519
5165-516AB30,20211218,20160516
5165-612AA30,20211218,20140621
5165-614AA30,20211218,20140621
5165-615AA30,20211218,20180519
5165-616AA30,20211218,20160516
5165-619AA30,20211218,20160516
5165-620AA30,20211218,20160516
5165-621AA30,20211218,20160516
5165-622AA30,20211218,20160516
3166-691AA21,20211218,20210306
478-623DA33,20211218,20130704
478-624DA33,20211218,20141111
201-607DC14,20211218,20180615
3166-691AA14,20211218,20210306
3142-531AA38,20211218,20060404
3142-532AA38,20211218,20061012
3142-533AA38,20211218,20061012
4115-515AA30,20211218,20150218
4115-516AA30,20211218,20150218
4115-612AA30,20211218,20150107
4115-612BA30,20211218,20141110
4115-613AA30,20211218,20150107
4115-614AA30,20211218,20150302
4115-615AA30,20211218,20150302
4115-616AA30,20211218,20150302
6105-613AB38,20211218,20170526
B336-524AA38,20211218,20200915
3106-511BB38,20211218,20070628
3106-512BB38,20211218,20070628
478-627AA33,20211218,20051011
478-628AA33,20211218,20051011
603-643BA,20211218,20070628
603-643QA,20211218,20070628
3153-515AA30,20211218,20110523
3153-515BA30,20211218,20110523
3153-541AA30,20211218,20190412
4117-562AA30,20211218,20200122
4117-563AA30,20211218,20200122
4117-563BA30,20211218,20200122
631-65126,20211218,20121203
631-682AA30,20211218,20070507
631-682BA30,20211218,20070507
631-685AA26,20211218,20070507
631-685BA26,20211218,20070507
3139-515AA34,20211218,20130731
3139-515BA34,20211218,20130424
3164-591AA30,20211218,20190327
6105-524AA38,20211218,20170412
3106-521BB30,20211218,20170113
4109-513AB30,20211218,20140609
4109-515AB30,20211218,20080901
4109-518AA30,20211218,20080616
3922-611LA30,20211218,20150608
3922-611MA30,20211218,20150608
3922-619FA30,20211218,20150608
4109-516AA30,20211218,20140508
3166-691AA17,20211218,20210306
474-619AA38,20211218,20120514
474-620AA38,20211218,20120514
478-623DA30,20211218,20110210
478-624DA30,20211218,20110210
478-629DA30,20211218,20071011
478-630DA30,20211218,20071011
478-633AA38,20211218,20140430
5154-511AA34,20211218,20110629
5154-512AA34,20211218,20110629
5154-531AB30,20211218,20150709
5154-611AA34,20211218,20110629
5154-612AA34,20211218,20110629
5154-631AB30,20211218,20150709
5154-632AB30,20211218,20150709
5154-635AA30,20211218,20190221
5154-636AA30,20211218,20190221
5165-541SA34,20211218,20190210
631-51730,20211218,20080206
631-51930,20211218,20080206
3139-515AA30,20211218,20141224
3139-515BA30,20211218,20141224
3153-511AA34,20211218,20140203
3153-512AA34,20211218,20140807
3153-512BA34,20211218,20140807
3153-513AA34,20211218,20140423
3153-513BA34,20211218,20140807
3153-513CA34,20211218,20140807
3153-611AA34,20211218,20130704
3922-514AB,20211218,20060330
478-523AB33,20211218,20091029
479-511CA30,20211218,20140123
479-512AA33,20211218,20140123
479-513CB30,20211218,20120427
479-515AA33,20211218,20140123
479-518AA33,20211218,20170127
479-518CB30,20211218,20140123
479-611CA30,20211218,20140123
479-612CA30,20211218,20140123
479-615AA33,20211218,20140123
479-616AA33,20211218,20140123
479-619CA30,20211218,20140123
479-620CA30,20211218,20140123
479-627AA33,20211218,20140123
479-628AA33,20211218,20140123
479-631AA34,20211218,20161012
479-632AA34,20211218,20161012
479-652CA30,20211218,20140123
5142-525AA38,20211218,20170413
5154-619AA30,20211218,20131129
5154-620AA30,20211218,20140401
5163-511AA33,20211218,20150302
5529-566AA38,20211218,20140709
5529-570AA38,20211218,20140512
KS64-01912CB,20211218,20170412
KS91-02301CA26,20211218,20130801
3242-534AA30,20211218,20130903
3242-541AA30,20211218,20120306
3242-542AA30,20211218,20120306
3650-512AB26,20211218,20120720
474-627DA33,20211218,20140509
474-628DA33,20211218,20140509
474-631SA33,20211218,20140509
474-632SA33,20211218,20140509
5165-525AA30,20211218,20160516
5211-511CA34,20211218,20061220
5301-591AA38,20211218,20071018
5301-593AA38,20211218,20071018
5541-516GA38,20211218,20180827
KD64-01112CC,20211218,20160927
KS64-01912AB,20211218,20170412
B336-516GA38,20211218,20140310
3153-612AA30,20211218,20130704
3153-612BA30,20211218,20130704
6105-622AB38,20211218,20130220
6105-626AC38,20211218,20181116
3153-551AA30,20211218,20120810
4120-591AA30,20211218,20180924
4120-592AA30,20211218,20180924
5154-632BA30,20211218,20150709
5534-591AA38,20211218,20100331
5534-593AA38,20211218,20100331
5540-569BA38,20211218,20150218
5540-570BA38,20211218,20150320
3538-511AA30,20211218,20120201
3542-511AA30,20211218,20100603
3542-511EA30,20211218,20101006
3662-512AB34,20211218,20150915
3662-512BB34,20211218,20150915
3662-514AB34,20211218,20150915
3662-515AA34,20211218,20150520
3662-592AA34,20211218,20150423
3662-621AB34,20211218,20160509
3662-632AB34,20211218,20201205
352-571LA30,20211218,20110829
631-682CA30,20211218,20070507
3558-591AA34,20211218,20210116
3558-592AA34,20211218,20210116
3558-593AA34,20211218,20210116
4113-515AA30,20211218,20150206
4113-516AA30,20211218,20150206
4113-518AA30,20211218,20150206
4113-611AA30,20211218,20150206
4113-612AA30,20211218,20150206
4113-616AA30,20211218,20150206
4113-617AA30,20211218,20150206
261-611A33,20211218,20140313
4117-594AA32,20211218,20180901
4117-595AA32,20211218,20180901
478-623DA38,20211218,20140602
478-624DA38,20211218,20140602
5529-511DA30,20211218,20150212
6108-626AB38,20211218,20181222
631-51830,20211218,20080206
3144-515AA38,20211218,20110209
3151-521CA30,20211218,20121026
3151-522EA30,20211218,20101124
3151-522FA30,20211218,20120131
3151-523DA30,20211218,20120131
3151-523EA30,20211218,20120131
3151-523FA30,20211218,20120131
3151-524CA30,20211218,20130311
3151-525EA30,20211218,20110111
3151-525FA30,20211218,20110111
3151-622AB30,20211218,20100809
3153-612AA34,20211218,20130704
3153-612BA34,20211218,20130704
3157-511AA34,20211218,20131203
3157-511BA34,20211218,20130823
3157-512AA30,20211218,20131203
3157-513AA30,20211218,20131203
3157-514AA30,20211218,20150114
3157-515AA30,20211218,20130823
3157-611AB34,20211218,20131105
3157-612AB34,20211218,20131203
5121-524BA36,20211218,20120119
5142-512AA33,20211218,20200610
5142-524AA33,20211218,20170413
5154-621AA36,20211218,20120120
5154-622AA36,20211218,20120120
5527-570BA20,20211218,20140203
5527-570DA20,20211218,20210511
5529-573AB38,20211218,20150423
5534-505BA38,20211218,20200825
5540-570AA38,20211218,20150320
6105-605BB38,20211218,20190619
3153-514AA26,20211218,20150421
3153-514AA28,20211218,20130116
3153-514BA28,20211218,20130116
3154-511AC18,20211218,20140106
3154-591AB,20211218,20210612
3154-691AB21,20211218,20210612
352B-611CA30,20211218,20170307
352B-612CA30,20211218,20170307
352B-616BA30,20211218,20170307
352B-617BA30,20211218,20170307
352B-618BA30,20211218,20170307
352B-619BA30,20211218,20170307
3554-516AA,20211218,20150128
3554-612AA30,20211218,20150128
3554-624AA30,20211218,20150128
3660-505AA30,20211218,20141229
3660-511AA30,20211218,20141229
3660-512AA30,20211218,20141229
3660-513AA30,20211218,20141229
3660-514AA30,20211218,20141229
3660-515AA30,20211218,20141229
3660-516AA30,20211218,20141229
3660-517AA30,20211218,20141229
3660-611BA30,20211218,20170913
3660-612BA30,20211218,20170913
3922-518AB,20211218,20061002
3922-611JA30,20211218,20150423
3922-611KA30,20211218,20150423
3922-612CA30,20211218,20150423
3922-618BA30,20211218,20150423
6108-615GA38,20211218,20210612
3139-513AA32,20211218,20131129
3154-691AA17,20211218,20210612
352B-505BA38,20211218,20190124
3106-511BB30,20211221,20080326
3106-514BB30,20211221,20080326
603-644AA,20211221,20070628
279-516S33,20211221,20140401
279-620A30,20211221,20130628
631-684AA30,20211221,20070507
5154-512AA33,20211221,20070829
5154-513AA33,20211221,20081001
5154-514AA33,20211221,20091001
5154-521AA33,20211221,20080519
5154-615AA33,20211221,20090611
5154-616AA33,20211221,20090611
5154-617AA33,20211221,20070829
5154-618AA33,20211221,20070829
5154-621AA33,20211221,20080519
5154-622AA33,20211221,20080519
352B-514BB30,20211221,20190125
5529-521AA30,20211221,20200825
279-516S38,20211221,20140401
279-627A38,20211221,20140401
279-631A38,20211221,20140401
279-632A38,20211221,20140401
5165-617AA30,20220106,20160516
5165-618AA30,20220106,20160516
630-62130,20220106,20140602
630-62230,20220106,20140602
3538-505BA34,20220106,20200904
4117-553BB30,20220106,20180714
5154-531CA30,20220106,20150709
3106-513BB30,20220127,20170113
3106-517BB30,20220127,20170113
3106-512BB30,20220127,20080326
603-53330,20220127,20060809
5154-621AA30,20220127,20140204
5154-622AA30,20220127,20140204
3106-516BB30,20220127,20140528
5154-534AA30,20220127,20200407
5154-633AA30,20220127,20150709
5517-514AA30,20220127,20150302
5517-514BA30,20220127,20150302
6104-611AA38,20220127,20150302
6104-626BA30,20220127,20160113
474-608AA33,20220127,20180518
3922-621AA30,20220127,20181116
631-511FB30,20220305,20110705
3153-541AA34,20220305,20141224
3153-542AA34,20220305,20141224
279-611T33,20220305,20140401
631-651L26,20220305,20121203
3238-511BA,20220305,20081022
3238-512AA34,20220305,20130528
3239-512AB34,20220305,20100818
3153-542BA34,20220329,20141224
352B-620AA33,20220329,20120822
3139-512AA32,20220329,20130121
3145-526AA30,20220329,20080925
3145-527AA30,20220329,20080925
4109-512AA30,20220329,20080901
4109-591AB30,20220329,20090612
3538-542AA34,20220329,20210831
3922-619EA30,20220329,20150423
4109-512BA30,20220329,20080901
790-511S2,20220426,20140310
790-511WS2,20220426,20140310
790-51230S2,20220426,20140310
600-51330,20220426,20060508
6105-611DA38,20220426,20200407
5154-631BA30,20220426,20150709
3550-611AB34,20220426,20080108
3550-612AB34,20220426,20080317
3550-613AB34,20220426,20080317
5142-532AA33,20220426,20140306
5142-535AA33,20220426,20140306
5142-611BA33,20220426,20140306
5142-612BA33,20220426,20140306
5142-615BA33,20220426,20140306
5142-615MA33,20220426,20140306
5142-616BA33,20220426,20140306
5142-617BA33,20220426,20140306
5142-618BA33,20220426,20140306
5142-621BA33,20220426,20140306
5142-622BA33,20220426,20140306
201-607EC14,20220426,20180615
3153-511AA32,20220527,20140423
3153-512AA32,20220527,20140602
3153-512BA32,20220527,20140602
3153-513AA32,20220527,20140602
3153-513BA32,20220527,20140602
3153-513CA32,20220527,20140602
3153-515AA32,20220527,20140602
3238-513AA34,20220527,20130528
3239-513AB34,20220527,20100818
5532-591AC30,20220527,20131029
474-531DA33,20220527,20140509
474-536SA33,20220527,20140509
474-538AA33,20220527,20140509
474-612DA33,20220527,20140509
474-615DA33,20220527,20140509
474-620DA33,20220527,20140509
474-651DA33,20220527,20140509
3550-591AA34,20220624,20070921
3550-593AA34,20220624,20090225
3550-611PB34,20220624,20080108
3557-511BB34,20220624,20210923
3557-512AA34,20220624,20210923
3557-515AA34,20220624,20210923
3557-516AA34,20220624,20210923
5517-611BA34,20220624,20150302
4117-594AB34,20220624,20180830
3922-524AA,20220802,20140527
3538-511CA30,20220802,20200128
3538-518AB30,20220802,20180116
3237-511BA,20220802,20130905
3238-514AB34,20220802,20130514
4117-616AA30,20220802,20151124
KS64-01312CB,20220802,20160927
630-62330,20220802,20140602
630-62430,20220802,20140602
3164-531AA30,20220802,20200731
3164-532AA30,20220802,20200731
3164-533AA30,20220802,20200731
3164-611BA30,20220802,20200731
3164-612CA30,20220802,20200731
3164-612DA30,20220802,20200731
5154-637AA30,20220802,20200407
5154-638AA30,20220802,20200407
3542-511BA30,20220802,20191012
3542-611AA30,20220802,20220324
3542-612AA30,20220802,20220324
5517-521AA34,20220802,20150320
4207-512AB34,20220802,20110627
4207-513AB34,20220802,20110627
4207-514AB34,20220802,20110428
4207-516AA34,20220802,20110215
4207-612AB34,20220802,20110714
4207-613AC34,20220802,20111027
5154-521AA30,20220831,20140204
478-629CA34,20221004,20170526
478-630CA34,20221004,20170526
478-521BB38,20221004,20091117
478-533BB38,20221004,20110113
478-623BA38,20221004,20120221
478-624BA38,20221004,20120221
478-629BA38,20221004,20110518
478-630BA38,20221004,20080730
3153-512AA36,20221004,20110629
3153-512BA36,20221004,20140807
3153-513AA36,20221004,20140807
335-511BA33,20221004,20100426
335-518BB30,20221004,20140509
B336-531AA33,20221004,20160229
B336-531BA33,20221004,20160229
B336-532AA33,20221004,20160229
5529-521BA30,20221004,20200825
5532-592AB30,20221004,20181219
3538-534AA30,20221004,20220609
3662-523AB34,20221004,20160330
3662-524AB34,20221004,20160330
3662-631AA34,20221004,20201205
3557-511CA34,20221029,20210923
3557-514AB34,20221029,20210923
3557-522AA34,20221029,20210923
3557-525AA34,20221029,20210923
5208-512AE34,20221029,20141105
5208-512BA34,20221029,20141105
3145-511AA34,20221125,20150407
3145-512AA34,20221125,20150407
3145-513AA34,20221125,20150407
3145-611AA34,20221125,20150407
352B-613BA30,20221125,20170307
352B-614BA30,20221125,20170307
3557-641AA34,20221125,20201205
3145-512AA30,20230105,20080812
3145-513AA30,20230105,20090428
5517-592AA30,20230105,20150302
3238-512AB30,20230105,20081202
3238-514AB30,20230105,20141111
3238-515AA30,20230105,20081022
3139-511AA32,20230105,20131129
3139-515AA32,20230105,20130122
3139-515BA32,20230105,20110106
5546-570AB38,20230105,20220609
3164-591AA32,20230105,20191001
3538-570BD32,20230127,20140709
3652-512AB30,20230127,20110203
3652-513AB30,20230127,20140709
3652-514AA34,20230127,20150302
3652-514AB30,20230127,20110203
3652-515AA30,20230127,20120201
3652-569AB30,20230127,20110203
3652-569BA30,20230127,20110203
3652-591BA34,20230127,20171111
3652-592AA34,20230127,20171111
3652-593AA34,20230127,20171111
478-523AB30,20230127,20101104
479-514CA34,20230127,20141229
479-516CA30,20230127,20140123
479-518CA34,20230127,20141229
479-619CA34,20230127,20141229
479-620CA34,20230127,20141229
479-623CA34,20230127,20141229
479-624CA34,20230127,20141229
5165-522AA30,20230223,20160516
5517-522AA30,20230223,20150320
631-631CA30,20230328,20070217
479-611AA34,20230422,20061220
479-619DA34,20230422,20161018
479-620DA34,20230422,20161018
479-631DA34,20230422,20161018
479-632DA34,20230422,20161018
479-633AA34,20230422,20161012
352B-620BA30,20230520,20170307
4109-622AB30,20230520,20140508
5532-593AB30,20230624,20181219
5172-591AA30,20230624,20180416
5172-592AA30,20230624,20180416
474-533AA33,20230624,20140509
474-611DA33,20230624,20140509
474-619DA33,20230624,20140509
5517-513AA34-M1,20230714,20131227
5546-570DB38,20230823,20220609
5546-591AB38,20230823,20220609
5546-592AB38,20230823,20220609
3922-513AB30,20230922,20150302
3164-514AB30,20231018,20190314
3922-514CB,20231116,20171130
603-53230,20231116,20130318
603-53430,20231116,20051019
4207-516AA30,20231116,20150206
4207-517AA30,20231116,20150206
4207-611AA30,20231116,20150206
4207-613AC30,20231116,20150206
4207-621AA30,20231116,20150206
4207-623AA30,20231116,20150206
KS64-01312BB,20231116,20161209
3153-552AA30,20231116,20120810
3153-553AA30,20231116,20120810
479-612AA34,20240124,20061220
5211-521BB34,20240124,20061218
5213-623AA34,20240124,20161012
5213-624AA34,20240124,20161012
4117-595AA30,20240124,20170629
3153-691AB,20240124,20140123
5154-611AA32,20240124,20130214
5154-612AA32,20240124,20130214
3153-591AA30,20240124,20110901
474-616DA33,20240124,20140509
474-652DA33,20240124,20140509
474-531SA33,20240222,20140509
335-514BB33,20240222,20161007
6108-605BB38,20240321,20211025
3139-511AA26,20240418,20070612
4117-594AA30,20240418,20170629
5546-514AB38,20240523,20231227
6104-605BB30,20240619,20220204
3561-691AA34,20240619,20231006
5521-504AA24,20240722,20111205
5521-504BA24,20240722,20120130
5521-505AA24,20240722,20111205
5521-505BA24,20240722,20120130
5521-607AA24,20240722,20111205
5521-607BA24,20240722,20120130
5521-607CA24,20240722,20120130
631-511A30,20240722,20061225
SPL-1189A30,20240722,20060609
3236-514AA30,20240722,20050824
3542-611BA30,20240817,20220324
3542-612BA30,20240817,20220324
3662-692AA34,20240918,20231031
478-522AB38,20241024,20140821
478-625AA38,20241024,20140204
478-626AA38,20241024,20140204
6210-513AB34,20241114,20080616
6210-514AB34,20241114,20080616
4109-523AB30,20241114,20140508
4109-533AB30,20241114,20140508
4109-623AA30,20241114,20140508
5157-611AB30,20241219,20110921
5157-611BA30,20241219,20110323
5157-612AB30,20241219,20110921
5157-612BA30,20241219,20110323
631-65226,20250515,20121203
3145-621AA30,20250617,20101207
3145-621BA30,20250617,20101207
SPL-2542BA42,20250617,20150602
SPL-2542CA42,20250617,20150602
4105-611AB30,20250717,20051031
3139-514AA30,20250818,20071109
3159-408AA02,20150620,20131022
3159-408AA04,20150620,20131022
00-1158BA30,20151127,20051013
00-1158BA34,20151127,20051013
00-1158AA30,20151127,20051013
00-1158AA34,20151127,20051013
KF43-00103BA,20151202,20131018
TS-5412AB34,20210624,20201205
5546-502GA38,20221104,20220825
K-17301GA,20240731,20240426
