FINAL_ITEM_CODE,PROCESS_ORDER,PROCESS_CODE,RES_CODE1,CAPACITY1,INF_CHANGE1,RES_CODE2,CAPACITY2,INF_CHANGE2,RES_CODE3,CAPACITY3,INF_CHANGE3,VERSION,OPE_NAME,UP_DATE,CHK_VAL_FLG,SETU_F,PACK_DATE,VERSION_ASP
1151-402AA,1,B,0,1,0,,,,,,,1,森友　宏幸,2025-05-15,0,1151-402AA,2024/07/24,1.0
1151-443AA,1,MC,0,1,0,,,,,,,1,森友　宏幸,2025-05-15,0,1151-443AA,2024/07/24,1.0
1155-111AA,1,MC,0,1,0,,,,,,,1,森友　宏幸,2025-05-15,0,1155-111AA,2024/04/18,1.0
1155-413AB48,1,MCT,0,1,0,,,,,,,1,森友　宏幸,2025-05-15,0,1155-413AB48,2024/12/18,1.0
12-302,1,GAI,0,1,0,,,,,,,1,初崎　和広,2025-05-30,0,12-302,2025/07/11,1.0
12-303,1,GAI,0,1,0,,,,,,,1,初崎　和広,2025-05-30,0,12-303,2025/07/11,1.0
12-304C,1,GAI,0,1,0,,,,,,,1,藤浪　克彦,2019-07-17,0,12-304C,2024/08/07,1.0
12-305,1,GAI,0,1,0,,,,,,,1,初崎　和広,2025-05-30,0,12-305,2025/07/11,1.0
120-404CA,1,MC,0,1,0,,,,,,,1,森友　宏幸,2025-05-15,0,120-404CA,2024/12/18,1.0
120-404DA,1,MC,0,1,0,,,,,,,1,森友　宏幸,2025-05-15,0,120-404DA,2024/12/18,1.0
120-404KA,1,MC,0,1,0,,,,,,,1,森友　宏幸,2025-05-15,0,120-404KA,2024/12/18,1.0
1231-103DB38,1,MC,0,1,0,,,,,,,1,森友　宏幸,2025-05-15,0,1231-103DB38,2024/02/27,1.0
1231-103GB38,1,MC,0,1,0,,,,,,,2,森友　宏幸,2025-05-15,0,1231-103GB38,2024/09/26,2.0
1231-142AB,1,MC,0,1,0,,,,,,,1,森友　宏幸,2025-05-15,0,1231-142AB,2024/02/27,1.0
1231-142CA,1,MC,0,1,0,,,,,,,1,森友　宏幸,2025-05-15,0,1231-142CA,2024/09/26,1.0
1331-102PA,1,MC,0,1,0,,,,,,,1,初崎　和広,2024-01-16,0,1331-102PA,2024/02/27,1.0
1331-210JA,1,MCW,0,1,0,,,,,,,1,森友　宏幸,2025-05-15,0,1331-210JA,2020/10/01,1.0
1331-211JA,1,MCW,0,1,0,,,,,,,1,森友　宏幸,2025-05-15,0,1331-211JA,2020/10/01,1.0
1531-128BA,1,GAI,0,1,0,,,,,,,1,初崎　和広,2021-01-19,0,1531-128BA,2021/03/01,1.0
161-402CA30,1,B,14,1,0,,,,,,,1,森友　宏幸,2025-05-15,0,161-402CA30,2025/01/29,1.0
161-402CA38,1,B,14,1,0,,,,,,,1,森友　宏幸,2025-05-15,0,161-402CA38,2025/08/01,1.0
161-403CA30,1,MC,14,1,0,,,,,,,1,森友　宏幸,2025-05-15,0,161-403CA30,2021/06/01,1.0
161-403CA38,1,MC,14,1,0,,,,,,,1,森友　宏幸,2025-05-15,0,161-403CA38,2021/06/01,1.0
161-403CB30,1,MCW,14,1,0,,,,,,,1,森友　宏幸,2025-05-15,0,161-403CB30,2025/01/29,1.0
161-403CB38,1,MCW,14,1,0,,,,,,,1,森友　宏幸,2025-05-15,0,161-403CB38,2025/08/01,1.0
161-403DB38,1,MCW,14,1,0,,,,,,,1,森友　宏幸,2025-05-15,0,161-403DB38,2025/09/10,1.0
161-403HB38,1,MCW,14,1,0,,,,,,,1,森友　宏幸,2025-05-15,0,161-403HB38,2024/12/04,1.0
161-404AAC,1,MC,4,1,0,,,,,,,1,初崎　和広,2024-03-07,0,161-404AAC,2025/01/29,1.0
1631-111AA,1,MC,4,1,0,,,,,,,1,森友　宏幸,2025-05-15,0,1631-111AA,2025/08/01,1.0
1631-111BA,1,MC,4,1,0,,,,,,,1,森友　宏幸,2025-05-15,0,1631-111BA,2025/08/01,1.0
1631-111CA,1,MC,0,1,0,,,,,,,1,森友　宏幸,2025-05-15,0,1631-111CA,2025/04/10,1.0
1631-111DA,1,MC,0,1,0,,,,,,,1,森友　宏幸,2025-05-15,0,1631-111DA,2025/04/10,1.0
1631-111EA,1,MC,0,1,0,,,,,,,1,森友　宏幸,2025-05-15,0,1631-111EA,2024/07/29,1.0
1631-111FA,1,MC,0,1,0,,,,,,,1,森友　宏幸,2025-05-15,0,1631-111FA,2024/07/29,1.0
1631-111MA,1,MC,4,1,0,,,,,,,1,森友　宏幸,2025-05-15,0,1631-111MA,2025/06/26,1.0
1631-111NA,1,MC,4,1,0,,,,,,,1,森友　宏幸,2025-05-15,0,1631-111NA,2025/06/26,1.0
1631-111QB,1,MC,0,1,0,,,,,,,1,森友　宏幸,2025-05-15,0,1631-111QB,2025/08/20,1.0
1631-111UA,1,MC,0,1,0,,,,,,,1,森友　宏幸,2025-05-15,0,1631-111UA,2021/03/01,1.0
1631-111VA,1,MC,0,1,0,,,,,,,1,森友　宏幸,2025-05-15,0,1631-111VA,2021/03/01,1.0
1631-111XA,1,MC,4,1,0,,,,,,,1,森友　宏幸,2025-05-15,0,1631-111XA,2024/10/29,1.0
1631-111YA,1,MC,4,1,0,,,,,,,1,森友　宏幸,2025-05-15,0,1631-111YA,2024/10/29,1.0
1631-111ZA,1,MC,4,1,0,,,,,,,1,森友　宏幸,2025-05-15,0,1631-111ZA,2024/10/29,1.0
1631-141AA,1,MC,0,1,0,,,,,,,1,森友　宏幸,2025-05-15,0,1631-141AA,2025/07/29,1.0
171-475DA,1,GAI,0,1,0,,,,,,,1,初崎　和広,2021-06-08,0,171-475DA,2021/06/10,1.0
1731-111CA,1,MC,0,1,0,,,,,,,1,森友　宏幸,2025-05-15,0,1731-111CA,2020/12/15,1.0
1731-111CB,1,MC,0,1,0,,,,,,,1,森友　宏幸,2025-05-15,0,1731-111CB,2024/02/24,1.0
1731-111DA,1,MC,0,1,0,,,,,,,1,森友　宏幸,2025-05-15,0,1731-111DA,2020/12/15,1.0
1731-111DB,1,MC,0,1,0,,,,,,,1,森友　宏幸,2025-05-15,0,1731-111DB,2024/02/24,1.0
1731-111EA,1,MC,0,1,0,,,,,,,1,森友　宏幸,2025-05-15,0,1731-111EA,2020/12/15,1.0
1731-111EB,1,MC,0,1,0,,,,,,,1,森友　宏幸,2025-05-15,0,1731-111EB,2024/02/24,1.0
1751-402BA12,1,B,0,1,0,,,,,,,1,森友　宏幸,2025-05-15,0,1751-402BA12,2020/09/10,1.0
1751-402BA17,1,B,0,1,0,,,,,,,1,森友　宏幸,2025-05-15,0,1751-402BA17,2024/12/25,1.0
1751-402BA24,1,B,0,1,0,,,,,,,1,森友　宏幸,2025-05-15,0,1751-402BA24,2024/12/18,1.0
1751-404AB,1,MC,0,1,0,,,,,,,1,森友　宏幸,2025-05-15,0,1751-404AB,2024/07/24,1.0
1751-404BA,1,MC,0,1,0,,,,,,,1,森友　宏幸,2025-05-15,0,1751-404BA,2024/12/25,1.0
1751-443AA17,1,MC,0,1,0,,,,,,,1,森友　宏幸,2025-05-15,0,1751-443AA17,2024/12/25,1.0
1751-443AA24,1,MC,0,1,0,,,,,,,1,森友　宏幸,2025-05-15,0,1751-443AA24,2024/12/18,1.0
1751-443BA17,1,MC,0,1,0,,,,,,,1,森友　宏幸,2025-05-15,0,1751-443BA17,2021/07/19,1.0
1831-501DA34,1,LM,0,1,0,,,,,,,2,森友　宏幸,2025-05-15,0,1831-501DA34,2021/02/24,2.0
1831-501DB30,1,L,6,1,0,,,,,,,1,森友　宏幸,2025-05-15,0,1831-501DB30,2025/08/13,1.0
1931-111BB,1,MC,0,1,0,,,,,,,1,森友　宏幸,2025-05-15,0,1931-111BB,2025/08/08,1.0
2190-210AA,1,MCW,0,1,0,,,,,,,2,森友　宏幸,2025-05-15,0,2190-210AA,2021/03/01,2.0
2190-210AB,1,MCW,0,1,0,,,,,,,1,森友　宏幸,2025-05-15,0,2190-210AB,2025/08/22,1.0
2190-211AA,1,MCW,0,1,0,,,,,,,2,森友　宏幸,2025-05-15,0,2190-211AA,2021/03/01,2.0
2190-211AB,1,MCW,0,1,0,,,,,,,1,森友　宏幸,2025-05-15,0,2190-211AB,2025/08/22,1.0
21A2-111AA,1,MC,0,1,0,,,,,,,1,森友　宏幸,2025-05-15,0,21A2-111AA,2024/05/17,1.0
21A2-211AA,1,MCW,0,1,0,,,,,,,1,森友　宏幸,2025-05-15,0,21A2-211AA,2024/05/17,1.0
3153-601EB34,1,MCW,7,1,0,,,,,,,1,森友　宏幸,2025-05-15,0,3153-601EB34,2020/12/17,1.0
3154-405AA12,1,B,0,1,0,,,,,,,2,森友　宏幸,2025-05-15,0,3154-405AA12,2021/07/26,2.0
3154-502CA,1,MC,7,1,0,,,,,,,2,森友　宏幸,2025-05-15,0,3154-502CA,2024/01/05,2.0
3154-502DA,1,MC,7,1,0,,,,,,,2,森友　宏幸,2025-05-15,0,3154-502DA,2024/01/05,2.0
3154-502FA,1,MC,7,1,0,,,,,,,2,森友　宏幸,2025-05-15,0,3154-502FA,2024/01/05,2.0
3164-608AA36,1,LM,0,1,0,,,,,,,2,森友　宏幸,2025-05-15,0,3164-608AA36,2024/03/27,2.0
3166-502CA,1,MC,0,1,0,,,,,,,1,初崎　和広,2024-03-07,0,3166-502CA,2025/04/25,1.0
3166-502DA,1,MC,0,1,0,,,,,,,1,初崎　和広,2024-03-07,0,3166-502DA,2025/04/22,1.0
3166-502FA,1,MC,0,1,0,,,,,,,1,初崎　和広,2024-03-07,0,3166-502FA,2025/04/25,1.0
3558-666AA34,1,B,0,1,0,,,,,,,1,初崎　和広,2025-05-28,0,3558-666AA34,2025/07/15,1.0
3650-432AA30,1,B,0,1,0,,,,,,,1,森友　宏幸,2025-05-15,0,3650-432AA30,2021/03/18,1.0
479-602EB38,1,MCT,0,1,0,,,,,,,1,森友　宏幸,2025-05-15,0,479-602EB38,2025/04/22,1.0
5142-602AA33,1,MCT,7,1,0,,,,,,,5,森友　宏幸,2025-05-15,0,5142-602AA33,2020/12/03,5.0
5143-602AA14,1,MCW,0,1,0,,,,,,,2,初崎　和広,2024-03-07,0,5143-602AA14,2021/07/19,2.0
5143-602BA14,1,MCW,0,1,0,,,,,,,2,初崎　和広,2024-03-07,0,5143-602BA14,2021/07/19,2.0
5143-602CA14,1,MCW,0,1,0,,,,,,,2,初崎　和広,2024-03-07,0,5143-602CA14,2021/07/19,2.0
80-451BU,1,MC,0,1,0,,,,,,,1,森友　宏幸,2025-05-15,0,80-451BU,2020/08/28,1.0
81-4057.6,1,MC,0,1,0,,,,,,,1,森友　宏幸,2025-05-15,0,81-4057.6,2021/08/11,1.0
ES61-00301AB,1,MC,3,1,0,,,,,,,1,森友　宏幸,2025-05-15,0,ES61-00301AB,2024/10/07,1.0
ES61-00301AC,1,MC,0,1,0,,,,,,,1,森友　宏幸,2025-05-15,0,ES61-00301AC,2025/07/30,1.0
G-6501GA,1,MC,4,1,0,,,,,,,1,初崎　和広,2024-03-07,0,G-6501GA,2025/07/18,1.0
G-6501GB,1,MC,4,1,0,,,,,,,1,初崎　和広,2024-03-07,0,G-6501GB,2025/07/24,1.0
G-6501HA,1,MC,4,1,0,,,,,,,1,初崎　和広,2024-03-07,0,G-6501HA,2025/07/24,1.0
G-6501HB,1,MC,4,1,0,,,,,,,1,初崎　和広,2024-03-07,0,G-6501HB,2025/07/15,1.0
K-13801D,1,MC,0,1,0,,,,,,,1,森友　宏幸,2025-05-15,0,K-13801D,2020/10/23,1.0
K-13801E,1,MC,0,1,0,,,,,,,1,森友　宏幸,2025-05-15,0,K-13801E,2024/10/24,1.0
K-22601AA,1,MC,0,1,0,,,,,,,1,初崎　和広,2025-05-16,0,K-22601AA,2021/04/12,1.0
K-28801EB,1,MC,4,1,0,,,,,,,1,初崎　和広,2025-05-16,0,K-28801EB,2025/07/29,1.0
K-29901GA,1,GAI,0,1,0,,,,,,,1,初崎　和広,2018-11-29,0,K-29901GA,2020/09/10,1.0
KF20-03901BA,1,MCW,15,1,0,,,,,,,1,森友　宏幸,2025-05-15,0,KF20-03901BA,2024/10/03,1.0
KS51-00101AC,1,GAI,0,1,0,,,,,,,1,初崎　和広,2021-07-08,0,KS51-00101AC,2021/09/24,1.0
SPL-1522GAA,1,MC,0,1,0,,,,,,,1,初崎　和広,2025-05-16,0,SPL-1522GAA,2024/12/25,1.0
SPL-2843-402DA38,1,GAI,0,1,0,,,,,,,1,初崎　和広,2025-08-18,0,SPL-2843-402DA38,2025/09/26,1.0
SPL-2843-403FA38,1,GAI,0,1,0,,,,,,,1,初崎　和広,2025-08-18,0,SPL-2843-403FA38,2025/09/26,1.0
SPL-2843-404AA,1,GAI,0,1,0,,,,,,,1,初崎　和広,2025-08-18,0,SPL-2843-404AA,2025/09/26,1.0
SPL-2843-442,1,GAI,0,1,0,,,,,,,1,初崎　和広,2025-08-18,0,SPL-2843-442,2025/09/26,1.0
