No,完成部番,単位数分子,単位数分母,前工程
6,00-1073D,1.0,1.0,PL-00-1073D
5,RE-SPL-17.19,1.0,1.0,HT-SPS-17A
6,RE-SPL-17.19,1.0,1.0,SPS-17A
5,11-206A,1.0,1.0,M-11-206A
6,11-206A,1.0,1.0,HT-11-206A
5,11-206E,1.0,1.0,M-11-206E
6,11-206E,1.0,1.0,HT-11-206E
5,11-206F,1.0,1.0,M-11-206F
6,11-206F,1.0,1.0,HT-11-206F
5,11-206G,1.0,1.0,M-11-206G
6,11-206G,1.0,1.0,HT-11-206G
5,11-206H,1.0,1.0,M-11-206H
6,11-206H,1.0,1.0,HT-11-206H
6,165-204EA-3A,1.0,1.0,PA-165-204EA-3A
6,165-209AA,1.0,1.0,M-165-209AA
6,165-209BA,1.0,1.0,M-165-209BA
6,K-17707KB,1.0,1.0,PL-K-17707KB
6,K-19012AG,1.0,1.0,MC-K-19012AG
6,K-19012BG,1.0,1.0,MC-K-19012BG
6,K-22206,1.0,1.0,PL-K-22206
6,K-22207,1.0,1.0,PL-K-22207
6,K-22208,1.0,1.0,PL-K-22208
6,K-22209,1.0,1.0,PL-K-22209
6,K-29606AA,1.0,1.0,PL-K-29606AA
6,K-29607AA,1.0,1.0,PL-K-29607AA
6,K-29608AA,1.0,1.0,PL-K-29608AA
6,K-29609AA,1.0,1.0,PL-K-29609AA
6,165-209CA,1.0,1.0,M-165-209CA
6,165-209DA,1.0,1.0,M-165-209DA
5,165-209EA,1.0,1.0,M-165-209EA
6,165-209EA,1.0,1.0,HT-165-209EA
5,165-209FA,1.0,1.0,M-165-209FA
6,165-209FA,1.0,1.0,HT-165-209FA
5,165-209GA,1.0,1.0,M-165-209GA
6,165-209GA,1.0,1.0,HT-165-209GA
5,165-209HA,1.0,1.0,M-165-209HA
6,165-209HA,1.0,1.0,HT-165-209HA
5,165-209JA,1.0,1.0,M-165-209JA
6,165-209JA,1.0,1.0,HT-165-209JA
5,165-209KA,1.0,1.0,M-165-209KA
6,165-209KA,1.0,1.0,HT-165-209KA
5,K-22210,1.0,1.0,SW-K-29610AA
6,K-22210,1.0,1.0,NC-K-22210-NC-FINISH
5,K-29610AA,1.0,1.0,SW-K-29610AA
6,K-29610AA,1.0,1.0,NC-K-29610AA-NC-FINISH
5,11-206J,1.0,1.0,M-11-206J
6,11-206J,1.0,1.0,HT-11-206J
5,11-206B,1.0,1.0,M-11-206B
6,11-206B,1.0,1.0,HT-11-206B
5,11-206C,1.0,1.0,M-11-206C
6,11-206C,1.0,1.0,HT-11-206C
5,11-206D,1.0,1.0,M-11-206D
6,11-206D,1.0,1.0,HT-11-206D
4,K-22205,1.0,1.0,MC-K-22205
5,K-22205,1.0,1.0,SL-K-22205
6,K-22205,1.0,1.0,PL-K-22205
4,K-29605BA,1.0,1.0,MC-K-29605BA
5,K-29605BA,1.0,1.0,SL-K-29605BA
6,K-29605BA,1.0,1.0,PL-K-29605BA
4,K-22205EA,1.0,1.0,MC-K-22205EA
5,K-22205EA,1.0,1.0,SL-K-22205EA
6,K-22205EA,1.0,1.0,PL-K-22205EA
6,12-224C,1.0,1.0,PL-12-224C
4,KD53-00501AA,1.0,1.0,MC-KD53-00501AA
5,KD53-00501AA,1.0,1.0,SL-KD53-00501AA
6,KD53-00501AA,1.0,1.0,PL-KD53-00501AA
4,K-22205A,1.0,1.0,MC-K-22205A
5,K-22205A,1.0,1.0,SL-K-22205A
6,K-22205A,1.0,1.0,PL-K-22205A
6,5128-607AA33,1.0,1.0,COM-5128-607AA33
6,5128-607BA33,1.0,1.0,COM-5128-607BA33
6,5128-608AA33,1.0,1.0,COM-5128-608AA33
6,5142-506AA34,1.0,1.0,COM-5142-506AA34
6,5142-507AA34,1.0,1.0,COM-5142-507AA34
6,5142-511AA34,1.0,1.0,COM-5142-511AA34
6,5142-512AA34,1.0,1.0,COM-5142-512AA34
6,5142-514AA34,1.0,1.0,COM-5142-514AA34
6,5142-516AA34,1.0,1.0,COM-5142-516AA34
6,5142-521AA34,1.0,1.0,COM-5142-521AA34
6,5142-522AA34,1.0,1.0,COM-5142-522AA34
6,5142-524AA34,1.0,1.0,COM-5142-524AA34
6,5142-524BA34,1.0,1.0,COM-5142-524BA34
6,5142-525AA34,1.0,1.0,COM-5142-525AA34
6,5142-606AA34,1.0,1.0,COM-5142-606AA34
6,5142-606BA34,1.0,1.0,COM-5142-606BA34
6,5142-607AA34,1.0,1.0,COM-5142-607AA34
6,5142-611AA33,1.0,1.0,COM-5142-611AA33
6,5142-612AA33,1.0,1.0,COM-5142-612AA33
6,5142-613AA34,1.0,1.0,COM-5142-613AA34
6,5142-614AA34,1.0,1.0,COM-5142-614AA34
6,5142-615AA34,1.0,1.0,COM-5142-615AA34
6,5142-615LA34,1.0,1.0,COM-5142-615LA34
6,5142-616AA34,1.0,1.0,COM-5142-616AA34
6,5142-617AA34,1.0,1.0,COM-5142-617AA34
6,5142-618AA34,1.0,1.0,COM-5142-618AA34
6,5142-619AA34,1.0,1.0,COM-5142-619AA34
6,5142-620AA34,1.0,1.0,COM-5142-620AA34
6,5142-621AA33,1.0,1.0,COM-5142-621AA33
6,5142-622AA33,1.0,1.0,COM-5142-622AA33
6,5165-506AA34,1.0,1.0,COM-5165-506AA34
6,5165-506AA40,1.0,1.0,COM-5165-506AA40
6,5165-506AA44,1.0,1.0,COM-5165-506AA44
6,5165-506AB30,1.0,1.0,COM-5165-506AB30
6,5165-506BA34,1.0,1.0,COM-5165-506BA34
6,5165-506BA40,1.0,1.0,COM-5165-506BA40
6,5165-506BA44,1.0,1.0,COM-5165-506BA44
6,5165-506BB30,1.0,1.0,COM-5165-506BB30
6,5165-511AA34,1.0,1.0,COM-5165-511AA34
6,5165-511AA42,1.0,1.0,COM-5165-511AA42
6,5165-511AE30,1.0,1.0,COM-5165-511AE30
6,5165-512AA34,1.0,1.0,COM-5165-512AA34
6,5165-512AA42,1.0,1.0,COM-5165-512AA42
6,5165-514AA34,1.0,1.0,COM-5165-514AA34
6,5165-514AA42,1.0,1.0,COM-5165-514AA42
6,5165-516AA34,1.0,1.0,COM-5165-516AA34
6,5165-516AA42,1.0,1.0,COM-5165-516AA42
6,5165-521AA42,1.0,1.0,COM-5165-521AA42
6,5165-522AA42,1.0,1.0,COM-5165-522AA42
6,5165-524AA42,1.0,1.0,COM-5165-524AA42
6,5165-525AA42,1.0,1.0,COM-5165-525AA42
6,5165-541SA42,1.0,1.0,COM-5165-541SA42
6,5165-606AA30,1.0,1.0,COM-5165-606AA30
6,5165-606AA34,1.0,1.0,COM-5165-606AA34
6,5165-606AA40,1.0,1.0,COM-5165-606AA40
6,5165-606AA44,1.0,1.0,COM-5165-606AA44
6,5165-606BA30,1.0,1.0,COM-5165-606BA30
6,5165-606BA34,1.0,1.0,COM-5165-606BA34
6,5165-606BA40,1.0,1.0,COM-5165-606BA40
6,5165-606BA44,1.0,1.0,COM-5165-606BA44
6,5165-607AA30,1.0,1.0,COM-5165-607AA30
6,5165-607AA34,1.0,1.0,COM-5165-607AA34
6,5165-607AA40,1.0,1.0,COM-5165-607AA40
6,5165-607AA44,1.0,1.0,COM-5165-607AA44
6,5165-611AA30,1.0,1.0,COM-5165-611AA30
6,5165-611AA36,1.0,1.0,COM-5165-611AA36
6,5165-611AA42,1.0,1.0,COM-5165-611AA42
6,5165-612AA36,1.0,1.0,COM-5165-612AA36
6,5165-612AA42,1.0,1.0,COM-5165-612AA42
6,5165-613AA30,1.0,1.0,COM-5165-613AA30
6,5165-613AA34,1.0,1.0,COM-5165-613AA34
6,5165-613AA40,1.0,1.0,COM-5165-613AA40
6,5165-613AA44,1.0,1.0,COM-5165-613AA44
6,5165-614AA34,1.0,1.0,COM-5165-614AA34
6,5165-614AA40,1.0,1.0,COM-5165-614AA40
6,5165-614AA44,1.0,1.0,COM-5165-614AA44
6,5165-615AA34,1.0,1.0,COM-5165-615AA34
6,5165-615AA40,1.0,1.0,COM-5165-615AA40
6,5165-615AA44,1.0,1.0,COM-5165-615AA44
6,5165-615LA44,1.0,1.0,COM-5165-615LA44
6,5165-616AA34,1.0,1.0,COM-5165-616AA34
6,5165-616AA40,1.0,1.0,COM-5165-616AA40
6,5165-616AA44,1.0,1.0,COM-5165-616AA44
6,5165-617AA40,1.0,1.0,COM-5165-617AA40
6,5165-617AA44,1.0,1.0,COM-5165-617AA44
6,5165-618AA40,1.0,1.0,COM-5165-618AA40
6,5165-618AA44,1.0,1.0,COM-5165-618AA44
6,5165-619AA34,1.0,1.0,COM-5165-619AA34
6,5165-619AA40,1.0,1.0,COM-5165-619AA40
6,5165-619AA44,1.0,1.0,COM-5165-619AA44
6,5165-620AA34,1.0,1.0,COM-5165-620AA34
6,5165-620AA40,1.0,1.0,COM-5165-620AA40
6,5165-620AA44,1.0,1.0,COM-5165-620AA44
6,5165-621AA36,1.0,1.0,COM-5165-621AA36
6,5165-621AA42,1.0,1.0,COM-5165-621AA42
6,5165-622AA36,1.0,1.0,COM-5165-622AA36
6,5165-622AA42,1.0,1.0,COM-5165-622AA42
6,5176-611AA30,1.0,1.0,COM-5176-611AA30
6,5176-612AA30,1.0,1.0,COM-5176-612AA30
6,5176-631AA30,1.0,1.0,COM-5176-631AA30
6,5176-632AA30,1.0,1.0,COM-5176-632AA30
6,5181-506AA22,1.0,1.0,COM-5181-506AA22
6,5181-506BA22,1.0,1.0,COM-5181-506BA22
6,5181-511AA22,1.0,1.0,COM-5181-511AA22
6,5181-513AA22,1.0,1.0,COM-5181-513AA22
6,5181-607AA22,1.0,1.0,COM-5181-607AA22
6,5181-607BA22,1.0,1.0,COM-5181-607BA22
6,5181-608AA22,1.0,1.0,COM-5181-608AA22
6,5181-611AA22,1.0,1.0,COM-5181-611AA22
6,5181-615AA22,1.0,1.0,COM-5181-615AA22
6,5301-592AA36,1.0,1.0,COM-5301-592AA36
6,5520-515AA,1.0,1.0,COM-5520-515AA
6,5529-505AA34,1.0,1.0,COM-5529-505AA34
6,5529-506AA34,1.0,1.0,COM-5529-506AA34
6,5529-506BA34,1.0,1.0,COM-5529-506BA34
6,5529-511CA30,1.0,1.0,COM-5529-511CA30
6,5529-513AA34,1.0,1.0,COM-5529-513AA34
6,5529-514AB34,1.0,1.0,COM-5529-514AB34
6,5529-522AA34,1.0,1.0,COM-5529-522AA34
6,5529-607AA38,1.0,1.0,COM-5529-607AA38
6,5529-607BA38,1.0,1.0,COM-5529-607BA38
6,5530-572AA34,1.0,1.0,COM-5530-572AA34
6,5532-524AB34,1.0,1.0,COM-5532-524AB34
6,5532-566AA30,1.0,1.0,COM-5532-566AA30
6,5532-566BA34,1.0,1.0,COM-5532-566BA34
6,5532-566EA30,1.0,1.0,COM-5532-566EA30
6,5532-566GA34,1.0,1.0,COM-5532-566GA34
6,5532-569AA34,1.0,1.0,COM-5532-569AA34
6,5532-569BA30,1.0,1.0,COM-5532-569BA30
6,5532-569CA34,1.0,1.0,COM-5532-569CA34
6,5532-570AA30,1.0,1.0,COM-5532-570AA30
6,5532-570BA34,1.0,1.0,COM-5532-570BA34
6,5532-607AA30,1.0,1.0,COM-5532-607AA30
6,5532-607BA30,1.0,1.0,COM-5532-607BA30
6,5540-541AA38,1.0,1.0,COM-5540-541AA38
6,5541-505AB38,1.0,1.0,COM-5541-505AB38
6,5541-505BA38,1.0,1.0,COM-5541-505BA38
6,5541-513AA38,1.0,1.0,COM-5541-513AA38
6,5541-514AA38,1.0,1.0,COM-5541-514AA38
6,5541-566AA38,1.0,1.0,COM-5541-566AA38
6,5541-569AA38,1.0,1.0,COM-5541-569AA38
6,5541-570AB38,1.0,1.0,COM-5541-570AB38
6,603-643PA,1.0,1.0,COM-603-643PA
6,6108-605AB38,1.0,1.0,COM-6108-605AB38
6,6108-611AA38,1.0,1.0,COM-6108-611AA38
6,6108-612AA38,1.0,1.0,COM-6108-612AA38
6,6108-621AA38,1.0,1.0,COM-6108-621AA38
6,6108-626DA38,1.0,1.0,COM-6108-626DA38
6,960-505AA30,1.0,1.0,COM-960-505AA30
6,B336-541AA34,1.0,1.0,COM-B336-541AA34
6,B336-541AA38,1.0,1.0,COM-B336-541AA38
6,E474-612AA34,1.0,1.0,COM-E474-612AA34
6,E474-622AA34,1.0,1.0,COM-E474-622AA34
6,KS64-01901BB,1.0,1.0,COM-KS64-01901BB
6,KS64-01902BB,1.0,1.0,COM-KS64-01902BB
6,KS64-01903BB,1.0,1.0,COM-KS64-01903BB
6,KS64-01904BB,1.0,1.0,COM-KS64-01904BB
6,KS64-01905BB,1.0,1.0,COM-KS64-01905BB
6,KS64-01906BB,1.0,1.0,COM-KS64-01906BB
6,KS64-01907BB,1.0,1.0,COM-KS64-01907BB
6,KS64-01909BB,1.0,1.0,COM-KS64-01909BB
6,KS64-01910BC,1.0,1.0,COM-KS64-01910BC
6,KS64-01911BC,1.0,1.0,COM-KS64-01911BC
6,KS64-01912BB,1.0,1.0,COM-KS64-01912BB
6,5160-506AA33,1.0,1.0,COM-5160-506AA33
6,5160-506BA33,1.0,1.0,COM-5160-506BA33
6,5160-511AA33,1.0,1.0,COM-5160-511AA33
6,5160-517AA33,1.0,1.0,COM-5160-517AA33
6,5160-518AA33,1.0,1.0,COM-5160-518AA33
6,5160-523AA33,1.0,1.0,COM-5160-523AA33
6,5160-607AA33,1.0,1.0,COM-5160-607AA33
6,5160-607BA33,1.0,1.0,COM-5160-607BA33
6,5160-608AA33,1.0,1.0,COM-5160-608AA33
6,5160-611AB33,1.0,1.0,COM-5160-611AB33
6,5160-613AA33,1.0,1.0,COM-5160-613AA33
6,5160-615AA33,1.0,1.0,COM-5160-615AA33
6,5160-623AA33,1.0,1.0,COM-5160-623AA33
6,5173-607AA30,1.0,1.0,COM-5173-607AA30
6,5173-607BA30,1.0,1.0,COM-5173-607BA30
6,5173-611AA30,1.0,1.0,COM-5173-611AA30
6,5173-611BA30,1.0,1.0,COM-5173-611BA30
6,5173-612AA30,1.0,1.0,COM-5173-612AA30
6,5173-612BA30,1.0,1.0,COM-5173-612BA30
6,5173-631AA30,1.0,1.0,COM-5173-631AA30
6,5173-632AA30,1.0,1.0,COM-5173-632AA30
6,5534-505AA38,1.0,1.0,COM-5534-505AA38
6,5534-506AA38,1.0,1.0,COM-5534-506AA38
6,5534-506BA38,1.0,1.0,COM-5534-506BA38
6,5534-516AA38,1.0,1.0,COM-5534-516AA38
6,5534-516BA38,1.0,1.0,COM-5534-516BA38
6,5534-517BA38,1.0,1.0,COM-5534-517BA38
6,5534-518BA38,1.0,1.0,COM-5534-518BA38
6,5534-566BA38,1.0,1.0,COM-5534-566BA38
6,5534-592AA38,1.0,1.0,COM-5534-592AA38
6,5534-607AA38,1.0,1.0,COM-5534-607AA38
6,5534-607BA38,1.0,1.0,COM-5534-607BA38
6,5534-608AA38,1.0,1.0,COM-5534-608AA38
6,5534-615AA38,1.0,1.0,COM-5534-615AA38
6,5534-616AA38,1.0,1.0,COM-5534-616AA38
6,5534-623BB38,1.0,1.0,COM-5534-623BB38
6,5534-624BB38,1.0,1.0,COM-5534-624BB38
6,5534-627AA38,1.0,1.0,COM-5534-627AA38
6,5534-628AA38,1.0,1.0,COM-5534-628AA38
6,5534-631AA38,1.0,1.0,COM-5534-631AA38
6,5534-632AA38,1.0,1.0,COM-5534-632AA38
6,5540-511AB38,1.0,1.0,COM-5540-511AB38
6,5540-511BA38,1.0,1.0,COM-5540-511BA38
6,5540-512AA38,1.0,1.0,COM-5540-512AA38
6,5540-513AA38,1.0,1.0,COM-5540-513AA38
6,5540-514AA38,1.0,1.0,COM-5540-514AA38
6,5540-566AA38,1.0,1.0,COM-5540-566AA38
6,5540-569AA38,1.0,1.0,COM-5540-569AA38
6,5540-570AB38,1.0,1.0,COM-5540-570AB38
6,582-5317.6,1.0,1.0,COM-582-5317.6
6,582-5327.6,1.0,1.0,COM-582-5327.6
6,582-621L,1.0,1.0,COM-582-621L
6,5154-532AA30,1.0,1.0,COM-5154-532AA30
6,5154-629BA30,1.0,1.0,COM-5154-629BA30
6,5154-630BA30,1.0,1.0,COM-5154-630BA30
6,5154-634AA30,1.0,1.0,COM-5154-634AA30
6,5154-506AA30,1.0,1.0,COM-5154-506AA30
6,5154-506BB30,1.0,1.0,COM-5154-506BB30
6,5154-511AA30,1.0,1.0,COM-5154-511AA30
6,5154-512AA30,1.0,1.0,COM-5154-512AA30
6,5154-513AA30,1.0,1.0,COM-5154-513AA30
6,5154-514AA30,1.0,1.0,COM-5154-514AA30
6,5154-607AA30,1.0,1.0,COM-5154-607AA30
6,5154-607BA30,1.0,1.0,COM-5154-607BA30
6,5154-608AA30,1.0,1.0,COM-5154-608AA30
6,5154-611AA30,1.0,1.0,COM-5154-611AA30
6,5154-612AA30,1.0,1.0,COM-5154-612AA30
6,5154-613AB30,1.0,1.0,COM-5154-613AB30
6,5154-614AB30,1.0,1.0,COM-5154-614AB30
6,5154-615AA30,1.0,1.0,COM-5154-615AA30
6,5154-616AA30,1.0,1.0,COM-5154-616AA30
6,5154-617AA30,1.0,1.0,COM-5154-617AA30
6,5154-618AA30,1.0,1.0,COM-5154-618AA30
6,973-519AA30,1.0,1.0,COM-973-519AA30
6,973-520AA30,1.0,1.0,COM-973-520AA30
6,5154-611BA30,1.0,1.0,COM-5154-611BA30
6,5154-612BA30,1.0,1.0,COM-5154-612BA30
6,57-513BS2,1.0,1.0,COM-57-513BS2
6,600-52138S2,1.0,1.0,COM-600-52138S2
6,972-511CB30,1.0,1.0,COM-972-511CB30
6,972-512AB30,1.0,1.0,COM-972-512AB30
6,5142-506AA30,1.0,1.0,COM-5142-506AA30
6,5142-507AA30,1.0,1.0,COM-5142-507AA30
6,5142-511AA30,1.0,1.0,COM-5142-511AA30
6,5142-512AA30,1.0,1.0,COM-5142-512AA30
6,5142-514AA30,1.0,1.0,COM-5142-514AA30
6,5142-516AA30,1.0,1.0,COM-5142-516AA30
6,5142-606AA30,1.0,1.0,COM-5142-606AA30
6,5142-606BA30,1.0,1.0,COM-5142-606BA30
6,5142-607AA30,1.0,1.0,COM-5142-607AA30
6,5142-611AA30,1.0,1.0,COM-5142-611AA30
6,5142-612AA30,1.0,1.0,COM-5142-612AA30
6,5142-613AA30,1.0,1.0,COM-5142-613AA30
6,5142-614AA30,1.0,1.0,COM-5142-614AA30
6,5142-615AA30,1.0,1.0,COM-5142-615AA30
6,5142-615LA30,1.0,1.0,COM-5142-615LA30
6,5142-616AA30,1.0,1.0,COM-5142-616AA30
6,5142-619AA30,1.0,1.0,COM-5142-619AA30
6,5142-620AA30,1.0,1.0,COM-5142-620AA30
6,5142-621AA30,1.0,1.0,COM-5142-621AA30
6,5142-622AA30,1.0,1.0,COM-5142-622AA30
6,5301-592AA38,1.0,1.0,COM-5301-592AA38
6,5541-511AA38,1.0,1.0,COM-5541-511AA38
6,5541-512AA38,1.0,1.0,COM-5541-512AA38
6,5541-519AA38,1.0,1.0,COM-5541-519AA38
6,5165-512AA30,1.0,1.0,COM-5165-512AA30
6,5165-514AC30,1.0,1.0,COM-5165-514AC30
6,5165-516AB30,1.0,1.0,COM-5165-516AB30
6,5165-516BA30,1.0,1.0,COM-5165-516BA30
6,5165-612AA30,1.0,1.0,COM-5165-612AA30
6,5165-614AA30,1.0,1.0,COM-5165-614AA30
6,5165-615AA30,1.0,1.0,COM-5165-615AA30
6,5165-615LA30,1.0,1.0,COM-5165-615LA30
6,5165-616AA30,1.0,1.0,COM-5165-616AA30
6,5165-619AA30,1.0,1.0,COM-5165-619AA30
6,5165-620AA30,1.0,1.0,COM-5165-620AA30
6,5165-621AA30,1.0,1.0,COM-5165-621AA30
6,5165-622AA30,1.0,1.0,COM-5165-622AA30
6,5173-607AA34,1.0,1.0,COM-5173-607AA34
6,5173-607BA34,1.0,1.0,COM-5173-607BA34
6,5173-611AA34,1.0,1.0,COM-5173-611AA34
6,5173-611BA34,1.0,1.0,COM-5173-611BA34
6,5173-612AA34,1.0,1.0,COM-5173-612AA34
6,5173-612BA34,1.0,1.0,COM-5173-612BA34
6,5173-631AA34,1.0,1.0,COM-5173-631AA34
6,5173-632AA34,1.0,1.0,COM-5173-632AA34
6,5540-511CA38,1.0,1.0,COM-5540-511CA38
6,5540-511DA38,1.0,1.0,COM-5540-511DA38
6,5540-512BA38,1.0,1.0,COM-5540-512BA38
6,5540-513BA38,1.0,1.0,COM-5540-513BA38
6,5540-514BA38,1.0,1.0,COM-5540-514BA38
6,5154-514BA30,1.0,1.0,COM-5154-514BA30
6,5520-515BA,1.0,1.0,COM-5520-515BA
6,5532-566CA34,1.0,1.0,COM-5532-566CA34
6,5520-566FA38,1.0,1.0,COM-5520-566FA38
6,5520-566GA30,1.0,1.0,COM-5520-566GA30
6,5520-569AB38,1.0,1.0,COM-5520-569AB38
6,5520-569BA30,1.0,1.0,COM-5520-569BA30
6,5520-570BC38,1.0,1.0,COM-5520-570BC38
6,5161-511AA14,1.0,1.0,COM-5161-511AA14
6,5161-512AA14,1.0,1.0,COM-5161-512AA14
6,5161-513AA14,1.0,1.0,COM-5161-513AA14
6,5161-514AA14,1.0,1.0,COM-5161-514AA14
6,5161-521AA14,1.0,1.0,COM-5161-521AA14
6,5161-522AA14,1.0,1.0,COM-5161-522AA14
6,5161-523AA14,1.0,1.0,COM-5161-523AA14
6,5161-524AA14,1.0,1.0,COM-5161-524AA14
6,5161-611AA14,1.0,1.0,COM-5161-611AA14
6,5161-613AA14,1.0,1.0,COM-5161-613AA14
6,5161-614AA14,1.0,1.0,COM-5161-614AA14
6,5161-621AA14,1.0,1.0,COM-5161-621AA14
6,5161-622AA14,1.0,1.0,COM-5161-622AA14
6,5161-623AA14,1.0,1.0,COM-5161-623AA14
6,5161-623GA14,1.0,1.0,COM-5161-623GA14
6,5161-624AA14,1.0,1.0,COM-5161-624AA14
6,850-511B,1.0,1.0,COM-850-511B
6,5520-566AA30,1.0,1.0,COM-5520-566AA30
6,5520-566BA38,1.0,1.0,COM-5520-566BA38
6,5520-570AA30,1.0,1.0,COM-5520-570AA30
6,6105-605AC42,1.0,1.0,COM-6105-605AC42
6,6105-611AA38,1.0,1.0,COM-6105-611AA38
6,6105-612AA38,1.0,1.0,COM-6105-612AA38
6,6105-613AB38,1.0,1.0,COM-6105-613AB38
6,6105-621AC38,1.0,1.0,COM-6105-621AC38
6,6105-626CA38,1.0,1.0,COM-6105-626CA38
6,B336-504AA38,1.0,1.0,COM-B336-504AA38
6,B336-504BA38,1.0,1.0,COM-B336-504BA38
6,B336-505AA38,1.0,1.0,COM-B336-505AA38
6,B336-505BA38,1.0,1.0,COM-B336-505BA38
6,B336-511BA38,1.0,1.0,COM-B336-511BA38
6,B336-511BB38,1.0,1.0,COM-B336-511BB38
6,B336-513AB38,1.0,1.0,COM-B336-513AB38
6,B336-524AA38,1.0,1.0,COM-B336-524AA38
6,603-643BA,1.0,1.0,COM-603-643BA
6,603-643QA,1.0,1.0,COM-603-643QA
6,631-65126,1.0,1.0,COM-631-65126
6,631-682AA30,1.0,1.0,COM-631-682AA30
6,631-682BA30,1.0,1.0,COM-631-682BA30
6,631-685AA26,1.0,1.0,COM-631-685AA26
6,631-685BA26,1.0,1.0,COM-631-685BA26
6,5529-579AA38,1.0,1.0,COM-5529-579AA38
6,6105-524AA38,1.0,1.0,COM-6105-524AA38
6,6105-566AA38,1.0,1.0,COM-6105-566AA38
6,6105-569AA38,1.0,1.0,COM-6105-569AA38
6,6105-570AA38,1.0,1.0,COM-6105-570AA38
6,5141-525AA38,1.0,1.0,COM-5141-525AA38
6,5154-511BA30,1.0,1.0,COM-5154-511BA30
6,5142-506AA40,1.0,1.0,COM-5142-506AA40
6,5142-507AA40,1.0,1.0,COM-5142-507AA40
6,5142-511AA40,1.0,1.0,COM-5142-511AA40
6,5142-512AA40,1.0,1.0,COM-5142-512AA40
6,5142-514AA40,1.0,1.0,COM-5142-514AA40
6,5142-516AA40,1.0,1.0,COM-5142-516AA40
6,5142-521AA40,1.0,1.0,COM-5142-521AA40
6,5142-522AA40,1.0,1.0,COM-5142-522AA40
6,5142-524AA40,1.0,1.0,COM-5142-524AA40
6,5142-525AA40,1.0,1.0,COM-5142-525AA40
6,5142-606AA40,1.0,1.0,COM-5142-606AA40
6,5142-606BA40,1.0,1.0,COM-5142-606BA40
6,5142-607AA40,1.0,1.0,COM-5142-607AA40
6,5142-611AA40,1.0,1.0,COM-5142-611AA40
6,5142-612AA40,1.0,1.0,COM-5142-612AA40
6,5142-613AA40,1.0,1.0,COM-5142-613AA40
6,5142-614AA40,1.0,1.0,COM-5142-614AA40
6,5142-615AA40,1.0,1.0,COM-5142-615AA40
6,5142-615LA40,1.0,1.0,COM-5142-615LA40
6,5142-616AA40,1.0,1.0,COM-5142-616AA40
6,5142-617AA40,1.0,1.0,COM-5142-617AA40
6,5142-618AA40,1.0,1.0,COM-5142-618AA40
6,5142-619AA40,1.0,1.0,COM-5142-619AA40
6,5142-620AA40,1.0,1.0,COM-5142-620AA40
6,5142-621AA40,1.0,1.0,COM-5142-621AA40
6,5142-622AA40,1.0,1.0,COM-5142-622AA40
6,5154-506AA34,1.0,1.0,COM-5154-506AA34
6,5154-506BB34,1.0,1.0,COM-5154-506BB34
6,5154-511AA34,1.0,1.0,COM-5154-511AA34
6,5154-512AA34,1.0,1.0,COM-5154-512AA34
6,5154-513AA34,1.0,1.0,COM-5154-513AA34
6,5154-514AA34,1.0,1.0,COM-5154-514AA34
6,5154-531AB30,1.0,1.0,COM-5154-531AB30
6,5154-607AA34,1.0,1.0,COM-5154-607AA34
6,5154-607BA34,1.0,1.0,COM-5154-607BA34
6,5154-608AA34,1.0,1.0,COM-5154-608AA34
6,5154-611AA34,1.0,1.0,COM-5154-611AA34
6,5154-612AA34,1.0,1.0,COM-5154-612AA34
6,5154-613AB34,1.0,1.0,COM-5154-613AB34
6,5154-614AB34,1.0,1.0,COM-5154-614AB34
6,5154-615AA34,1.0,1.0,COM-5154-615AA34
6,5154-616AA34,1.0,1.0,COM-5154-616AA34
6,5154-617AA34,1.0,1.0,COM-5154-617AA34
6,5154-618AA34,1.0,1.0,COM-5154-618AA34
6,5154-631AB30,1.0,1.0,COM-5154-631AB30
6,5154-632AB30,1.0,1.0,COM-5154-632AB30
6,5154-635AA30,1.0,1.0,COM-5154-635AA30
6,5154-636AA30,1.0,1.0,COM-5154-636AA30
6,5165-541SA34,1.0,1.0,COM-5165-541SA34
6,5529-511FA30,1.0,1.0,COM-5529-511FA30
6,5532-566FA34,1.0,1.0,COM-5532-566FA34
6,59-523,1.0,1.0,COM-59-523
6,6108-612BA38,1.0,1.0,COM-6108-612BA38
6,6108-613AA38,1.0,1.0,COM-6108-613AA38
6,631-51730,1.0,1.0,COM-631-51730
6,631-51930,1.0,1.0,COM-631-51930
6,5132-511AA30,1.0,1.0,COM-5132-511AA30
6,5132-512AA30,1.0,1.0,COM-5132-512AA30
6,5132-513AB30,1.0,1.0,COM-5132-513AB30
6,5132-514AB30,1.0,1.0,COM-5132-514AB30
6,5132-515AB30,1.0,1.0,COM-5132-515AB30
6,5132-516AA33,1.0,1.0,COM-5132-516AA33
6,5132-519AA30,1.0,1.0,COM-5132-519AA30
6,5142-506AA38,1.0,1.0,COM-5142-506AA38
6,5142-507AA38,1.0,1.0,COM-5142-507AA38
6,5142-511AA38,1.0,1.0,COM-5142-511AA38
6,5142-512AA38,1.0,1.0,COM-5142-512AA38
6,5142-514AA38,1.0,1.0,COM-5142-514AA38
6,5142-516AA38,1.0,1.0,COM-5142-516AA38
6,5142-521AA38,1.0,1.0,COM-5142-521AA38
6,5142-524AA38,1.0,1.0,COM-5142-524AA38
6,5142-525AA38,1.0,1.0,COM-5142-525AA38
6,5142-606AA38,1.0,1.0,COM-5142-606AA38
6,5142-606BA38,1.0,1.0,COM-5142-606BA38
6,5142-607AA38,1.0,1.0,COM-5142-607AA38
6,5142-611AA36,1.0,1.0,COM-5142-611AA36
6,5142-612AA36,1.0,1.0,COM-5142-612AA36
6,5142-613AA38,1.0,1.0,COM-5142-613AA38
6,5142-614AA38,1.0,1.0,COM-5142-614AA38
6,5142-615AA38,1.0,1.0,COM-5142-615AA38
6,5142-615LA38,1.0,1.0,COM-5142-615LA38
6,5142-616AA38,1.0,1.0,COM-5142-616AA38
6,5142-617AA38,1.0,1.0,COM-5142-617AA38
6,5142-618AA38,1.0,1.0,COM-5142-618AA38
6,5142-619AA38,1.0,1.0,COM-5142-619AA38
6,5142-620AA38,1.0,1.0,COM-5142-620AA38
6,5142-621AA36,1.0,1.0,COM-5142-621AA36
6,5142-622AA36,1.0,1.0,COM-5142-622AA36
6,5154-515AA30,1.0,1.0,COM-5154-515AA30
6,5154-619AA30,1.0,1.0,COM-5154-619AA30
6,5154-620AA30,1.0,1.0,COM-5154-620AA30
6,5163-511AA33,1.0,1.0,COM-5163-511AA33
6,5165-506AA38,1.0,1.0,COM-5165-506AA38
6,5165-506BA38,1.0,1.0,COM-5165-506BA38
6,5165-511AA38,1.0,1.0,COM-5165-511AA38
6,5165-512AA38,1.0,1.0,COM-5165-512AA38
6,5165-514AA38,1.0,1.0,COM-5165-514AA38
6,5165-516AA38,1.0,1.0,COM-5165-516AA38
6,5165-521AA38,1.0,1.0,COM-5165-521AA38
6,5165-522AA38,1.0,1.0,COM-5165-522AA38
6,5165-524AA38,1.0,1.0,COM-5165-524AA38
6,5165-525AA38,1.0,1.0,COM-5165-525AA38
6,5165-541SA38,1.0,1.0,COM-5165-541SA38
6,5165-606AA38,1.0,1.0,COM-5165-606AA38
6,5165-606BA38,1.0,1.0,COM-5165-606BA38
6,5165-607AA38,1.0,1.0,COM-5165-607AA38
6,5165-613AA38,1.0,1.0,COM-5165-613AA38
6,5165-614AA38,1.0,1.0,COM-5165-614AA38
6,5165-615AA38,1.0,1.0,COM-5165-615AA38
6,5165-616AA38,1.0,1.0,COM-5165-616AA38
6,5165-617AA38,1.0,1.0,COM-5165-617AA38
6,5165-618AA38,1.0,1.0,COM-5165-618AA38
6,5165-619AA38,1.0,1.0,COM-5165-619AA38
6,5165-620AA38,1.0,1.0,COM-5165-620AA38
6,5174-607AA33,1.0,1.0,COM-5174-607AA33
6,5174-607BA33,1.0,1.0,COM-5174-607BA33
6,5174-608AA33,1.0,1.0,COM-5174-608AA33
6,5174-611AA33,1.0,1.0,COM-5174-611AA33
6,5174-612AA33,1.0,1.0,COM-5174-612AA33
6,5174-613AA33,1.0,1.0,COM-5174-613AA33
6,5174-614AA33,1.0,1.0,COM-5174-614AA33
6,5174-615AA33,1.0,1.0,COM-5174-615AA33
6,5174-616AA33,1.0,1.0,COM-5174-616AA33
6,5174-631AA33,1.0,1.0,COM-5174-631AA33
6,5174-632AA33,1.0,1.0,COM-5174-632AA33
6,5174-633AA33,1.0,1.0,COM-5174-633AA33
6,5174-634AA33,1.0,1.0,COM-5174-634AA33
6,5181-506AA19,1.0,1.0,COM-5181-506AA19
6,5181-511AA19,1.0,1.0,COM-5181-511AA19
6,5181-607AA19,1.0,1.0,COM-5181-607AA19
6,5181-611AA19,1.0,1.0,COM-5181-611AA19
6,5181-615AA19,1.0,1.0,COM-5181-615AA19
6,5211-515AA36,1.0,1.0,COM-5211-515AA36
6,5211-516AA34,1.0,1.0,COM-5211-516AA34
6,5211-623AA36,1.0,1.0,COM-5211-623AA36
6,5211-624AA36,1.0,1.0,COM-5211-624AA36
6,5211-627AA36,1.0,1.0,COM-5211-627AA36
6,5211-628AA36,1.0,1.0,COM-5211-628AA36
6,5213-515AA36,1.0,1.0,COM-5213-515AA36
6,5213-623AA36,1.0,1.0,COM-5213-623AA36
6,5213-624AA36,1.0,1.0,COM-5213-624AA36
6,5213-627AB36,1.0,1.0,COM-5213-627AB36
6,5213-628AB36,1.0,1.0,COM-5213-628AB36
6,5529-566AA38,1.0,1.0,COM-5529-566AA38
6,5529-569AC38,1.0,1.0,COM-5529-569AC38
6,5529-569BA38,1.0,1.0,COM-5529-569BA38
6,5529-570AA38,1.0,1.0,COM-5529-570AA38
6,5529-572AA38,1.0,1.0,COM-5529-572AA38
6,5529-573AC38,1.0,1.0,COM-5529-573AC38
6,5529-574AA38,1.0,1.0,COM-5529-574AA38
6,57-607BC30,1.0,1.0,COM-57-607BC30
6,6105-511AA48,1.0,1.0,COM-6105-511AA48
6,6105-511BA48,1.0,1.0,COM-6105-511BA48
6,6105-511CA48,1.0,1.0,COM-6105-511CA48
6,6105-511EA48,1.0,1.0,COM-6105-511EA48
6,6105-512AA48,1.0,1.0,COM-6105-512AA48
6,6105-515AA33,1.0,1.0,COM-6105-515AA33
6,6105-515BA33,1.0,1.0,COM-6105-515BA33
6,6105-524AA48,1.0,1.0,COM-6105-524AA48
6,6105-566AA48,1.0,1.0,COM-6105-566AA48
6,6105-569AA48,1.0,1.0,COM-6105-569AA48
6,6105-570AA48,1.0,1.0,COM-6105-570AA48
6,6105-611AA48,1.0,1.0,COM-6105-611AA48
6,6105-612AA48,1.0,1.0,COM-6105-612AA48
6,6105-612BA48,1.0,1.0,COM-6105-612BA48
6,6105-613AA48,1.0,1.0,COM-6105-613AA48
6,6105-621AA48,1.0,1.0,COM-6105-621AA48
6,6105-626CA48,1.0,1.0,COM-6105-626CA48
6,6108-611BA38,1.0,1.0,COM-6108-611BA38
6,B336-504AA48,1.0,1.0,COM-B336-504AA48
6,B336-505AA48,1.0,1.0,COM-B336-505AA48
6,B336-511CA48,1.0,1.0,COM-B336-511CA48
6,B336-511DA48,1.0,1.0,COM-B336-511DA48
6,B336-513AA48,1.0,1.0,COM-B336-513AA48
6,B336-519AA48,1.0,1.0,COM-B336-519AA48
6,B336-541AA48,1.0,1.0,COM-B336-541AA48
6,KS64-01912CB,1.0,1.0,COM-KS64-01912CB
6,KS91-02301CA26,1.0,1.0,COM-KS91-02301CA26
6,5108-608AA30,1.0,1.0,COM-5108-608AA30
6,5108-613CA30,1.0,1.0,COM-5108-613CA30
6,5108-614CA30,1.0,1.0,COM-5108-614CA30
6,5108-615AA30,1.0,1.0,COM-5108-615AA30
6,5108-616AA30,1.0,1.0,COM-5108-616AA30
6,5165-506AA42,1.0,1.0,COM-5165-506AA42
6,5165-521AC30,1.0,1.0,COM-5165-521AC30
6,5165-525AA30,1.0,1.0,COM-5165-525AA30
6,5165-606AA42,1.0,1.0,COM-5165-606AA42
6,5165-613AA42,1.0,1.0,COM-5165-613AA42
6,5165-614AA42,1.0,1.0,COM-5165-614AA42
6,5165-615AA42,1.0,1.0,COM-5165-615AA42
6,5165-615LA42,1.0,1.0,COM-5165-615LA42
6,5165-616AA42,1.0,1.0,COM-5165-616AA42
6,5165-617AA42,1.0,1.0,COM-5165-617AA42
6,5165-618AA42,1.0,1.0,COM-5165-618AA42
6,5165-619AA42,1.0,1.0,COM-5165-619AA42
6,5165-620AA42,1.0,1.0,COM-5165-620AA42
6,5179-623MA34,1.0,1.0,COM-5179-623MA34
6,5179-624MA34,1.0,1.0,COM-5179-624MA34
6,5211-511CA34,1.0,1.0,COM-5211-511CA34
6,5211-521AB34,1.0,1.0,COM-5211-521AB34
6,5213-506AA30,1.0,1.0,COM-5213-506AA30
6,5213-512AA30,1.0,1.0,COM-5213-512AA30
6,5213-514AA30,1.0,1.0,COM-5213-514AA30
6,5213-515AA30,1.0,1.0,COM-5213-515AA30
6,5213-518AA30,1.0,1.0,COM-5213-518AA30
6,5213-615AB30,1.0,1.0,COM-5213-615AB30
6,5213-616AB30,1.0,1.0,COM-5213-616AB30
6,5213-617AB30,1.0,1.0,COM-5213-617AB30
6,5213-618AB30,1.0,1.0,COM-5213-618AB30
6,5213-619AA30,1.0,1.0,COM-5213-619AA30
6,5213-619AA36,1.0,1.0,COM-5213-619AA36
6,5213-620AA30,1.0,1.0,COM-5213-620AA30
6,5213-620AA36,1.0,1.0,COM-5213-620AA36
6,5213-621AA30,1.0,1.0,COM-5213-621AA30
6,5213-622AA30,1.0,1.0,COM-5213-622AA30
6,5213-627AB30,1.0,1.0,COM-5213-627AB30
6,5213-628AB30,1.0,1.0,COM-5213-628AB30
6,5213-651AA30,1.0,1.0,COM-5213-651AA30
6,5213-652AA30,1.0,1.0,COM-5213-652AA30
6,5213-653AA30,1.0,1.0,COM-5213-653AA30
6,5213-654AA30,1.0,1.0,COM-5213-654AA30
6,5218-607AA30,1.0,1.0,COM-5218-607AA30
6,5218-612AA30,1.0,1.0,COM-5218-612AA30
6,5218-613AA30,1.0,1.0,COM-5218-613AA30
6,5218-614AA30,1.0,1.0,COM-5218-614AA30
6,5218-632AA30,1.0,1.0,COM-5218-632AA30
6,5301-591AA38,1.0,1.0,COM-5301-591AA38
6,5301-593AA38,1.0,1.0,COM-5301-593AA38
6,5307-592AA38,1.0,1.0,COM-5307-592AA38
6,5520-566EB30,1.0,1.0,COM-5520-566EB30
6,5529-607AA34,1.0,1.0,COM-5529-607AA34
6,5529-607BA34,1.0,1.0,COM-5529-607BA34
6,5532-531AA38,1.0,1.0,COM-5532-531AA38
6,5532-531BA38,1.0,1.0,COM-5532-531BA38
6,5532-611AA34,1.0,1.0,COM-5532-611AA34
6,5532-612AA34,1.0,1.0,COM-5532-612AA34
6,5532-613AA34,1.0,1.0,COM-5532-613AA34
6,5532-614AA34,1.0,1.0,COM-5532-614AA34
6,5532-617AA34,1.0,1.0,COM-5532-617AA34
6,5532-618AA34,1.0,1.0,COM-5532-618AA34
6,5532-619AA34,1.0,1.0,COM-5532-619AA34
6,5532-620AA34,1.0,1.0,COM-5532-620AA34
6,5532-625AA34,1.0,1.0,COM-5532-625AA34
6,5532-626AA34,1.0,1.0,COM-5532-626AA34
6,5541-516AA38,1.0,1.0,COM-5541-516AA38
6,5541-516GA38,1.0,1.0,COM-5541-516GA38
6,57-506A30,1.0,1.0,COM-57-506A30
6,57-507A30,1.0,1.0,COM-57-507A30
6,57-606AC30,1.0,1.0,COM-57-606AC30
6,57-606BC30,1.0,1.0,COM-57-606BC30
6,59-521L30,1.0,1.0,COM-59-521L30
6,59-525V,1.0,1.0,COM-59-525V
6,59-611B,1.0,1.0,COM-59-611B
6,59-612B,1.0,1.0,COM-59-612B
6,59-613BS2,1.0,1.0,COM-59-613BS2
6,59-614BS2,1.0,1.0,COM-59-614BS2
6,59-615V,1.0,1.0,COM-59-615V
6,59-616V,1.0,1.0,COM-59-616V
6,59-619S2,1.0,1.0,COM-59-619S2
6,59-620S2,1.0,1.0,COM-59-620S2
6,59-621,1.0,1.0,COM-59-621
6,59-622,1.0,1.0,COM-59-622
6,59-624,1.0,1.0,COM-59-624
6,960-505AA26,1.0,1.0,COM-960-505AA26
6,B336-513AA38,1.0,1.0,COM-B336-513AA38
6,B336-516AA38,1.0,1.0,COM-B336-516AA38
6,B336-517AC38,1.0,1.0,COM-B336-517AC38
6,B336-612AA38,1.0,1.0,COM-B336-612AA38
6,B336-613AA38,1.0,1.0,COM-B336-613AA38
6,B336-614AA38,1.0,1.0,COM-B336-614AA38
6,B336-615AA38,1.0,1.0,COM-B336-615AA38
6,B336-617AA38,1.0,1.0,COM-B336-617AA38
6,B336-618AA38,1.0,1.0,COM-B336-618AA38
6,B336-621AA38,1.0,1.0,COM-B336-621AA38
6,B336-622AA38,1.0,1.0,COM-B336-622AA38
6,B336-623AA38,1.0,1.0,COM-B336-623AA38
6,KD64-01112CC,1.0,1.0,COM-KD64-01112CC
6,KS64-01901AB,1.0,1.0,COM-KS64-01901AB
6,KS64-01902AB,1.0,1.0,COM-KS64-01902AB
6,KS64-01903AB,1.0,1.0,COM-KS64-01903AB
6,KS64-01904AB,1.0,1.0,COM-KS64-01904AB
6,KS64-01905AB,1.0,1.0,COM-KS64-01905AB
6,KS64-01906AB,1.0,1.0,COM-KS64-01906AB
6,KS64-01912AB,1.0,1.0,COM-KS64-01912AB
6,5307-591AA38,1.0,1.0,COM-5307-591AA38
6,5307-593AA38,1.0,1.0,COM-5307-593AA38
6,5520-566CA30,1.0,1.0,COM-5520-566CA30
6,5520-566DA38,1.0,1.0,COM-5520-566DA38
6,5520-570CA30,1.0,1.0,COM-5520-570CA30
6,5520-570DA38,1.0,1.0,COM-5520-570DA38
6,B336-516GA38,1.0,1.0,COM-B336-516GA38
6,B336-517GB38,1.0,1.0,COM-B336-517GB38
6,B336-518BA38,1.0,1.0,COM-B336-518BA38
6,B336-518GB38,1.0,1.0,COM-B336-518GB38
6,B336-612BA38,1.0,1.0,COM-B336-612BA38
6,B336-619AA38,1.0,1.0,COM-B336-619AA38
6,B336-621GA38,1.0,1.0,COM-B336-621GA38
6,6105-566BA38,1.0,1.0,COM-6105-566BA38
6,6105-570BA38,1.0,1.0,COM-6105-570BA38
6,6105-612BA38,1.0,1.0,COM-6105-612BA38
6,6105-615AC38,1.0,1.0,COM-6105-615AC38
6,6105-615GC38,1.0,1.0,COM-6105-615GC38
6,6105-621BC38,1.0,1.0,COM-6105-621BC38
6,6105-622AB38,1.0,1.0,COM-6105-622AB38
6,6105-623AC38,1.0,1.0,COM-6105-623AC38
6,6105-626AC38,1.0,1.0,COM-6105-626AC38
6,6105-691AA38,1.0,1.0,COM-6105-691AA38
6,6105-692AA38,1.0,1.0,COM-6105-692AA38
6,5529-566BA38,1.0,1.0,COM-5529-566BA38
6,5529-566CA38,1.0,1.0,COM-5529-566CA38
6,5529-569CA38,1.0,1.0,COM-5529-569CA38
6,5529-570BA38,1.0,1.0,COM-5529-570BA38
6,5529-570CA38,1.0,1.0,COM-5529-570CA38
6,5541-569BA38,1.0,1.0,COM-5541-569BA38
6,960-516BA30,1.0,1.0,COM-960-516BA30
6,5154-632BA30,1.0,1.0,COM-5154-632BA30
6,5165-615LA38,1.0,1.0,COM-5165-615LA38
6,5165-615LA40,1.0,1.0,COM-5165-615LA40
6,5534-517AA38,1.0,1.0,COM-5534-517AA38
6,5534-518AA38,1.0,1.0,COM-5534-518AA38
6,5534-591AA38,1.0,1.0,COM-5534-591AA38
6,5534-593AA38,1.0,1.0,COM-5534-593AA38
6,5534-619AA38,1.0,1.0,COM-5534-619AA38
6,5534-620AA38,1.0,1.0,COM-5534-620AA38
6,5540-569BA38,1.0,1.0,COM-5540-569BA38
6,5540-570BA38,1.0,1.0,COM-5540-570BA38
6,5172-513GA30,1.0,1.0,COM-5172-513GA30
6,5172-514GA30,1.0,1.0,COM-5172-514GA30
6,5172-613GA30,1.0,1.0,COM-5172-613GA30
6,5172-614GA30,1.0,1.0,COM-5172-614GA30
6,631-682CA30,1.0,1.0,COM-631-682CA30
6,631-513B,1.0,1.0,COM-631-513B
6,631-514N30,1.0,1.0,COM-631-514N30
6,631-51530,1.0,1.0,COM-631-51530
6,631-516G30,1.0,1.0,COM-631-516G30
6,631-516H30,1.0,1.0,COM-631-516H30
6,631-516I30,1.0,1.0,COM-631-516I30
6,5121-506AA40,1.0,1.0,COM-5121-506AA40
6,5121-506AA42,1.0,1.0,COM-5121-506AA42
6,5121-507AA40,1.0,1.0,COM-5121-507AA40
6,5121-507AA42,1.0,1.0,COM-5121-507AA42
6,5121-511BA40,1.0,1.0,COM-5121-511BA40
6,5121-511BA42,1.0,1.0,COM-5121-511BA42
6,5121-512AA40,1.0,1.0,COM-5121-512AA40
6,5121-512AA42,1.0,1.0,COM-5121-512AA42
6,5121-514AA40,1.0,1.0,COM-5121-514AA40
6,5121-514AA42,1.0,1.0,COM-5121-514AA42
6,5121-521AA40,1.0,1.0,COM-5121-521AA40
6,5121-521AA42,1.0,1.0,COM-5121-521AA42
6,5121-522AA40,1.0,1.0,COM-5121-522AA40
6,5121-522AA42,1.0,1.0,COM-5121-522AA42
6,5121-525AA40,1.0,1.0,COM-5121-525AA40
6,5121-525AA42,1.0,1.0,COM-5121-525AA42
6,5121-606AA40,1.0,1.0,COM-5121-606AA40
6,5121-606AA42,1.0,1.0,COM-5121-606AA42
6,5121-606BA40,1.0,1.0,COM-5121-606BA40
6,5121-606BA42,1.0,1.0,COM-5121-606BA42
6,5121-607AA40,1.0,1.0,COM-5121-607AA40
6,5121-607AA42,1.0,1.0,COM-5121-607AA42
6,5121-607BA40,1.0,1.0,COM-5121-607BA40
6,5121-607BA42,1.0,1.0,COM-5121-607BA42
6,5121-611BA42,1.0,1.0,COM-5121-611BA42
6,5121-612BA42,1.0,1.0,COM-5121-612BA42
6,5121-613AA40,1.0,1.0,COM-5121-613AA40
6,5121-613AA42,1.0,1.0,COM-5121-613AA42
6,5121-614AA40,1.0,1.0,COM-5121-614AA40
6,5121-614AA42,1.0,1.0,COM-5121-614AA42
6,5121-615AA40,1.0,1.0,COM-5121-615AA40
6,5121-615AA42,1.0,1.0,COM-5121-615AA42
6,5121-616AA40,1.0,1.0,COM-5121-616AA40
6,5121-616AA42,1.0,1.0,COM-5121-616AA42
6,5121-619AA40,1.0,1.0,COM-5121-619AA40
6,5121-619AA42,1.0,1.0,COM-5121-619AA42
6,5121-620AA40,1.0,1.0,COM-5121-620AA40
6,5121-620AA42,1.0,1.0,COM-5121-620AA42
6,5121-621AA42,1.0,1.0,COM-5121-621AA42
6,5121-622AA42,1.0,1.0,COM-5121-622AA42
6,5142-506AA36,1.0,1.0,COM-5142-506AA36
6,5142-507AA36,1.0,1.0,COM-5142-507AA36
6,5142-511AA36,1.0,1.0,COM-5142-511AA36
6,5142-512AA36,1.0,1.0,COM-5142-512AA36
6,5142-514AA36,1.0,1.0,COM-5142-514AA36
6,5142-516AA36,1.0,1.0,COM-5142-516AA36
6,5142-521AA36,1.0,1.0,COM-5142-521AA36
6,5142-522AA36,1.0,1.0,COM-5142-522AA36
6,5142-524AA36,1.0,1.0,COM-5142-524AA36
6,5142-525AA36,1.0,1.0,COM-5142-525AA36
6,5142-606AA36,1.0,1.0,COM-5142-606AA36
6,5142-606BA36,1.0,1.0,COM-5142-606BA36
6,5142-607AA36,1.0,1.0,COM-5142-607AA36
6,5142-613AA36,1.0,1.0,COM-5142-613AA36
6,5142-614AA36,1.0,1.0,COM-5142-614AA36
6,5142-616AA36,1.0,1.0,COM-5142-616AA36
6,5142-618AA36,1.0,1.0,COM-5142-618AA36
6,5142-619AA36,1.0,1.0,COM-5142-619AA36
6,5142-620AA36,1.0,1.0,COM-5142-620AA36
6,5529-511DA30,1.0,1.0,COM-5529-511DA30
6,5532-570CA34,1.0,1.0,COM-5532-570CA34
6,59-521A38,1.0,1.0,COM-59-521A38
6,59-522V,1.0,1.0,COM-59-522V
6,59-525AV38,1.0,1.0,COM-59-525AV38
6,59-625V,1.0,1.0,COM-59-625V
6,59-626V,1.0,1.0,COM-59-626V
6,603-535B38,1.0,1.0,COM-603-535B38
6,6108-618AA38,1.0,1.0,COM-6108-618AA38
6,6108-621BA38,1.0,1.0,COM-6108-621BA38
6,6108-622AB38,1.0,1.0,COM-6108-622AB38
6,6108-623AA38,1.0,1.0,COM-6108-623AA38
6,6108-624AA38,1.0,1.0,COM-6108-624AA38
6,6108-625AA38,1.0,1.0,COM-6108-625AA38
6,6108-626AB38,1.0,1.0,COM-6108-626AB38
6,631-51830,1.0,1.0,COM-631-51830
6,826-512AA30,1.0,1.0,COM-826-512AA30
6,826-513AA30,1.0,1.0,COM-826-513AA30
6,920-511A30,1.0,1.0,COM-920-511A30
6,959-511AA30,1.0,1.0,COM-959-511AA30
6,973-514AC30,1.0,1.0,COM-973-514AC30
6,5121-521AA34,1.0,1.0,COM-5121-521AA34
6,5121-521AA36,1.0,1.0,COM-5121-521AA36
6,5121-524BA34,1.0,1.0,COM-5121-524BA34
6,5121-524BA36,1.0,1.0,COM-5121-524BA36
6,5142-506AA33,1.0,1.0,COM-5142-506AA33
6,5142-507AA33,1.0,1.0,COM-5142-507AA33
6,5142-511AA33,1.0,1.0,COM-5142-511AA33
6,5142-512AA33,1.0,1.0,COM-5142-512AA33
6,5142-514AA33,1.0,1.0,COM-5142-514AA33
6,5142-516AA33,1.0,1.0,COM-5142-516AA33
6,5142-521AA33,1.0,1.0,COM-5142-521AA33
6,5142-522AA33,1.0,1.0,COM-5142-522AA33
6,5142-522AA38,1.0,1.0,COM-5142-522AA38
6,5142-524AA33,1.0,1.0,COM-5142-524AA33
6,5142-524BA36,1.0,1.0,COM-5142-524BA36
6,5142-525AA33,1.0,1.0,COM-5142-525AA33
6,5142-529AA36,1.0,1.0,COM-5142-529AA36
6,5142-606AA33,1.0,1.0,COM-5142-606AA33
6,5142-606BA33,1.0,1.0,COM-5142-606BA33
6,5142-607AA33,1.0,1.0,COM-5142-607AA33
6,5142-613AA33,1.0,1.0,COM-5142-613AA33
6,5142-614AA33,1.0,1.0,COM-5142-614AA33
6,5142-615AA33,1.0,1.0,COM-5142-615AA33
6,5142-615LA33,1.0,1.0,COM-5142-615LA33
6,5142-616AA33,1.0,1.0,COM-5142-616AA33
6,5142-619AA33,1.0,1.0,COM-5142-619AA33
6,5142-620AA33,1.0,1.0,COM-5142-620AA33
6,5154-506AA36,1.0,1.0,COM-5154-506AA36
6,5154-506BA36,1.0,1.0,COM-5154-506BA36
6,5154-506CB36,1.0,1.0,COM-5154-506CB36
6,5154-512AA38,1.0,1.0,COM-5154-512AA38
6,5154-513AA38,1.0,1.0,COM-5154-513AA38
6,5154-514AA38,1.0,1.0,COM-5154-514AA38
6,5154-521AA38,1.0,1.0,COM-5154-521AA38
6,5154-607AA36,1.0,1.0,COM-5154-607AA36
6,5154-607BA36,1.0,1.0,COM-5154-607BA36
6,5154-608AA36,1.0,1.0,COM-5154-608AA36
6,5154-609AA36,1.0,1.0,COM-5154-609AA36
6,5154-613AB36,1.0,1.0,COM-5154-613AB36
6,5154-614AB36,1.0,1.0,COM-5154-614AB36
6,5154-615AA36,1.0,1.0,COM-5154-615AA36
6,5154-616AA36,1.0,1.0,COM-5154-616AA36
6,5154-617AA36,1.0,1.0,COM-5154-617AA36
6,5154-618AA36,1.0,1.0,COM-5154-618AA36
6,5154-621AA36,1.0,1.0,COM-5154-621AA36
6,5154-622AA36,1.0,1.0,COM-5154-622AA36
6,5181-506BA19,1.0,1.0,COM-5181-506BA19
6,5181-513AA19,1.0,1.0,COM-5181-513AA19
6,5181-607BA19,1.0,1.0,COM-5181-607BA19
6,5181-608AA19,1.0,1.0,COM-5181-608AA19
6,5521-504AB17,1.0,1.0,COM-5521-504AB17
6,5521-504AB20,1.0,1.0,COM-5521-504AB20
6,5521-504BA17,1.0,1.0,COM-5521-504BA17
6,5521-504BA20,1.0,1.0,COM-5521-504BA20
6,5521-505AB17,1.0,1.0,COM-5521-505AB17
6,5521-505AB20,1.0,1.0,COM-5521-505AB20
6,5521-505BA17,1.0,1.0,COM-5521-505BA17
6,5521-505BA20,1.0,1.0,COM-5521-505BA20
6,5521-511AA17,1.0,1.0,COM-5521-511AA17
6,5521-511AA20,1.0,1.0,COM-5521-511AA20
6,5521-511LA17,1.0,1.0,COM-5521-511LA17
6,5521-511LA20,1.0,1.0,COM-5521-511LA20
6,5521-512AA17,1.0,1.0,COM-5521-512AA17
6,5521-512AA20,1.0,1.0,COM-5521-512AA20
6,5521-513AB17,1.0,1.0,COM-5521-513AB17
6,5521-513AB20,1.0,1.0,COM-5521-513AB20
6,5521-514AB17,1.0,1.0,COM-5521-514AB17
6,5521-514AB20,1.0,1.0,COM-5521-514AB20
6,5521-516AA17,1.0,1.0,COM-5521-516AA17
6,5521-516AA20,1.0,1.0,COM-5521-516AA20
6,5521-517AC17,1.0,1.0,COM-5521-517AC17
6,5521-517BC20,1.0,1.0,COM-5521-517BC20
6,5521-518BA17,1.0,1.0,COM-5521-518BA17
6,5521-518BA20,1.0,1.0,COM-5521-518BA20
6,5521-521AA17,1.0,1.0,COM-5521-521AA17
6,5521-521AA20,1.0,1.0,COM-5521-521AA20
6,5521-521LA17,1.0,1.0,COM-5521-521LA17
6,5521-521LA20,1.0,1.0,COM-5521-521LA20
6,5521-541AA17,1.0,1.0,COM-5521-541AA17
6,5521-541AA20,1.0,1.0,COM-5521-541AA20
6,5521-607AA17,1.0,1.0,COM-5521-607AA17
6,5521-607AA20,1.0,1.0,COM-5521-607AA20
6,5521-607BA17,1.0,1.0,COM-5521-607BA17
6,5521-607BA20,1.0,1.0,COM-5521-607BA20
6,5521-607CA17,1.0,1.0,COM-5521-607CA17
6,5521-607CA20,1.0,1.0,COM-5521-607CA20
6,5521-611AA17,1.0,1.0,COM-5521-611AA17
6,5521-611AA20,1.0,1.0,COM-5521-611AA20
6,5521-611CA17,1.0,1.0,COM-5521-611CA17
6,5521-611CA20,1.0,1.0,COM-5521-611CA20
6,5521-612CA17,1.0,1.0,COM-5521-612CA17
6,5521-612CA20,1.0,1.0,COM-5521-612CA20
6,5521-613AA17,1.0,1.0,COM-5521-613AA17
6,5521-613AA20,1.0,1.0,COM-5521-613AA20
6,5521-614AA17,1.0,1.0,COM-5521-614AA17
6,5521-614AA20,1.0,1.0,COM-5521-614AA20
6,5521-615AA17,1.0,1.0,COM-5521-615AA17
6,5521-615AA20,1.0,1.0,COM-5521-615AA20
6,5521-616AA17,1.0,1.0,COM-5521-616AA17
6,5521-616AA20,1.0,1.0,COM-5521-616AA20
6,5521-617AA17,1.0,1.0,COM-5521-617AA17
6,5521-617AA20,1.0,1.0,COM-5521-617AA20
6,5521-618AA17,1.0,1.0,COM-5521-618AA17
6,5521-618AA20,1.0,1.0,COM-5521-618AA20
6,5521-619AA17,1.0,1.0,COM-5521-619AA17
6,5521-619AA20,1.0,1.0,COM-5521-619AA20
6,5521-620AA17,1.0,1.0,COM-5521-620AA17
6,5521-620AA20,1.0,1.0,COM-5521-620AA20
6,5521-621AA17,1.0,1.0,COM-5521-621AA17
6,5521-621AA20,1.0,1.0,COM-5521-621AA20
6,5521-622AA17,1.0,1.0,COM-5521-622AA17
6,5521-622AA20,1.0,1.0,COM-5521-622AA20
6,5521-630AA17,1.0,1.0,COM-5521-630AA17
6,5521-630AA20,1.0,1.0,COM-5521-630AA20
6,5521-631AA17,1.0,1.0,COM-5521-631AA17
6,5521-631AA20,1.0,1.0,COM-5521-631AA20
6,5521-632AA17,1.0,1.0,COM-5521-632AA17
6,5521-632AA20,1.0,1.0,COM-5521-632AA20
6,5521-633AA17,1.0,1.0,COM-5521-633AA17
6,5521-633AA20,1.0,1.0,COM-5521-633AA20
6,5527-566AA17,1.0,1.0,COM-5527-566AA17
6,5527-566AA20,1.0,1.0,COM-5527-566AA20
6,5527-566BA20,1.0,1.0,COM-5527-566BA20
6,5527-566CA17,1.0,1.0,COM-5527-566CA17
6,5527-566CA20,1.0,1.0,COM-5527-566CA20
6,5527-566DA20,1.0,1.0,COM-5527-566DA20
6,5527-569AA17,1.0,1.0,COM-5527-569AA17
6,5527-569AA20,1.0,1.0,COM-5527-569AA20
6,5527-570AA17,1.0,1.0,COM-5527-570AA17
6,5527-570AA20,1.0,1.0,COM-5527-570AA20
6,5527-570BA20,1.0,1.0,COM-5527-570BA20
6,5527-570CA17,1.0,1.0,COM-5527-570CA17
6,5527-570DA20,1.0,1.0,COM-5527-570DA20
6,5527-591AA19,1.0,1.0,COM-5527-591AA19
6,5527-591AA20,1.0,1.0,COM-5527-591AA20
6,5527-592AA19,1.0,1.0,COM-5527-592AA19
6,5527-592AA20,1.0,1.0,COM-5527-592AA20
6,5527-593AA19,1.0,1.0,COM-5527-593AA19
6,5527-593AA20,1.0,1.0,COM-5527-593AA20
6,5529-573AB38,1.0,1.0,COM-5529-573AB38
6,5534-505BA38,1.0,1.0,COM-5534-505BA38
6,5540-570AA38,1.0,1.0,COM-5540-570AA38
6,59-524B38,1.0,1.0,COM-59-524B38
6,600-53130S2,1.0,1.0,COM-600-53130S2
6,6105-605BB38,1.0,1.0,COM-6105-605BB38
6,880-512BA32,1.0,1.0,COM-880-512BA32
6,B336-519AA38,1.0,1.0,COM-B336-519AA38
6,B336-531AA38,1.0,1.0,COM-B336-531AA38
6,B336-531BA38,1.0,1.0,COM-B336-531BA38
6,B336-532AA38,1.0,1.0,COM-B336-532AA38
6,5165-615LA34,1.0,1.0,COM-5165-615LA34
6,5176-611AA34,1.0,1.0,COM-5176-611AA34
6,5176-612AA34,1.0,1.0,COM-5176-612AA34
6,5176-631AA34,1.0,1.0,COM-5176-631AA34
6,5176-632AA34,1.0,1.0,COM-5176-632AA34
6,5529-521EA30,1.0,1.0,COM-5529-521EA30
6,5529-522AA30,1.0,1.0,COM-5529-522AA30
6,5532-531AA30,1.0,1.0,COM-5532-531AA30
6,5532-566BA30,1.0,1.0,COM-5532-566BA30
6,5532-569AA30,1.0,1.0,COM-5532-569AA30
6,5532-570BA30,1.0,1.0,COM-5532-570BA30
6,600-51338,1.0,1.0,COM-600-51338
6,600-53138S2,1.0,1.0,COM-600-53138S2
6,600-53238S2,1.0,1.0,COM-600-53238S2
6,600-611PA,1.0,1.0,COM-600-611PA
6,600-613CA,1.0,1.0,COM-600-613CA
6,6105-618AA38,1.0,1.0,COM-6105-618AA38
6,6105-624AA38,1.0,1.0,COM-6105-624AA38
6,6108-615AA38,1.0,1.0,COM-6108-615AA38
6,6108-615GA38,1.0,1.0,COM-6108-615GA38
6,6108-626CA38,1.0,1.0,COM-6108-626CA38
6,6108-691AA38,1.0,1.0,COM-6108-691AA38
6,6108-692AA38,1.0,1.0,COM-6108-692AA38
6,5121-506AA36,1.0,1.0,COM-5121-506AA36
6,5121-507AA36,1.0,1.0,COM-5121-507AA36
6,5121-511BA36,1.0,1.0,COM-5121-511BA36
6,5121-512AA36,1.0,1.0,COM-5121-512AA36
6,5121-514AA36,1.0,1.0,COM-5121-514AA36
6,5121-525AA36,1.0,1.0,COM-5121-525AA36
6,5121-606AA36,1.0,1.0,COM-5121-606AA36
6,5121-606BA36,1.0,1.0,COM-5121-606BA36
6,5121-607AA36,1.0,1.0,COM-5121-607AA36
6,5121-613AA36,1.0,1.0,COM-5121-613AA36
6,5121-614AA36,1.0,1.0,COM-5121-614AA36
6,5121-615AA36,1.0,1.0,COM-5121-615AA36
6,5121-616AA36,1.0,1.0,COM-5121-616AA36
6,5121-619AA36,1.0,1.0,COM-5121-619AA36
6,5121-620AA36,1.0,1.0,COM-5121-620AA36
6,5142-615AA36,1.0,1.0,COM-5142-615AA36
6,5142-615LA36,1.0,1.0,COM-5142-615LA36
6,5142-617AA36,1.0,1.0,COM-5142-617AA36
6,5165-506AA32,1.0,1.0,COM-5165-506AA32
6,5165-506AA36,1.0,1.0,COM-5165-506AA36
6,5165-506BA32,1.0,1.0,COM-5165-506BA32
6,5165-506BA36,1.0,1.0,COM-5165-506BA36
6,5165-506BA42,1.0,1.0,COM-5165-506BA42
6,5165-521AA34,1.0,1.0,COM-5165-521AA34
6,5165-522AA34,1.0,1.0,COM-5165-522AA34
6,5165-524AA34,1.0,1.0,COM-5165-524AA34
6,5165-525AA34,1.0,1.0,COM-5165-525AA34
6,5165-606AA32,1.0,1.0,COM-5165-606AA32
6,5165-606AA36,1.0,1.0,COM-5165-606AA36
6,5165-606BA32,1.0,1.0,COM-5165-606BA32
6,5165-606BA36,1.0,1.0,COM-5165-606BA36
6,5165-606BA42,1.0,1.0,COM-5165-606BA42
6,5165-607AA32,1.0,1.0,COM-5165-607AA32
6,5165-607AA36,1.0,1.0,COM-5165-607AA36
6,5165-607AA42,1.0,1.0,COM-5165-607AA42
6,5165-613AA32,1.0,1.0,COM-5165-613AA32
6,5165-613AA36,1.0,1.0,COM-5165-613AA36
6,5165-614AA32,1.0,1.0,COM-5165-614AA32
6,5165-614AA36,1.0,1.0,COM-5165-614AA36
6,5165-615AA32,1.0,1.0,COM-5165-615AA32
6,5165-615AA36,1.0,1.0,COM-5165-615AA36
6,5165-616AA32,1.0,1.0,COM-5165-616AA32
6,5165-616AA36,1.0,1.0,COM-5165-616AA36
6,5165-617AA32,1.0,1.0,COM-5165-617AA32
6,5165-617AA34,1.0,1.0,COM-5165-617AA34
6,5165-617AA36,1.0,1.0,COM-5165-617AA36
6,5165-618AA32,1.0,1.0,COM-5165-618AA32
6,5165-618AA34,1.0,1.0,COM-5165-618AA34
6,5165-618AA36,1.0,1.0,COM-5165-618AA36
6,5165-619AA32,1.0,1.0,COM-5165-619AA32
6,5165-619AA36,1.0,1.0,COM-5165-619AA36
6,5165-620AA32,1.0,1.0,COM-5165-620AA32
6,5165-620AA36,1.0,1.0,COM-5165-620AA36
6,59-611BS38,1.0,1.0,COM-59-611BS38
6,59-612BS38,1.0,1.0,COM-59-612BS38
6,59-621S38,1.0,1.0,COM-59-621S38
6,59-622S38,1.0,1.0,COM-59-622S38
6,600-51130S2,1.0,1.0,COM-600-51130S2
6,600-611NA,1.0,1.0,COM-600-611NA
6,603-643AA,1.0,1.0,COM-603-643AA
6,603-644AA,1.0,1.0,COM-603-644AA
6,5128-607AA30,1.0,1.0,COM-5128-607AA30
6,5128-607BA30,1.0,1.0,COM-5128-607BA30
6,5128-608AA30,1.0,1.0,COM-5128-608AA30
6,76-507AB30,1.0,1.0,COM-76-507AB30
6,SPL-2344AA30,1.0,1.0,COM-SPL-2344AA30
6,SPL-2344AA34,1.0,1.0,COM-SPL-2344AA34
6,SPL-2344BA30,1.0,1.0,COM-SPL-2344BA30
6,57-506A38,1.0,1.0,COM-57-506A38
6,57-507A38,1.0,1.0,COM-57-507A38
6,57-606AC38,1.0,1.0,COM-57-606AC38
6,57-606BC38,1.0,1.0,COM-57-606BC38
6,57-607BC38,1.0,1.0,COM-57-607BC38
6,59-511BS38,1.0,1.0,COM-59-511BS38
6,59-512SV38,1.0,1.0,COM-59-512SV38
6,59-514S38,1.0,1.0,COM-59-514S38
6,59-522AV38,1.0,1.0,COM-59-522AV38
6,59-613S38,1.0,1.0,COM-59-613S38
6,59-614S38,1.0,1.0,COM-59-614S38
6,59-615SV38,1.0,1.0,COM-59-615SV38
6,59-616SV38,1.0,1.0,COM-59-616SV38
6,59-619S38,1.0,1.0,COM-59-619S38
6,59-620S38,1.0,1.0,COM-59-620S38
6,631-684AA30,1.0,1.0,COM-631-684AA30
6,5154-506AA33,1.0,1.0,COM-5154-506AA33
6,5154-506BB33,1.0,1.0,COM-5154-506BB33
6,5154-512AA33,1.0,1.0,COM-5154-512AA33
6,5154-513AA33,1.0,1.0,COM-5154-513AA33
6,5154-514AA33,1.0,1.0,COM-5154-514AA33
6,5154-521AA33,1.0,1.0,COM-5154-521AA33
6,5154-607AA33,1.0,1.0,COM-5154-607AA33
6,5154-607BA33,1.0,1.0,COM-5154-607BA33
6,5154-608AA33,1.0,1.0,COM-5154-608AA33
6,5154-613AB33,1.0,1.0,COM-5154-613AB33
6,5154-614AB33,1.0,1.0,COM-5154-614AB33
6,5154-615AA33,1.0,1.0,COM-5154-615AA33
6,5154-616AA33,1.0,1.0,COM-5154-616AA33
6,5154-617AA33,1.0,1.0,COM-5154-617AA33
6,5154-618AA33,1.0,1.0,COM-5154-618AA33
6,5154-621AA33,1.0,1.0,COM-5154-621AA33
6,5154-622AA33,1.0,1.0,COM-5154-622AA33
6,5154-521AA34,1.0,1.0,COM-5154-521AA34
6,5154-621AA34,1.0,1.0,COM-5154-621AA34
6,5154-622AA34,1.0,1.0,COM-5154-622AA34
6,5529-521AA30,1.0,1.0,COM-5529-521AA30
6,5532-516GA30,1.0,1.0,COM-5532-516GA30
6,5532-517AC30,1.0,1.0,COM-5532-517AC30
6,5532-524AB30,1.0,1.0,COM-5532-524AB30
6,5532-570CA30,1.0,1.0,COM-5532-570CA30
6,630-516B30,1.0,1.0,COM-630-516B30
6,630-516C30,1.0,1.0,COM-630-516C30
6,5540-519BA38,1.0,1.0,COM-5540-519BA38
6,5529-574AA48,1.0,1.0,COM-5529-574AA48
6,5142-511SA42,1.0,1.0,COM-5142-511SA42
6,5142-524BA33,1.0,1.0,COM-5142-524BA33
6,5165-524AB30,1.0,1.0,COM-5165-524AB30
6,5165-617AA30,1.0,1.0,COM-5165-617AA30
6,5165-618AA30,1.0,1.0,COM-5165-618AA30
6,5156-506AA5.5,1.0,1.0,COM-5156-506AA5.5
6,5156-511AB5.5,1.0,1.0,COM-5156-511AB5.5
6,5156-512AB5.5,1.0,1.0,COM-5156-512AB5.5
6,5156-513AA5.5,1.0,1.0,COM-5156-513AA5.5
6,5156-514AA5.5,1.0,1.0,COM-5156-514AA5.5
6,5156-611AA5.5,1.0,1.0,COM-5156-611AA5.5
6,630-62130,1.0,1.0,COM-630-62130
6,630-62230,1.0,1.0,COM-630-62230
6,5154-531CA30,1.0,1.0,COM-5154-531CA30
6,600-52130S2,1.0,1.0,COM-600-52130S2
6,600-52230S2,1.0,1.0,COM-600-52230S2
6,600-631BA30,1.0,1.0,COM-600-631BA30
6,B336-513AC38,1.0,1.0,COM-B336-513AC38
6,603-53330,1.0,1.0,COM-603-53330
6,5154-621AA30,1.0,1.0,COM-5154-621AA30
6,5154-622AA30,1.0,1.0,COM-5154-622AA30
6,5517-511FA34,1.0,1.0,COM-5517-511FA34
6,5142-506AA44,1.0,1.0,COM-5142-506AA44
6,5142-507AA44,1.0,1.0,COM-5142-507AA44
6,5142-511AA44,1.0,1.0,COM-5142-511AA44
6,5142-512AA44,1.0,1.0,COM-5142-512AA44
6,5142-514AA44,1.0,1.0,COM-5142-514AA44
6,5142-521AA44,1.0,1.0,COM-5142-521AA44
6,5142-524AA44,1.0,1.0,COM-5142-524AA44
6,5142-525AA44,1.0,1.0,COM-5142-525AA44
6,5142-606AA44,1.0,1.0,COM-5142-606AA44
6,5142-606BA44,1.0,1.0,COM-5142-606BA44
6,5142-607AA44,1.0,1.0,COM-5142-607AA44
6,5142-611AA46,1.0,1.0,COM-5142-611AA46
6,5142-612AA46,1.0,1.0,COM-5142-612AA46
6,5142-613AA44,1.0,1.0,COM-5142-613AA44
6,5142-614AA44,1.0,1.0,COM-5142-614AA44
6,5142-615AA44,1.0,1.0,COM-5142-615AA44
6,5142-616AA44,1.0,1.0,COM-5142-616AA44
6,5142-617AA44,1.0,1.0,COM-5142-617AA44
6,5142-618AA44,1.0,1.0,COM-5142-618AA44
6,5142-619AA44,1.0,1.0,COM-5142-619AA44
6,5142-620AA44,1.0,1.0,COM-5142-620AA44
6,5142-621AA46,1.0,1.0,COM-5142-621AA46
6,5142-622AA46,1.0,1.0,COM-5142-622AA46
6,5154-534AA30,1.0,1.0,COM-5154-534AA30
6,5154-633AA30,1.0,1.0,COM-5154-633AA30
6,5517-504BA30,1.0,1.0,COM-5517-504BA30
6,5517-505AA30,1.0,1.0,COM-5517-505AA30
6,5517-511AA34,1.0,1.0,COM-5517-511AA34
6,5517-512AA30,1.0,1.0,COM-5517-512AA30
6,5517-512BA30,1.0,1.0,COM-5517-512BA30
6,5517-513AA30,1.0,1.0,COM-5517-513AA30
6,5517-513BA30,1.0,1.0,COM-5517-513BA30
6,5517-514AA30,1.0,1.0,COM-5517-514AA30
6,5517-514BA30,1.0,1.0,COM-5517-514BA30
6,5517-515AA34,1.0,1.0,COM-5517-515AA34
6,5517-516AA30,1.0,1.0,COM-5517-516AA30
6,5517-518GA30,1.0,1.0,COM-5517-518GA30
6,5517-566AA30,1.0,1.0,COM-5517-566AA30
6,5517-566BA30,1.0,1.0,COM-5517-566BA30
6,5517-566CA30,1.0,1.0,COM-5517-566CA30
6,5517-569AB30,1.0,1.0,COM-5517-569AB30
6,5517-569BA30,1.0,1.0,COM-5517-569BA30
6,5517-570AA30,1.0,1.0,COM-5517-570AA30
6,5517-570BC30,1.0,1.0,COM-5517-570BC30
6,5517-570CA30,1.0,1.0,COM-5517-570CA30
6,5517-593AA30,1.0,1.0,COM-5517-593AA30
6,6101-614AB30,1.0,1.0,COM-6101-614AB30
6,6104-605AB30,1.0,1.0,COM-6104-605AB30
6,6104-611AA38,1.0,1.0,COM-6104-611AA38
6,6104-612AB30,1.0,1.0,COM-6104-612AB30
6,6104-612BB30,1.0,1.0,COM-6104-612BB30
6,6104-613AA30,1.0,1.0,COM-6104-613AA30
6,6104-615AB30,1.0,1.0,COM-6104-615AB30
6,6104-615GA30,1.0,1.0,COM-6104-615GA30
6,6104-621AA30,1.0,1.0,COM-6104-621AA30
6,6104-621BA30,1.0,1.0,COM-6104-621BA30
6,6104-626BA30,1.0,1.0,COM-6104-626BA30
6,6104-626CA30,1.0,1.0,COM-6104-626CA30
6,6104-691AB30,1.0,1.0,COM-6104-691AB30
6,5167-515AA30,1.0,1.0,COM-5167-515AA30
6,5529-511EA30,1.0,1.0,COM-5529-511EA30
6,631-511FB30,1.0,1.0,COM-631-511FB30
6,631-511GA30,1.0,1.0,COM-631-511GA30
6,631-512C30,1.0,1.0,COM-631-512C30
6,631-514PA26,1.0,1.0,COM-631-514PA26
6,631-514QA26,1.0,1.0,COM-631-514QA26
6,631-51526,1.0,1.0,COM-631-51526
6,631-516JA26,1.0,1.0,COM-631-516JA26
6,631-516KA26,1.0,1.0,COM-631-516KA26
6,631-516LA26,1.0,1.0,COM-631-516LA26
6,631-516MA26,1.0,1.0,COM-631-516MA26
6,631-516NA26,1.0,1.0,COM-631-516NA26
6,631-516PA26,1.0,1.0,COM-631-516PA26
6,631-517AA26,1.0,1.0,COM-631-517AA26
6,631-518AA26,1.0,1.0,COM-631-518AA26
6,810-541CA30,1.0,1.0,COM-810-541CA30
6,810-542CA30,1.0,1.0,COM-810-542CA30
6,815-505AB30,1.0,1.0,COM-815-505AB30
6,815-611AA30,1.0,1.0,COM-815-611AA30
6,826-505AA30,1.0,1.0,COM-826-505AA30
6,826-511AA30,1.0,1.0,COM-826-511AA30
6,826-514BA30,1.0,1.0,COM-826-514BA30
6,826-515AA30,1.0,1.0,COM-826-515AA30
6,5521-516AA22,1.0,1.0,COM-5521-516AA22
6,5521-516AA23,1.0,1.0,COM-5521-516AA23
6,5521-516AA24,1.0,1.0,COM-5521-516AA24
6,5521-518BA22,1.0,1.0,COM-5521-518BA22
6,5521-518BA23,1.0,1.0,COM-5521-518BA23
6,5521-518BA24,1.0,1.0,COM-5521-518BA24
6,631-651L26,1.0,1.0,COM-631-651L26
6,59-506E19,1.0,1.0,COM-59-506E19
6,59-506F19,1.0,1.0,COM-59-506F19
6,59-511A19,1.0,1.0,COM-59-511A19
6,59-607AC19,1.0,1.0,COM-59-607AC19
6,59-607BC19,1.0,1.0,COM-59-607BC19
6,59-608AC19,1.0,1.0,COM-59-608AC19
6,59-611D19,1.0,1.0,COM-59-611D19
6,59-611S19,1.0,1.0,COM-59-611S19
6,5532-517GA30,1.0,1.0,COM-5532-517GA30
6,5532-569CA30,1.0,1.0,COM-5532-569CA30
6,5546-505AA38,1.0,1.0,COM-5546-505AA38
6,5546-506AA38,1.0,1.0,COM-5546-506AA38
6,5546-506BA38,1.0,1.0,COM-5546-506BA38
6,5546-511AA38,1.0,1.0,COM-5546-511AA38
6,5546-512AA38,1.0,1.0,COM-5546-512AA38
6,5546-514AA38,1.0,1.0,COM-5546-514AA38
6,5546-516AA38,1.0,1.0,COM-5546-516AA38
6,5546-516BA38,1.0,1.0,COM-5546-516BA38
6,5546-517AA38,1.0,1.0,COM-5546-517AA38
6,5546-566AA38,1.0,1.0,COM-5546-566AA38
6,5546-566BA38,1.0,1.0,COM-5546-566BA38
6,5546-566CA38,1.0,1.0,COM-5546-566CA38
6,5546-566DA38,1.0,1.0,COM-5546-566DA38
6,5546-569AA38,1.0,1.0,COM-5546-569AA38
6,5546-569BA38,1.0,1.0,COM-5546-569BA38
6,5546-569CA38,1.0,1.0,COM-5546-569CA38
6,5546-570AA38,1.0,1.0,COM-5546-570AA38
6,5546-570BA38,1.0,1.0,COM-5546-570BA38
6,5546-570CA38,1.0,1.0,COM-5546-570CA38
6,5546-570DA38,1.0,1.0,COM-5546-570DA38
6,5546-591AA38,1.0,1.0,COM-5546-591AA38
6,5546-592AA38,1.0,1.0,COM-5546-592AA38
6,5546-593AA38,1.0,1.0,COM-5546-593AA38
6,5546-594AA38,1.0,1.0,COM-5546-594AA38
6,882-516B30,1.0,1.0,COM-882-516B30
6,882-51730,1.0,1.0,COM-882-51730
6,882-51830,1.0,1.0,COM-882-51830
6,882-51930,1.0,1.0,COM-882-51930
6,882-611B30,1.0,1.0,COM-882-611B30
6,888-621AA,1.0,1.0,COM-888-621AA
6,5165-615LA36,1.0,1.0,COM-5165-615LA36
6,813-54130,1.0,1.0,COM-813-54130
6,813-54230,1.0,1.0,COM-813-54230
6,975-505AA30,1.0,1.0,COM-975-505AA30
6,975-511BA30,1.0,1.0,COM-975-511BA30
6,975-512BA30,1.0,1.0,COM-975-512BA30
6,975-513BA30,1.0,1.0,COM-975-513BA30
6,975-611AC30,1.0,1.0,COM-975-611AC30
6,E474-511AA34,1.0,1.0,COM-E474-511AA34
6,E474-512AA34,1.0,1.0,COM-E474-512AA34
6,E474-512BA34,1.0,1.0,COM-E474-512BA34
6,E474-513AA30,1.0,1.0,COM-E474-513AA30
6,E474-514AA30,1.0,1.0,COM-E474-514AA30
6,E474-515AA30,1.0,1.0,COM-E474-515AA30
6,E474-516AA30,1.0,1.0,COM-E474-516AA30
6,E474-612BA34,1.0,1.0,COM-E474-612BA34
6,E474-623AA34,1.0,1.0,COM-E474-623AA34
6,5142-512AB33,1.0,1.0,COM-5142-512AB33
6,5142-516AB33,1.0,1.0,COM-5142-516AB33
6,5142-522AB33,1.0,1.0,COM-5142-522AB33
6,5142-525AB33,1.0,1.0,COM-5142-525AB33
6,5182-511AA13,1.0,1.0,COM-5182-511AA13
6,5182-512AA13,1.0,1.0,COM-5182-512AA13
6,5182-611AA13,1.0,1.0,COM-5182-611AA13
6,5182-613AA13,1.0,1.0,COM-5182-613AA13
6,5182-623GA13,1.0,1.0,COM-5182-623GA13
6,600-51138S2,1.0,1.0,COM-600-51138S2
6,5154-535AA30,1.0,1.0,COM-5154-535AA30
6,960-516DA26,1.0,1.0,COM-960-516DA26
6,5532-521AA30,1.0,1.0,COM-5532-521AA30
6,5532-522AA30,1.0,1.0,COM-5532-522AA30
6,790-511S2,1.0,1.0,COM-790-511S2
6,790-511WS2,1.0,1.0,COM-790-511WS2
6,790-51230S2,1.0,1.0,COM-790-51230S2
6,790-514B26,1.0,1.0,COM-790-514B26
6,790-611F30S2,1.0,1.0,COM-790-611F30S2
6,790-612AA30,1.0,1.0,COM-790-612AA30
6,600-51330,1.0,1.0,COM-600-51330
6,600-53230S2,1.0,1.0,COM-600-53230S2
6,613-521,1.0,1.0,COM-613-521
6,6105-611DA38,1.0,1.0,COM-6105-611DA38
6,631-634B30,1.0,1.0,COM-631-634B30
6,5154-631BA30,1.0,1.0,COM-5154-631BA30
6,5142-532AA33,1.0,1.0,COM-5142-532AA33
6,5142-535AA33,1.0,1.0,COM-5142-535AA33
6,5142-541AA33,1.0,1.0,COM-5142-541AA33
6,5142-544AA33,1.0,1.0,COM-5142-544AA33
6,5142-611BA33,1.0,1.0,COM-5142-611BA33
6,5142-612BA33,1.0,1.0,COM-5142-612BA33
6,5142-613BA33,1.0,1.0,COM-5142-613BA33
6,5142-614BA33,1.0,1.0,COM-5142-614BA33
6,5142-615BA33,1.0,1.0,COM-5142-615BA33
6,5142-615MA33,1.0,1.0,COM-5142-615MA33
6,5142-616BA33,1.0,1.0,COM-5142-616BA33
6,5142-617BA33,1.0,1.0,COM-5142-617BA33
6,5142-618BA33,1.0,1.0,COM-5142-618BA33
6,5142-621BA33,1.0,1.0,COM-5142-621BA33
6,5142-622BA33,1.0,1.0,COM-5142-622BA33
6,5301-591AA36,1.0,1.0,COM-5301-591AA36
6,5301-593AA36,1.0,1.0,COM-5301-593AA36
6,5532-566FA36,1.0,1.0,COM-5532-566FA36
6,5532-570BA36,1.0,1.0,COM-5532-570BA36
6,6108-612AA36,1.0,1.0,COM-6108-612AA36
6,6108-613AA36,1.0,1.0,COM-6108-613AA36
6,6108-621AA36,1.0,1.0,COM-6108-621AA36
6,6108-621BA36,1.0,1.0,COM-6108-621BA36
6,6108-622AA36,1.0,1.0,COM-6108-622AA36
6,6108-626DA36,1.0,1.0,COM-6108-626DA36
6,B336-541AA36,1.0,1.0,COM-B336-541AA36
6,600-631AA36,1.0,1.0,COM-600-631AA36
6,83-611,1.0,1.0,COM-83-611
6,5108-613BA36,1.0,1.0,COM-5108-613BA36
6,5108-614BA36,1.0,1.0,COM-5108-614BA36
6,5108-621AA36,1.0,1.0,COM-5108-621AA36
6,5108-622BA36,1.0,1.0,COM-5108-622BA36
6,5532-524AB38,1.0,1.0,COM-5532-524AB38
6,59-506E26,1.0,1.0,COM-59-506E26
6,59-506F26,1.0,1.0,COM-59-506F26
6,59-511BL26,1.0,1.0,COM-59-511BL26
6,59-512A26,1.0,1.0,COM-59-512A26
6,59-515A26,1.0,1.0,COM-59-515A26
6,59-607AC26,1.0,1.0,COM-59-607AC26
6,59-607BC26,1.0,1.0,COM-59-607BC26
6,59-608AC26,1.0,1.0,COM-59-608AC26
6,59-611D26,1.0,1.0,COM-59-611D26
6,59-612D26,1.0,1.0,COM-59-612D26
6,59-615A26,1.0,1.0,COM-59-615A26
6,59-616A26,1.0,1.0,COM-59-616A26
6,59-625A26,1.0,1.0,COM-59-625A26
6,59-626A26,1.0,1.0,COM-59-626A26
6,5529-516AB34,1.0,1.0,COM-5529-516AB34
6,5529-517AA34,1.0,1.0,COM-5529-517AA34
6,5529-518AA34,1.0,1.0,COM-5529-518AA34
6,5532-591AC30,1.0,1.0,COM-5532-591AC30
6,E474-621AA34,1.0,1.0,COM-E474-621AA34
6,603-53121,1.0,1.0,COM-603-53121
6,603-53122,1.0,1.0,COM-603-53122
6,603-621C,1.0,1.0,COM-603-621C
6,603-621CB,1.0,1.0,COM-603-621CB
6,600-536AA30,1.0,1.0,COM-600-536AA30
6,5121-516AA40,1.0,1.0,COM-5121-516AA40
6,5517-566DA30,1.0,1.0,COM-5517-566DA30
6,5517-611BA34,1.0,1.0,COM-5517-611BA34
6,5517-612AA30,1.0,1.0,COM-5517-612AA30
6,5517-613AA30,1.0,1.0,COM-5517-613AA30
6,5517-616AA30,1.0,1.0,COM-5517-616AA30
6,5517-617AA30,1.0,1.0,COM-5517-617AA30
6,5517-618AA30,1.0,1.0,COM-5517-618AA30
6,5517-618BA30,1.0,1.0,COM-5517-618BA30
6,5517-622AA34,1.0,1.0,COM-5517-622AA34
6,790-51526,1.0,1.0,COM-790-51526
6,790-611FB30S2,1.0,1.0,COM-790-611FB30S2
6,790-611FL30S2,1.0,1.0,COM-790-611FL30S2
6,5142-524BA38,1.0,1.0,COM-5142-524BA38
6,5142-512AB38,1.0,1.0,COM-5142-512AB38
6,5142-516AB38,1.0,1.0,COM-5142-516AB38
6,5142-522AB38,1.0,1.0,COM-5142-522AB38
6,5142-525AB38,1.0,1.0,COM-5142-525AB38
6,5121-516AA42,1.0,1.0,COM-5121-516AA42
6,5308-615AB30,1.0,1.0,COM-5308-615AB30
6,5308-617AB30,1.0,1.0,COM-5308-617AB30
6,5513-619AB30,1.0,1.0,COM-5513-619AB30
6,5513-621AB30,1.0,1.0,COM-5513-621AB30
6,5610-504AA34,1.0,1.0,COM-5610-504AA34
6,5610-505AA34,1.0,1.0,COM-5610-505AA34
6,5610-511AA34,1.0,1.0,COM-5610-511AA34
6,5610-512AA34,1.0,1.0,COM-5610-512AA34
6,5610-512BA34,1.0,1.0,COM-5610-512BA34
6,5610-513AA34,1.0,1.0,COM-5610-513AA34
6,5610-514AA34,1.0,1.0,COM-5610-514AA34
6,5610-514BA34,1.0,1.0,COM-5610-514BA34
6,5610-521AA34,1.0,1.0,COM-5610-521AA34
6,5610-522AA34,1.0,1.0,COM-5610-522AA34
6,5610-522BA34,1.0,1.0,COM-5610-522BA34
6,5610-611AA34,1.0,1.0,COM-5610-611AA34
6,5610-612AC34,1.0,1.0,COM-5610-612AC34
6,5610-612BC34,1.0,1.0,COM-5610-612BC34
6,5610-615AA34,1.0,1.0,COM-5610-615AA34
6,6210-566AA34,1.0,1.0,COM-6210-566AA34
6,6210-566BA34,1.0,1.0,COM-6210-566BA34
6,6210-569AA34,1.0,1.0,COM-6210-569AA34
6,6210-569BA34,1.0,1.0,COM-6210-569BA34
6,6210-570AA34,1.0,1.0,COM-6210-570AA34
6,6210-570BA34,1.0,1.0,COM-6210-570BA34
6,6210-570CA34,1.0,1.0,COM-6210-570CA34
6,KS64-01312CB,1.0,1.0,COM-KS64-01312CB
6,630-62330,1.0,1.0,COM-630-62330
6,630-62430,1.0,1.0,COM-630-62430
6,5154-637AA30,1.0,1.0,COM-5154-637AA30
6,5154-638AA30,1.0,1.0,COM-5154-638AA30
6,810-505B34,1.0,1.0,COM-810-505B34
6,810-541CA34,1.0,1.0,COM-810-541CA34
6,815-505AB34,1.0,1.0,COM-815-505AB34
6,815-511CA34,1.0,1.0,COM-815-511CA34
6,815-51234,1.0,1.0,COM-815-51234
6,815-51334,1.0,1.0,COM-815-51334
6,815-611AA34,1.0,1.0,COM-815-611AA34
6,5517-521AA34,1.0,1.0,COM-5517-521AA34
6,5517-522AA34,1.0,1.0,COM-5517-522AA34
6,5142-512AB36,1.0,1.0,COM-5142-512AB36
6,5142-516AB36,1.0,1.0,COM-5142-516AB36
6,5142-522AB36,1.0,1.0,COM-5142-522AB36
6,5142-525AB36,1.0,1.0,COM-5142-525AB36
6,5154-506AA32,1.0,1.0,COM-5154-506AA32
6,5154-512AA32,1.0,1.0,COM-5154-512AA32
6,5154-513AA32,1.0,1.0,COM-5154-513AA32
6,5154-514AA32,1.0,1.0,COM-5154-514AA32
6,5154-521AA32,1.0,1.0,COM-5154-521AA32
6,5154-607AA32,1.0,1.0,COM-5154-607AA32
6,5154-607BA32,1.0,1.0,COM-5154-607BA32
6,5154-613AB32,1.0,1.0,COM-5154-613AB32
6,5154-614AB32,1.0,1.0,COM-5154-614AB32
6,5154-615AA32,1.0,1.0,COM-5154-615AA32
6,5154-616AA32,1.0,1.0,COM-5154-616AA32
6,5154-617AA32,1.0,1.0,COM-5154-617AA32
6,5154-618AA32,1.0,1.0,COM-5154-618AA32
6,5154-621AA32,1.0,1.0,COM-5154-621AA32
6,5154-622AA32,1.0,1.0,COM-5154-622AA32
6,6110-505AA38,1.0,1.0,COM-6110-505AA38
6,6110-506AA38,1.0,1.0,COM-6110-506AA38
6,6110-511AA38,1.0,1.0,COM-6110-511AA38
6,6110-511BA38,1.0,1.0,COM-6110-511BA38
6,6110-512AA38,1.0,1.0,COM-6110-512AA38
6,6110-513AA,1.0,1.0,COM-6110-513AA
6,6110-514AA38,1.0,1.0,COM-6110-514AA38
6,6110-516AA38,1.0,1.0,COM-6110-516AA38
6,6110-516BA38,1.0,1.0,COM-6110-516BA38
6,6110-517AA38,1.0,1.0,COM-6110-517AA38
6,6110-566AA38,1.0,1.0,COM-6110-566AA38
6,6110-566BA38,1.0,1.0,COM-6110-566BA38
6,6110-569AA38,1.0,1.0,COM-6110-569AA38
6,6110-569BA38,1.0,1.0,COM-6110-569BA38
6,6110-570AA38,1.0,1.0,COM-6110-570AA38
6,6110-570BA38,1.0,1.0,COM-6110-570BA38
6,6110-570CA38,1.0,1.0,COM-6110-570CA38
6,6110-570DA38,1.0,1.0,COM-6110-570DA38
6,6110-591AA38,1.0,1.0,COM-6110-591AA38
6,6110-592AA38,1.0,1.0,COM-6110-592AA38
6,6110-593AA38,1.0,1.0,COM-6110-593AA38
6,6110-594AA38,1.0,1.0,COM-6110-594AA38
6,6110-611AA38,1.0,1.0,COM-6110-611AA38
6,6110-612AA38,1.0,1.0,COM-6110-612AA38
6,6110-612BA38,1.0,1.0,COM-6110-612BA38
6,6110-613AA38,1.0,1.0,COM-6110-613AA38
6,6110-615AA38,1.0,1.0,COM-6110-615AA38
6,6110-615GA38,1.0,1.0,COM-6110-615GA38
6,6110-621AA38,1.0,1.0,COM-6110-621AA38
6,6110-621BA38,1.0,1.0,COM-6110-621BA38
6,6110-622AA38,1.0,1.0,COM-6110-622AA38
6,6110-623AA38,1.0,1.0,COM-6110-623AA38
6,6110-691AA38,1.0,1.0,COM-6110-691AA38
6,6110-692AA38,1.0,1.0,COM-6110-692AA38
6,5108-608AA38,1.0,1.0,COM-5108-608AA38
6,5108-613CA36,1.0,1.0,COM-5108-613CA36
6,5108-614CA36,1.0,1.0,COM-5108-614CA36
6,5108-615AA38,1.0,1.0,COM-5108-615AA38
6,5108-616AA38,1.0,1.0,COM-5108-616AA38
6,5154-521AA30,1.0,1.0,COM-5154-521AA30
6,600-57230S2,1.0,1.0,COM-600-57230S2
6,65-511C,1.0,1.0,COM-65-511C
6,65-611NB,1.0,1.0,COM-65-611NB
6,5520-566BA30,1.0,1.0,COM-5520-566BA30
6,5520-569AB30,1.0,1.0,COM-5520-569AB30
6,5520-570BC30,1.0,1.0,COM-5520-570BC30
6,5520-570DA30,1.0,1.0,COM-5520-570DA30
6,B336-504AA30,1.0,1.0,COM-B336-504AA30
6,B336-504BA30,1.0,1.0,COM-B336-504BA30
6,B336-505AA30,1.0,1.0,COM-B336-505AA30
6,B336-524AA30,1.0,1.0,COM-B336-524AA30
6,B336-531AA33,1.0,1.0,COM-B336-531AA33
6,B336-531BA33,1.0,1.0,COM-B336-531BA33
6,B336-532AA33,1.0,1.0,COM-B336-532AA33
6,5529-521BA30,1.0,1.0,COM-5529-521BA30
6,5532-592AB30,1.0,1.0,COM-5532-592AB30
6,59-615SV33,1.0,1.0,COM-59-615SV33
6,59-616SV33,1.0,1.0,COM-59-616SV33
6,631-551AA30,1.0,1.0,COM-631-551AA30
6,5168-506AA33,1.0,1.0,COM-5168-506AA33
6,5168-506BA33,1.0,1.0,COM-5168-506BA33
6,5168-506CA33,1.0,1.0,COM-5168-506CA33
6,5168-511AA33,1.0,1.0,COM-5168-511AA33
6,5168-512AA33,1.0,1.0,COM-5168-512AA33
6,5168-513AA33,1.0,1.0,COM-5168-513AA33
6,5168-515AA33,1.0,1.0,COM-5168-515AA33
6,5168-516AA33,1.0,1.0,COM-5168-516AA33
6,5177-611AA33,1.0,1.0,COM-5177-611AA33
6,5177-612AA33,1.0,1.0,COM-5177-612AA33
6,5177-613AA33,1.0,1.0,COM-5177-613AA33
6,5177-616AA33,1.0,1.0,COM-5177-616AA33
6,5177-617AA33,1.0,1.0,COM-5177-617AA33
6,5177-618AA33,1.0,1.0,COM-5177-618AA33
6,5177-619AA33,1.0,1.0,COM-5177-619AA33
6,5177-628AA33,1.0,1.0,COM-5177-628AA33
6,5177-628BA33,1.0,1.0,COM-5177-628BA33
6,631-552AA26,1.0,1.0,COM-631-552AA26
6,631-552BA26,1.0,1.0,COM-631-552BA26
6,631-553AA26,1.0,1.0,COM-631-553AA26
6,631-553BA26,1.0,1.0,COM-631-553BA26
6,631-553CA26,1.0,1.0,COM-631-553CA26
6,631-553DA26,1.0,1.0,COM-631-553DA26
6,631-554AA26,1.0,1.0,COM-631-554AA26
6,631-554BA26,1.0,1.0,COM-631-554BA26
6,631-555AA26,1.0,1.0,COM-631-555AA26
6,5108-608AA33,1.0,1.0,COM-5108-608AA33
6,5108-616AA33,1.0,1.0,COM-5108-616AA33
6,5154-531AB34,1.0,1.0,COM-5154-531AB34
6,5154-532AA34,1.0,1.0,COM-5154-532AA34
6,5154-534AA34,1.0,1.0,COM-5154-534AA34
6,5154-631AB34,1.0,1.0,COM-5154-631AB34
6,5154-632AB34,1.0,1.0,COM-5154-632AB34
6,5154-633AA34,1.0,1.0,COM-5154-633AA34
6,5154-634AA34,1.0,1.0,COM-5154-634AA34
6,5154-635AA34,1.0,1.0,COM-5154-635AA34
6,5154-636AA34,1.0,1.0,COM-5154-636AA34
6,5154-637AA34,1.0,1.0,COM-5154-637AA34
6,5154-638AA34,1.0,1.0,COM-5154-638AA34
6,5181-506AA17,1.0,1.0,COM-5181-506AA17
6,5181-506AA20,1.0,1.0,COM-5181-506AA20
6,5181-506BA17,1.0,1.0,COM-5181-506BA17
6,5181-506BA20,1.0,1.0,COM-5181-506BA20
6,5181-511AA17,1.0,1.0,COM-5181-511AA17
6,5181-511AA20,1.0,1.0,COM-5181-511AA20
6,5181-513AA17,1.0,1.0,COM-5181-513AA17
6,5181-513AA20,1.0,1.0,COM-5181-513AA20
6,5181-607AA17,1.0,1.0,COM-5181-607AA17
6,5181-607AA20,1.0,1.0,COM-5181-607AA20
6,5181-607BA17,1.0,1.0,COM-5181-607BA17
6,5181-607BA20,1.0,1.0,COM-5181-607BA20
6,5181-608AA17,1.0,1.0,COM-5181-608AA17
6,5181-608AB20,1.0,1.0,COM-5181-608AB20
6,5181-611AA17,1.0,1.0,COM-5181-611AA17
6,5181-611AA20,1.0,1.0,COM-5181-611AA20
6,5181-615AA17,1.0,1.0,COM-5181-615AA17
6,5181-615AA20,1.0,1.0,COM-5181-615AA20
6,5208-505AC34,1.0,1.0,COM-5208-505AC34
6,5208-511AA34,1.0,1.0,COM-5208-511AA34
6,5208-511BA34,1.0,1.0,COM-5208-511BA34
6,5208-512AE34,1.0,1.0,COM-5208-512AE34
6,5208-512BA34,1.0,1.0,COM-5208-512BA34
6,5208-514AC34,1.0,1.0,COM-5208-514AC34
6,5208-516AB34,1.0,1.0,COM-5208-516AB34
6,5208-519AA34,1.0,1.0,COM-5208-519AA34
6,5208-520AB34,1.0,1.0,COM-5208-520AB34
6,5208-520BB34,1.0,1.0,COM-5208-520BB34
6,5208-521AB34,1.0,1.0,COM-5208-521AB34
6,5208-606AA34,1.0,1.0,COM-5208-606AA34
6,5208-606BB34,1.0,1.0,COM-5208-606BB34
6,5208-606CA34,1.0,1.0,COM-5208-606CA34
6,5208-606DA34,1.0,1.0,COM-5208-606DA34
6,5208-612AB34,1.0,1.0,COM-5208-612AB34
6,5208-614AA34,1.0,1.0,COM-5208-614AA34
6,5208-614BA34,1.0,1.0,COM-5208-614BA34
6,5529-522AA38,1.0,1.0,COM-5529-522AA38
6,59-611D22,1.0,1.0,COM-59-611D22
6,59-611FA26,1.0,1.0,COM-59-611FA26
6,59-612D22,1.0,1.0,COM-59-612D22
6,59-612FA26,1.0,1.0,COM-59-612FA26
6,59-615A22,1.0,1.0,COM-59-615A22
6,5181-506AA18,1.0,1.0,COM-5181-506AA18
6,5181-506AA21,1.0,1.0,COM-5181-506AA21
6,5181-506BA18,1.0,1.0,COM-5181-506BA18
6,5181-506BA21,1.0,1.0,COM-5181-506BA21
6,5181-511AA18,1.0,1.0,COM-5181-511AA18
6,5181-511AA21,1.0,1.0,COM-5181-511AA21
6,5181-513AA18,1.0,1.0,COM-5181-513AA18
6,5181-513AA21,1.0,1.0,COM-5181-513AA21
6,5181-607AA18,1.0,1.0,COM-5181-607AA18
6,5181-607AA21,1.0,1.0,COM-5181-607AA21
6,5181-607BA18,1.0,1.0,COM-5181-607BA18
6,5181-607BA21,1.0,1.0,COM-5181-607BA21
6,5181-608AA18,1.0,1.0,COM-5181-608AA18
6,5181-608AB21,1.0,1.0,COM-5181-608AB21
6,5181-611AA18,1.0,1.0,COM-5181-611AA18
6,5181-611AA21,1.0,1.0,COM-5181-611AA21
6,5181-615AA18,1.0,1.0,COM-5181-615AA18
6,5181-615AA21,1.0,1.0,COM-5181-615AA21
6,826-526AA26,1.0,1.0,COM-826-526AA26
6,826-527AA26,1.0,1.0,COM-826-527AA26
6,826-528AA26,1.0,1.0,COM-826-528AA26
6,6108-618AA36,1.0,1.0,COM-6108-618AA36
6,6108-624AA36,1.0,1.0,COM-6108-624AA36
6,5532-521BA30,1.0,1.0,COM-5532-521BA30
6,5154-511AA38,1.0,1.0,COM-5154-511AA38
6,5154-611AA36,1.0,1.0,COM-5154-611AA36
6,5154-612AA36,1.0,1.0,COM-5154-612AA36
6,5517-517AA30,1.0,1.0,COM-5517-517AA30
6,5517-518AA30,1.0,1.0,COM-5517-518AA30
6,5517-591AA30,1.0,1.0,COM-5517-591AA30
6,5517-592AA30,1.0,1.0,COM-5517-592AA30
6,6104-622AA30,1.0,1.0,COM-6104-622AA30
6,6104-623AA30,1.0,1.0,COM-6104-623AA30
6,6104-692AA30,1.0,1.0,COM-6104-692AA30
6,5307-591AA34,1.0,1.0,COM-5307-591AA34
6,5307-592AA34,1.0,1.0,COM-5307-592AA34
6,5307-593AA34,1.0,1.0,COM-5307-593AA34
6,5520-566FA34,1.0,1.0,COM-5520-566FA34
6,5520-569AA34,1.0,1.0,COM-5520-569AA34
6,5520-570DA34,1.0,1.0,COM-5520-570DA34
6,B336-504AA34,1.0,1.0,COM-B336-504AA34
6,B336-504BA34,1.0,1.0,COM-B336-504BA34
6,B336-505AA34,1.0,1.0,COM-B336-505AA34
6,B336-505BA34,1.0,1.0,COM-B336-505BA34
6,B336-511BA34,1.0,1.0,COM-B336-511BA34
6,B336-511BB34,1.0,1.0,COM-B336-511BB34
6,B336-513AB34,1.0,1.0,COM-B336-513AB34
6,B336-517AC34,1.0,1.0,COM-B336-517AC34
6,B336-524AA34,1.0,1.0,COM-B336-524AA34
6,B336-531AA34,1.0,1.0,COM-B336-531AA34
6,B336-531BA34,1.0,1.0,COM-B336-531BA34
6,B336-612AA34,1.0,1.0,COM-B336-612AA34
6,B336-612BA34,1.0,1.0,COM-B336-612BA34
6,B336-613AA34,1.0,1.0,COM-B336-613AA34
6,B336-614AA34,1.0,1.0,COM-B336-614AA34
6,B336-615AA34,1.0,1.0,COM-B336-615AA34
6,B336-616AA34,1.0,1.0,COM-B336-616AA34
6,B336-617AA34,1.0,1.0,COM-B336-617AA34
6,B336-618AA34,1.0,1.0,COM-B336-618AA34
6,B336-619AA34,1.0,1.0,COM-B336-619AA34
6,B336-620AA34,1.0,1.0,COM-B336-620AA34
6,B336-622AA34,1.0,1.0,COM-B336-622AA34
6,5208-513AD34,1.0,1.0,COM-5208-513AD34
6,5208-515AA34,1.0,1.0,COM-5208-515AA34
6,5208-517AB34,1.0,1.0,COM-5208-517AB34
6,5208-615AA34,1.0,1.0,COM-5208-615AA34
6,5208-616AA34,1.0,1.0,COM-5208-616AA34
6,603-53119,1.0,1.0,COM-603-53119
6,5307-591AA30,1.0,1.0,COM-5307-591AA30
6,5307-592AA30,1.0,1.0,COM-5307-592AA30
6,5307-593AB30,1.0,1.0,COM-5307-593AB30
6,B336-505BA30,1.0,1.0,COM-B336-505BA30
6,603-53160,1.0,1.0,COM-603-53160
6,5165-541SB30,1.0,1.0,COM-5165-541SB30
6,5517-504AA34,1.0,1.0,COM-5517-504AA34
6,5517-505AA34,1.0,1.0,COM-5517-505AA34
6,5517-505BA34,1.0,1.0,COM-5517-505BA34
6,5517-511CA34,1.0,1.0,COM-5517-511CA34
6,5517-516AA34,1.0,1.0,COM-5517-516AA34
6,5517-517AA34,1.0,1.0,COM-5517-517AA34
6,5517-518AA34,1.0,1.0,COM-5517-518AA34
6,5517-531AA34,1.0,1.0,COM-5517-531AA34
6,5517-566FA34,1.0,1.0,COM-5517-566FA34
6,5517-566HA34,1.0,1.0,COM-5517-566HA34
6,5517-569AA34,1.0,1.0,COM-5517-569AA34
6,5517-570AC34,1.0,1.0,COM-5517-570AC34
6,5517-591AA34,1.0,1.0,COM-5517-591AA34
6,5517-592AA34,1.0,1.0,COM-5517-592AA34
6,5517-593AA34,1.0,1.0,COM-5517-593AA34
6,5518-505AA34,1.0,1.0,COM-5518-505AA34
6,5518-521AA34,1.0,1.0,COM-5518-521AA34
6,5518-525AA34,1.0,1.0,COM-5518-525AA34
6,5518-526AA34,1.0,1.0,COM-5518-526AA34
6,5518-531AA34,1.0,1.0,COM-5518-531AA34
6,5528-614AA30,1.0,1.0,COM-5528-614AA30
6,5612-611BA34,1.0,1.0,COM-5612-611BA34
6,5612-612AA34,1.0,1.0,COM-5612-612AA34
6,5612-612BA34,1.0,1.0,COM-5612-612BA34
6,5612-613AA34,1.0,1.0,COM-5612-613AA34
6,5612-614AA34,1.0,1.0,COM-5612-614AA34
6,5612-615AA34,1.0,1.0,COM-5612-615AA34
6,6202-566FA34,1.0,1.0,COM-6202-566FA34
6,6202-566HA34,1.0,1.0,COM-6202-566HA34
6,6202-569AB34,1.0,1.0,COM-6202-569AB34
6,6202-570AA34,1.0,1.0,COM-6202-570AA34
6,6202-570CA34,1.0,1.0,COM-6202-570CA34
6,6214-512AA34,1.0,1.0,COM-6214-512AA34
6,6214-512BA34,1.0,1.0,COM-6214-512BA34
6,6214-513AA34,1.0,1.0,COM-6214-513AA34
6,6214-513BA34,1.0,1.0,COM-6214-513BA34
6,6214-514AA34,1.0,1.0,COM-6214-514AA34
6,6214-514BA34,1.0,1.0,COM-6214-514BA34
6,6214-522AA34,1.0,1.0,COM-6214-522AA34
6,6214-522BA34,1.0,1.0,COM-6214-522BA34
6,5517-516GA30,1.0,1.0,COM-5517-516GA30
6,5517-517GA30,1.0,1.0,COM-5517-517GA30
6,5517-504BA34,1.0,1.0,COM-5517-504BA34
6,5546-511AB38,1.0,1.0,COM-5546-511AB38
6,5546-512AB38,1.0,1.0,COM-5546-512AB38
6,5546-515AA38,1.0,1.0,COM-5546-515AA38
6,5546-570AB38,1.0,1.0,COM-5546-570AB38
6,5546-593AB38,1.0,1.0,COM-5546-593AB38
6,5546-594AB38,1.0,1.0,COM-5546-594AB38
6,631-514N26,1.0,1.0,COM-631-514N26
6,631-516G26,1.0,1.0,COM-631-516G26
6,631-516H26,1.0,1.0,COM-631-516H26
6,631-516HL26,1.0,1.0,COM-631-516HL26
6,631-516IL26,1.0,1.0,COM-631-516IL26
6,631-51926,1.0,1.0,COM-631-51926
6,631-54130,1.0,1.0,COM-631-54130
6,631-543,1.0,1.0,COM-631-543
6,631-682AA26,1.0,1.0,COM-631-682AA26
6,631-682BA26,1.0,1.0,COM-631-682BA26
6,631-682CA26,1.0,1.0,COM-631-682CA26
6,603-53248,1.0,1.0,COM-603-53248
6,603-53348,1.0,1.0,COM-603-53348
6,TS-5486CA16,1.0,1.0,COM-TS-5486CA16
6,TS-5486DA16,1.0,1.0,COM-TS-5486DA16
6,TS-5486EA16,1.0,1.0,COM-TS-5486EA16
6,TS-5486FA16,1.0,1.0,COM-TS-5486FA16
6,TS-5486GA16,1.0,1.0,COM-TS-5486GA16
6,TS-5486HA16,1.0,1.0,COM-TS-5486HA16
6,TS-5486JA16,1.0,1.0,COM-TS-5486JA16
6,TS-5486PA16,1.0,1.0,COM-TS-5486PA16
6,TS-5486QA16,1.0,1.0,COM-TS-5486QA16
6,TS-5486RA16,1.0,1.0,COM-TS-5486RA16
6,TS-5486SA16,1.0,1.0,COM-TS-5486SA16
6,TS-5486TA16,1.0,1.0,COM-TS-5486TA16
6,5154-506DA34,1.0,1.0,COM-5154-506DA34
6,5157-511AA34,1.0,1.0,COM-5157-511AA34
6,5157-512AA34,1.0,1.0,COM-5157-512AA34
6,5157-513AA34,1.0,1.0,COM-5157-513AA34
6,5157-514AA34,1.0,1.0,COM-5157-514AA34
6,5157-611AA34,1.0,1.0,COM-5157-611AA34
6,5157-612AA34,1.0,1.0,COM-5157-612AA34
6,5157-613AA34,1.0,1.0,COM-5157-613AA34
6,5157-614AA34,1.0,1.0,COM-5157-614AA34
6,5157-615AA34,1.0,1.0,COM-5157-615AA34
6,5157-616AA34,1.0,1.0,COM-5157-616AA34
6,5157-617AA34,1.0,1.0,COM-5157-617AA34
6,5157-618AA34,1.0,1.0,COM-5157-618AA34
6,5517-504BA36,1.0,1.0,COM-5517-504BA36
6,5517-505AA36,1.0,1.0,COM-5517-505AA36
6,5517-511BA34,1.0,1.0,COM-5517-511BA34
6,5517-512AA36,1.0,1.0,COM-5517-512AA36
6,5517-512BA36,1.0,1.0,COM-5517-512BA36
6,5517-513AA36,1.0,1.0,COM-5517-513AA36
6,5517-513BA36,1.0,1.0,COM-5517-513BA36
6,5517-514AA36,1.0,1.0,COM-5517-514AA36
6,5517-514BA36,1.0,1.0,COM-5517-514BA36
6,5517-516AA36,1.0,1.0,COM-5517-516AA36
6,5517-516GA36,1.0,1.0,COM-5517-516GA36
6,5517-517AA36,1.0,1.0,COM-5517-517AA36
6,5517-517GA36,1.0,1.0,COM-5517-517GA36
6,5517-518AA36,1.0,1.0,COM-5517-518AA36
6,5517-518GA36,1.0,1.0,COM-5517-518GA36
6,5517-566AA36,1.0,1.0,COM-5517-566AA36
6,5517-566BA36,1.0,1.0,COM-5517-566BA36
6,5517-566CA36,1.0,1.0,COM-5517-566CA36
6,5517-566DA36,1.0,1.0,COM-5517-566DA36
6,5517-569AA36,1.0,1.0,COM-5517-569AA36
6,5517-569BA36,1.0,1.0,COM-5517-569BA36
6,5517-570AA36,1.0,1.0,COM-5517-570AA36
6,5517-570BA36,1.0,1.0,COM-5517-570BA36
6,5517-570CA36,1.0,1.0,COM-5517-570CA36
6,6104-605AA36,1.0,1.0,COM-6104-605AA36
6,6104-611BA38,1.0,1.0,COM-6104-611BA38
6,6104-612AA36,1.0,1.0,COM-6104-612AA36
6,6104-612BA36,1.0,1.0,COM-6104-612BA36
6,6104-613AA38,1.0,1.0,COM-6104-613AA38
6,6104-615AA36,1.0,1.0,COM-6104-615AA36
6,6104-615GA36,1.0,1.0,COM-6104-615GA36
6,6104-621AA36,1.0,1.0,COM-6104-621AA36
6,6104-621BA36,1.0,1.0,COM-6104-621BA36
6,6104-622AA36,1.0,1.0,COM-6104-622AA36
6,6104-623AA36,1.0,1.0,COM-6104-623AA36
6,6104-626BA36,1.0,1.0,COM-6104-626BA36
6,6104-626CA36,1.0,1.0,COM-6104-626CA36
6,6104-691AA36,1.0,1.0,COM-6104-691AA36
6,6104-692AA36,1.0,1.0,COM-6104-692AA36
6,76-511AL38,1.0,1.0,COM-76-511AL38
6,816-51326,1.0,1.0,COM-816-51326
6,B336-519BA38,1.0,1.0,COM-B336-519BA38
6,B336-533AA38,1.0,1.0,COM-B336-533AA38
6,B336-533BA38,1.0,1.0,COM-B336-533BA38
6,5154-619AA34,1.0,1.0,COM-5154-619AA34
6,5154-620AA34,1.0,1.0,COM-5154-620AA34
6,740-514B30,1.0,1.0,COM-740-514B30
6,740-514BL30,1.0,1.0,COM-740-514BL30
6,742-511,1.0,1.0,COM-742-511
6,742-51230S2,1.0,1.0,COM-742-51230S2
6,742-51330S2,1.0,1.0,COM-742-51330S2
6,6108-612BA36,1.0,1.0,COM-6108-612BA36
6,6108-615AA36,1.0,1.0,COM-6108-615AA36
6,6108-615GA36,1.0,1.0,COM-6108-615GA36
6,6108-623AA36,1.0,1.0,COM-6108-623AA36
6,6108-626BA36,1.0,1.0,COM-6108-626BA36
6,6108-692AA36,1.0,1.0,COM-6108-692AA36
6,5165-522AA30,1.0,1.0,COM-5165-522AA30
6,603-514B38,1.0,1.0,COM-603-514B38
6,5517-516CA30,1.0,1.0,COM-5517-516CA30
6,5517-518BA30,1.0,1.0,COM-5517-518BA30
6,5517-522AA30,1.0,1.0,COM-5517-522AA30
6,6104-618AA30,1.0,1.0,COM-6104-618AA30
6,6104-624AA30,1.0,1.0,COM-6104-624AA30
6,970-611AF30,1.0,1.0,COM-970-611AF30
6,5154-531DA34,1.0,1.0,COM-5154-531DA34
6,5154-535AA34,1.0,1.0,COM-5154-535AA34
6,5154-629AA34,1.0,1.0,COM-5154-629AA34
6,5154-630AA34,1.0,1.0,COM-5154-630AA34
6,5154-631BA34,1.0,1.0,COM-5154-631BA34
6,5154-632BA34,1.0,1.0,COM-5154-632BA34
6,5529-505BA34,1.0,1.0,COM-5529-505BA34
6,5529-516GB34,1.0,1.0,COM-5529-516GB34
6,5529-517GA34,1.0,1.0,COM-5529-517GA34
6,5529-518GA34,1.0,1.0,COM-5529-518GA34
6,600-611RA,1.0,1.0,COM-600-611RA
6,6104-605AB34,1.0,1.0,COM-6104-605AB34
6,631-631CA30,1.0,1.0,COM-631-631CA30
6,E474-621GA34,1.0,1.0,COM-E474-621GA34
6,59-506E09,1.0,1.0,COM-59-506E09
6,59-511A09,1.0,1.0,COM-59-511A09
6,59-512R09,1.0,1.0,COM-59-512R09
6,59-607DC09,1.0,1.0,COM-59-607DC09
6,59-607EC09,1.0,1.0,COM-59-607EC09
6,59-608DC09,1.0,1.0,COM-59-608DC09
6,59-611D09,1.0,1.0,COM-59-611D09
6,59-615A09,1.0,1.0,COM-59-615A09
6,600-611J-S2,1.0,1.0,COM-600-611J-S2
6,600-613,1.0,1.0,COM-600-613
6,5165-606AA33,1.0,1.0,COM-5165-606AA33
6,5165-606BA33,1.0,1.0,COM-5165-606BA33
6,5172-506AA33,1.0,1.0,COM-5172-506AA33
6,5172-506BA33,1.0,1.0,COM-5172-506BA33
6,5172-511AA33,1.0,1.0,COM-5172-511AA33
6,5172-512AA33,1.0,1.0,COM-5172-512AA33
6,5172-607AA33,1.0,1.0,COM-5172-607AA33
6,5172-611AA33,1.0,1.0,COM-5172-611AA33
6,5172-612AA33,1.0,1.0,COM-5172-612AA33
6,5172-513AA33,1.0,1.0,COM-5172-513AA33
6,5172-514AA33,1.0,1.0,COM-5172-514AA33
6,5172-613LA33,1.0,1.0,COM-5172-613LA33
6,5172-614AA33,1.0,1.0,COM-5172-614AA33
6,6105-618AA30,1.0,1.0,COM-6105-618AA30
6,6105-624AA30,1.0,1.0,COM-6105-624AA30
6,6105-625AA30,1.0,1.0,COM-6105-625AA30
6,76-615A38,1.0,1.0,COM-76-615A38
6,76-616A38,1.0,1.0,COM-76-616A38
6,5546-515AB38,1.0,1.0,COM-5546-515AB38
6,5546-570AC38,1.0,1.0,COM-5546-570AC38
6,5546-570BB38,1.0,1.0,COM-5546-570BB38
6,E474-511AA30,1.0,1.0,COM-E474-511AA30
6,E474-512AA30,1.0,1.0,COM-E474-512AA30
6,5172-506AA30,1.0,1.0,COM-5172-506AA30
6,5172-506BA30,1.0,1.0,COM-5172-506BA30
6,5172-511AA30,1.0,1.0,COM-5172-511AA30
6,5172-512AA30,1.0,1.0,COM-5172-512AA30
6,5172-606AA30,1.0,1.0,COM-5172-606AA30
6,5172-606BA30,1.0,1.0,COM-5172-606BA30
6,5172-607AA30,1.0,1.0,COM-5172-607AA30
6,5172-611AA30,1.0,1.0,COM-5172-611AA30
6,5172-612AA30,1.0,1.0,COM-5172-612AA30
6,5532-516AB30,1.0,1.0,COM-5532-516AB30
6,5532-566CA30,1.0,1.0,COM-5532-566CA30
6,5532-593AB30,1.0,1.0,COM-5532-593AB30
6,5172-591AA30,1.0,1.0,COM-5172-591AA30
6,5172-592AA30,1.0,1.0,COM-5172-592AA30
6,5182-511AA23,1.0,1.0,COM-5182-511AA23
6,5182-512AA24,1.0,1.0,COM-5182-512AA24
6,5182-611AA23,1.0,1.0,COM-5182-611AA23
6,5182-613AA24,1.0,1.0,COM-5182-613AA24
6,5182-623GA24,1.0,1.0,COM-5182-623GA24
6,5154-531AA32,1.0,1.0,COM-5154-531AA32
6,5154-532AA32,1.0,1.0,COM-5154-532AA32
6,5154-534AA32,1.0,1.0,COM-5154-534AA32
6,5154-631AA32,1.0,1.0,COM-5154-631AA32
6,5154-632AA32,1.0,1.0,COM-5154-632AA32
6,5154-633AA32,1.0,1.0,COM-5154-633AA32
6,5154-634AA32,1.0,1.0,COM-5154-634AA32
6,5154-635AA32,1.0,1.0,COM-5154-635AA32
6,5154-636AA32,1.0,1.0,COM-5154-636AA32
6,5154-637AA32,1.0,1.0,COM-5154-637AA32
6,5154-638AA32,1.0,1.0,COM-5154-638AA32
6,5517-512AA34,1.0,1.0,COM-5517-512AA34
6,5517-513BA34,1.0,1.0,COM-5517-513BA34
6,5517-514AA34,1.0,1.0,COM-5517-514AA34
6,5517-566AB34,1.0,1.0,COM-5517-566AB34
6,5517-566BB34,1.0,1.0,COM-5517-566BB34
6,5517-612AA34,1.0,1.0,COM-5517-612AA34
6,5518-504AA34,1.0,1.0,COM-5518-504AA34
6,5518-522AA34,1.0,1.0,COM-5518-522AA34
6,5518-523AA34,1.0,1.0,COM-5518-523AA34
6,5518-524AA34,1.0,1.0,COM-5518-524AA34
6,5518-532AA34,1.0,1.0,COM-5518-532AA34
6,5518-616BA34,1.0,1.0,COM-5518-616BA34
6,6202-566AA34,1.0,1.0,COM-6202-566AA34
6,B336-518CA38,1.0,1.0,COM-B336-518CA38
6,5517-512BA34,1.0,1.0,COM-5517-512BA34
6,5517-513AA34,1.0,1.0,COM-5517-513AA34
6,5517-514BA34,1.0,1.0,COM-5517-514BA34
6,5517-570BA34,1.0,1.0,COM-5517-570BA34
6,5517-612BA34,1.0,1.0,COM-5517-612BA34
6,5517-613AA34,1.0,1.0,COM-5517-613AA34
6,5517-613BA34,1.0,1.0,COM-5517-613BA34
6,5517-614AA34,1.0,1.0,COM-5517-614AA34
6,5517-615AA34,1.0,1.0,COM-5517-615AA34
6,5517-616AA34,1.0,1.0,COM-5517-616AA34
6,5517-617AA34,1.0,1.0,COM-5517-617AA34
6,5517-617BA34,1.0,1.0,COM-5517-617BA34
6,5517-618AA34,1.0,1.0,COM-5517-618AA34
6,5517-619AA34,1.0,1.0,COM-5517-619AA34
6,5517-620AA34,1.0,1.0,COM-5517-620AA34
6,5517-621AA34,1.0,1.0,COM-5517-621AA34
6,5518-532BA34,1.0,1.0,COM-5518-532BA34
6,5546-570DB38,1.0,1.0,COM-5546-570DB38
6,5546-591AB38,1.0,1.0,COM-5546-591AB38
6,5546-592AB38,1.0,1.0,COM-5546-592AB38
6,5142-511SA34,1.0,1.0,COM-5142-511SA34
6,5142-512AB34,1.0,1.0,COM-5142-512AB34
6,5142-516AB34,1.0,1.0,COM-5142-516AB34
6,5142-522AB34,1.0,1.0,COM-5142-522AB34
6,5142-525AB34,1.0,1.0,COM-5142-525AB34
6,5142-529AA34,1.0,1.0,COM-5142-529AA34
6,5142-531BA34,1.0,1.0,COM-5142-531BA34
6,5142-532AA34,1.0,1.0,COM-5142-532AA34
6,5142-534AA34,1.0,1.0,COM-5142-534AA34
6,5142-535AA34,1.0,1.0,COM-5142-535AA34
6,5142-541BA34,1.0,1.0,COM-5142-541BA34
6,5142-544AA34,1.0,1.0,COM-5142-544AA34
6,5142-613BA34,1.0,1.0,COM-5142-613BA34
6,5142-614BA34,1.0,1.0,COM-5142-614BA34
6,5142-615BA34,1.0,1.0,COM-5142-615BA34
6,5142-615MA34,1.0,1.0,COM-5142-615MA34
6,5142-616BA34,1.0,1.0,COM-5142-616BA34
6,5142-617BA34,1.0,1.0,COM-5142-617BA34
6,5142-618BA34,1.0,1.0,COM-5142-618BA34
6,5154-611CA30,1.0,1.0,COM-5154-611CA30
6,5154-612CA30,1.0,1.0,COM-5154-612CA30
6,5178-531AA36,1.0,1.0,COM-5178-531AA36
6,5178-531BA36,1.0,1.0,COM-5178-531BA36
6,5178-534AA36,1.0,1.0,COM-5178-534AA36
6,5178-536BA36,1.0,1.0,COM-5178-536BA36
6,5178-611AA38,1.0,1.0,COM-5178-611AA38
6,5178-612AA38,1.0,1.0,COM-5178-612AA38
6,5178-613AA38,1.0,1.0,COM-5178-613AA38
6,5178-614AA38,1.0,1.0,COM-5178-614AA38
6,5178-615AA36,1.0,1.0,COM-5178-615AA36
6,5178-616AA36,1.0,1.0,COM-5178-616AA36
6,5178-617AA36,1.0,1.0,COM-5178-617AA36
6,5178-618AA36,1.0,1.0,COM-5178-618AA36
6,5178-627AA36,1.0,1.0,COM-5178-627AA36
6,5178-628AA36,1.0,1.0,COM-5178-628AA36
6,5178-629AA36,1.0,1.0,COM-5178-629AA36
6,5178-630AA36,1.0,1.0,COM-5178-630AA36
6,5178-631AA38,1.0,1.0,COM-5178-631AA38
6,5178-633AA38,1.0,1.0,COM-5178-633AA38
6,5178-634AA38,1.0,1.0,COM-5178-634AA38
6,603-532DA38,1.0,1.0,COM-603-532DA38
6,603-53338,1.0,1.0,COM-603-53338
6,5520-566BA42,1.0,1.0,COM-5520-566BA42
6,5520-566DA42,1.0,1.0,COM-5520-566DA42
6,5520-569AA42,1.0,1.0,COM-5520-569AA42
6,5520-570BA42,1.0,1.0,COM-5520-570BA42
6,5520-570DA42,1.0,1.0,COM-5520-570DA42
6,6105-611AA42,1.0,1.0,COM-6105-611AA42
6,6105-612AA42,1.0,1.0,COM-6105-612AA42
6,6105-613AB42,1.0,1.0,COM-6105-613AB42
6,6105-615AC42,1.0,1.0,COM-6105-615AC42
6,6105-615GC42,1.0,1.0,COM-6105-615GC42
6,6105-621AC42,1.0,1.0,COM-6105-621AC42
6,6105-621BC42,1.0,1.0,COM-6105-621BC42
6,6105-622AB42,1.0,1.0,COM-6105-622AB42
6,6105-623AC42,1.0,1.0,COM-6105-623AC42
6,6105-626AC42,1.0,1.0,COM-6105-626AC42
6,6105-626CA42,1.0,1.0,COM-6105-626CA42
6,6105-691AA42,1.0,1.0,COM-6105-691AA42
6,6105-692AA42,1.0,1.0,COM-6105-692AA42
6,B336-504AA42,1.0,1.0,COM-B336-504AA42
6,B336-504BA42,1.0,1.0,COM-B336-504BA42
6,B336-505AA42,1.0,1.0,COM-B336-505AA42
6,B336-511CA42,1.0,1.0,COM-B336-511CA42
6,B336-513AB42,1.0,1.0,COM-B336-513AB42
6,B336-517AB42,1.0,1.0,COM-B336-517AB42
6,B336-517GB42,1.0,1.0,COM-B336-517GB42
6,B336-524AA42,1.0,1.0,COM-B336-524AA42
6,B336-541AA42,1.0,1.0,COM-B336-541AA42
6,5154-617AA38,1.0,1.0,COM-5154-617AA38
6,5154-618AA38,1.0,1.0,COM-5154-618AA38
6,5154-506AA38,1.0,1.0,COM-5154-506AA38
6,5154-506BB38,1.0,1.0,COM-5154-506BB38
6,5154-607AA38,1.0,1.0,COM-5154-607AA38
6,5154-607BA38,1.0,1.0,COM-5154-607BA38
6,5154-608AA38,1.0,1.0,COM-5154-608AA38
6,5154-611AA38,1.0,1.0,COM-5154-611AA38
6,5154-612AA38,1.0,1.0,COM-5154-612AA38
6,5154-614AB38,1.0,1.0,COM-5154-614AB38
6,5154-615AA38,1.0,1.0,COM-5154-615AA38
6,5154-616AA38,1.0,1.0,COM-5154-616AA38
6,5165-529AA38,1.0,1.0,COM-5165-529AA38
6,5529-566AA36,1.0,1.0,COM-5529-566AA36
6,5529-566BA36,1.0,1.0,COM-5529-566BA36
6,5529-566CA36,1.0,1.0,COM-5529-566CA36
6,5529-569AA36,1.0,1.0,COM-5529-569AA36
6,5529-570AA36,1.0,1.0,COM-5529-570AA36
6,5529-572AA36,1.0,1.0,COM-5529-572AA36
6,5529-573AB36,1.0,1.0,COM-5529-573AB36
6,5529-574AA36,1.0,1.0,COM-5529-574AA36
6,5167-511AA34,1.0,1.0,COM-5167-511AA34
6,5167-512AA34,1.0,1.0,COM-5167-512AA34
6,5167-513AA34,1.0,1.0,COM-5167-513AA34
6,5167-515AA34,1.0,1.0,COM-5167-515AA34
6,5167-516AA34,1.0,1.0,COM-5167-516AA34
6,5167-516BA34,1.0,1.0,COM-5167-516BA34
6,5167-604AA34,1.0,1.0,COM-5167-604AA34
6,5167-611AA34,1.0,1.0,COM-5167-611AA34
6,5167-612AA34,1.0,1.0,COM-5167-612AA34
6,5167-613AA34,1.0,1.0,COM-5167-613AA34
6,5167-614AA34,1.0,1.0,COM-5167-614AA34
6,5167-615AA34,1.0,1.0,COM-5167-615AA34
6,5167-616AA34,1.0,1.0,COM-5167-616AA34
6,5167-617AA34,1.0,1.0,COM-5167-617AA34
6,5167-628AA34,1.0,1.0,COM-5167-628AA34
6,5167-628BA34,1.0,1.0,COM-5167-628BA34
6,5176-631BA30,1.0,1.0,COM-5176-631BA30
6,5176-632BA30,1.0,1.0,COM-5176-632BA30
6,57-613,1.0,1.0,COM-57-613
6,603-53230,1.0,1.0,COM-603-53230
6,603-53430,1.0,1.0,COM-603-53430
6,5520-566FA30,1.0,1.0,COM-5520-566FA30
6,B336-511MA33,1.0,1.0,COM-B336-511MA33
6,B336-511MB33,1.0,1.0,COM-B336-511MB33
6,B336-512MA33,1.0,1.0,COM-B336-512MA33
6,B336-515MA33,1.0,1.0,COM-B336-515MA33
6,SPL-2950CA22,1.0,1.0,COM-SPL-2950CA22
6,600-519CA30,1.0,1.0,COM-600-519CA30
6,KS64-01312BB,1.0,1.0,COM-KS64-01312BB
6,5156-506AA07,1.0,1.0,COM-5156-506AA07
6,5156-511AB07,1.0,1.0,COM-5156-511AB07
6,5156-512AB07,1.0,1.0,COM-5156-512AB07
6,5156-513AA07,1.0,1.0,COM-5156-513AA07
6,5156-514AA07,1.0,1.0,COM-5156-514AA07
6,5156-611AA07,1.0,1.0,COM-5156-611AA07
6,5156-612AA07,1.0,1.0,COM-5156-612AA07
6,603-53360,1.0,1.0,COM-603-53360
6,6105-615AB38,1.0,1.0,COM-6105-615AB38
6,5520-566BA34,1.0,1.0,COM-5520-566BA34
6,5520-570BA34,1.0,1.0,COM-5520-570BA34
6,B336-516AA34,1.0,1.0,COM-B336-516AA34
6,B336-518BA34,1.0,1.0,COM-B336-518BA34
6,590-611,1.0,1.0,COM-590-611
6,6110-512AB38,1.0,1.0,COM-6110-512AB38
6,6110-514AC38,1.0,1.0,COM-6110-514AC38
6,6110-516AB38,1.0,1.0,COM-6110-516AB38
6,6110-516BB38,1.0,1.0,COM-6110-516BB38
6,6110-517AC38,1.0,1.0,COM-6110-517AC38
6,6110-592AB38,1.0,1.0,COM-6110-592AB38
6,6110-621AC38,1.0,1.0,COM-6110-621AC38
6,6110-621BC38,1.0,1.0,COM-6110-621BC38
6,6110-622AB38,1.0,1.0,COM-6110-622AB38
6,6110-623AC38,1.0,1.0,COM-6110-623AC38
6,6110-692AB38,1.0,1.0,COM-6110-692AB38
6,5142-511SC38,1.0,1.0,COM-5142-511SC38
6,5142-529AA33,1.0,1.0,COM-5142-529AA33
6,B336-621AA34,1.0,1.0,COM-B336-621AA34
6,5142-511SA33,1.0,1.0,COM-5142-511SA33
6,5211-521BB34,1.0,1.0,COM-5211-521BB34
6,5213-506AA34,1.0,1.0,COM-5213-506AA34
6,5213-506BA34,1.0,1.0,COM-5213-506BA34
6,5213-512AA34,1.0,1.0,COM-5213-512AA34
6,5213-514AA34,1.0,1.0,COM-5213-514AA34
6,5213-515AA34,1.0,1.0,COM-5213-515AA34
6,5213-518AA34,1.0,1.0,COM-5213-518AA34
6,5213-607AA34,1.0,1.0,COM-5213-607AA34
6,5213-607BA34,1.0,1.0,COM-5213-607BA34
6,5213-607CA34,1.0,1.0,COM-5213-607CA34
6,5213-607DA34,1.0,1.0,COM-5213-607DA34
6,5213-615AB34,1.0,1.0,COM-5213-615AB34
6,5213-616AB34,1.0,1.0,COM-5213-616AB34
6,5213-619AA34,1.0,1.0,COM-5213-619AA34
6,5213-620AA34,1.0,1.0,COM-5213-620AA34
6,5213-623AA34,1.0,1.0,COM-5213-623AA34
6,5213-624AA34,1.0,1.0,COM-5213-624AA34
6,5213-627AB34,1.0,1.0,COM-5213-627AB34
6,5213-628AB34,1.0,1.0,COM-5213-628AB34
6,5213-652AA34,1.0,1.0,COM-5213-652AA34
6,700-566FB30,1.0,1.0,COM-700-566FB30
6,5154-511AA32,1.0,1.0,COM-5154-511AA32
6,5154-611AA32,1.0,1.0,COM-5154-611AA32
6,5154-612AA32,1.0,1.0,COM-5154-612AA32
6,95B-55118S2,1.0,1.0,COM-95B-55118S2
6,95B-55124S2,1.0,1.0,COM-95B-55124S2
6,B336-504AA33,1.0,1.0,COM-B336-504AA33
6,B336-504BA33,1.0,1.0,COM-B336-504BA33
6,B336-612AA33,1.0,1.0,COM-B336-612AA33
6,B336-613AA33,1.0,1.0,COM-B336-613AA33
6,B336-614AA33,1.0,1.0,COM-B336-614AA33
6,B336-615AA33,1.0,1.0,COM-B336-615AA33
6,B336-616AA33,1.0,1.0,COM-B336-616AA33
6,B336-617AA33,1.0,1.0,COM-B336-617AA33
6,B336-618AA33,1.0,1.0,COM-B336-618AA33
6,B336-619AA33,1.0,1.0,COM-B336-619AA33
6,B336-620AA33,1.0,1.0,COM-B336-620AA33
6,5213-506AA36,1.0,1.0,COM-5213-506AA36
6,5213-506BA36,1.0,1.0,COM-5213-506BA36
6,5213-512AA36,1.0,1.0,COM-5213-512AA36
6,5213-514AA36,1.0,1.0,COM-5213-514AA36
6,5213-607AA36,1.0,1.0,COM-5213-607AA36
6,5213-607BA36,1.0,1.0,COM-5213-607BA36
6,5213-607CA36,1.0,1.0,COM-5213-607CA36
6,5213-607DA36,1.0,1.0,COM-5213-607DA36
6,5213-615AB36,1.0,1.0,COM-5213-615AB36
6,5213-616AB36,1.0,1.0,COM-5213-616AB36
6,5213-651AA36,1.0,1.0,COM-5213-651AA36
6,5213-652AA36,1.0,1.0,COM-5213-652AA36
6,5165-615LA32,1.0,1.0,COM-5165-615LA32
6,6108-605BB38,1.0,1.0,COM-6108-605BB38
6,600-525BA38,1.0,1.0,COM-600-525BA38
6,600-526AA38,1.0,1.0,COM-600-526AA38
6,5532-515AA,1.0,1.0,COM-5532-515AA
6,5532-515BA,1.0,1.0,COM-5532-515BA
6,5532-531BA30,1.0,1.0,COM-5532-531BA30
6,5532-611AA30,1.0,1.0,COM-5532-611AA30
6,5532-612AA30,1.0,1.0,COM-5532-612AA30
6,5532-613AA30,1.0,1.0,COM-5532-613AA30
6,5532-614AA30,1.0,1.0,COM-5532-614AA30
6,5532-617AA30,1.0,1.0,COM-5532-617AA30
6,5532-618AA30,1.0,1.0,COM-5532-618AA30
6,960-505AA34,1.0,1.0,COM-960-505AA34
6,960-511CA34,1.0,1.0,COM-960-511CA34
6,960-611GB34,1.0,1.0,COM-960-611GB34
6,960-611JB34,1.0,1.0,COM-960-611JB34
6,960-612DB34,1.0,1.0,COM-960-612DB34
6,6110-518AA38,1.0,1.0,COM-6110-518AA38
6,580-51338,1.0,1.0,COM-580-51338
6,600-51934,1.0,1.0,COM-600-51934
6,600-57238S2,1.0,1.0,COM-600-57238S2
6,600-631PA36,1.0,1.0,COM-600-631PA36
6,B336-623AA34,1.0,1.0,COM-B336-623AA34
6,5154-515AA34,1.0,1.0,COM-5154-515AA34
6,78-613AD33,1.0,1.0,COM-78-613AD33
6,78-614AD33,1.0,1.0,COM-78-614AD33
6,5533-531AA34,1.0,1.0,COM-5533-531AA34
6,5533-531BA34,1.0,1.0,COM-5533-531BA34
6,5533-607AA34,1.0,1.0,COM-5533-607AA34
6,5533-607BA34,1.0,1.0,COM-5533-607BA34
6,5533-608AA34,1.0,1.0,COM-5533-608AA34
6,5533-611AA34,1.0,1.0,COM-5533-611AA34
6,5533-612AA34,1.0,1.0,COM-5533-612AA34
6,5533-613AA34,1.0,1.0,COM-5533-613AA34
6,5533-614AA34,1.0,1.0,COM-5533-614AA34
6,5533-615AA34,1.0,1.0,COM-5533-615AA34
6,5533-616AA34,1.0,1.0,COM-5533-616AA34
6,5533-617AA34,1.0,1.0,COM-5533-617AA34
6,5533-618AA34,1.0,1.0,COM-5533-618AA34
6,971-621AA36,1.0,1.0,COM-971-621AA36
6,5546-518AA38,1.0,1.0,COM-5546-518AA38
6,5546-519AA38,1.0,1.0,COM-5546-519AA38
6,5546-520AA38,1.0,1.0,COM-5546-520AA38
6,631-516E30,1.0,1.0,COM-631-516E30
6,5546-512AC38,1.0,1.0,COM-5546-512AC38
6,5546-514AB38,1.0,1.0,COM-5546-514AB38
6,5169-511AA36,1.0,1.0,COM-5169-511AA36
6,5169-512AA36,1.0,1.0,COM-5169-512AA36
6,5169-513AA36,1.0,1.0,COM-5169-513AA36
6,5169-514AB36,1.0,1.0,COM-5169-514AB36
6,5169-515AA36,1.0,1.0,COM-5169-515AA36
6,5169-516AA36,1.0,1.0,COM-5169-516AA36
6,5169-628AA36,1.0,1.0,COM-5169-628AA36
6,5169-628BA36,1.0,1.0,COM-5169-628BA36
6,6104-605BB30,1.0,1.0,COM-6104-605BB30
6,5142-529AA38,1.0,1.0,COM-5142-529AA38
6,960-516BA34,1.0,1.0,COM-960-516BA34
6,973-517AA30,1.0,1.0,COM-973-517AA30
6,973-615AA30,1.0,1.0,COM-973-615AA30
6,5521-504AA24,1.0,1.0,COM-5521-504AA24
6,5521-504BA24,1.0,1.0,COM-5521-504BA24
6,5521-505AA24,1.0,1.0,COM-5521-505AA24
6,5521-505BA24,1.0,1.0,COM-5521-505BA24
6,5521-511BA24,1.0,1.0,COM-5521-511BA24
6,5521-511MA24,1.0,1.0,COM-5521-511MA24
6,5521-512AA23,1.0,1.0,COM-5521-512AA23
6,5521-513AB24,1.0,1.0,COM-5521-513AB24
6,5521-514AB24,1.0,1.0,COM-5521-514AB24
6,5521-516GA24,1.0,1.0,COM-5521-516GA24
6,5521-517AB24,1.0,1.0,COM-5521-517AB24
6,5521-517GA24,1.0,1.0,COM-5521-517GA24
6,5521-518GA24,1.0,1.0,COM-5521-518GA24
6,5521-541AA24,1.0,1.0,COM-5521-541AA24
6,5521-607AA24,1.0,1.0,COM-5521-607AA24
6,5521-607BA24,1.0,1.0,COM-5521-607BA24
6,5521-607CA24,1.0,1.0,COM-5521-607CA24
6,5521-607DA24,1.0,1.0,COM-5521-607DA24
6,5521-611DA24,1.0,1.0,COM-5521-611DA24
6,5521-612DA24,1.0,1.0,COM-5521-612DA24
6,5521-613AA24,1.0,1.0,COM-5521-613AA24
6,5521-614AA24,1.0,1.0,COM-5521-614AA24
6,5521-615GA24,1.0,1.0,COM-5521-615GA24
6,5521-616GA24,1.0,1.0,COM-5521-616GA24
6,5521-617AA24,1.0,1.0,COM-5521-617AA24
6,5521-618AA24,1.0,1.0,COM-5521-618AA24
6,5521-623BA24,1.0,1.0,COM-5521-623BA24
6,5521-624BA24,1.0,1.0,COM-5521-624BA24
6,5527-566AA24,1.0,1.0,COM-5527-566AA24
6,5527-566BA24,1.0,1.0,COM-5527-566BA24
6,5527-566DA24,1.0,1.0,COM-5527-566DA24
6,5527-569AA24,1.0,1.0,COM-5527-569AA24
6,5527-570AA24,1.0,1.0,COM-5527-570AA24
6,5527-570BA24,1.0,1.0,COM-5527-570BA24
6,5165-517AA30,1.0,1.0,COM-5165-517AA30
6,5165-627AA30,1.0,1.0,COM-5165-627AA30
6,5165-628AA30,1.0,1.0,COM-5165-628AA30
6,631-511A30,1.0,1.0,COM-631-511A30
6,631-511D30,1.0,1.0,COM-631-511D30
6,SPL-1189A30,1.0,1.0,COM-SPL-1189A30
6,5108-617AA38,1.0,1.0,COM-5108-617AA38
6,5108-618AA38,1.0,1.0,COM-5108-618AA38
6,5121-522AA34,1.0,1.0,COM-5121-522AA34
6,5121-522AB36,1.0,1.0,COM-5121-522AB36
6,5121-524BA40,1.0,1.0,COM-5121-524BA40
6,5180-512AA33,1.0,1.0,COM-5180-512AA33
6,5180-514AA33,1.0,1.0,COM-5180-514AA33
6,5180-515AA33,1.0,1.0,COM-5180-515AA33
6,5165-627AA34,1.0,1.0,COM-5165-627AA34
6,5165-628AA34,1.0,1.0,COM-5165-628AA34
6,5165-506AA33,1.0,1.0,COM-5165-506AA33
6,5165-506BA33,1.0,1.0,COM-5165-506BA33
6,5165-607AA33,1.0,1.0,COM-5165-607AA33
6,5165-613AA33,1.0,1.0,COM-5165-613AA33
6,SPL-2972AA32,1.0,1.0,COM-SPL-2972AA32
6,882-516A30,1.0,1.0,COM-882-516A30
6,5545-505AA30,1.0,1.0,COM-5545-505AA30
6,5545-505BA30,1.0,1.0,COM-5545-505BA30
6,5545-506AB30,1.0,1.0,COM-5545-506AB30
6,5545-506BB30,1.0,1.0,COM-5545-506BB30
6,5545-512CA30,1.0,1.0,COM-5545-512CA30
6,5545-512DA30,1.0,1.0,COM-5545-512DA30
6,5545-514CA30,1.0,1.0,COM-5545-514CA30
6,5154-511CA38,1.0,1.0,COM-5154-511CA38
6,5179-607AA34,1.0,1.0,COM-5179-607AA34
6,5179-607BA34,1.0,1.0,COM-5179-607BA34
6,5179-623AA34,1.0,1.0,COM-5179-623AA34
6,5179-624AA34,1.0,1.0,COM-5179-624AA34
6,600-611JL-S2,1.0,1.0,COM-600-611JL-S2
6,5518-505AA30,1.0,1.0,COM-5518-505AA30
6,6111-504AA30,1.0,1.0,COM-6111-504AA30
6,6111-624AA30,1.0,1.0,COM-6111-624AA30
6,6111-624BA30,1.0,1.0,COM-6111-624BA30
6,6210-504AA34,1.0,1.0,COM-6210-504AA34
6,6210-504BA34,1.0,1.0,COM-6210-504BA34
6,6210-504CA34,1.0,1.0,COM-6210-504CA34
6,6210-513AB34,1.0,1.0,COM-6210-513AB34
6,6210-514AB34,1.0,1.0,COM-6210-514AB34
6,6210-517AA34,1.0,1.0,COM-6210-517AA34
6,6210-525AA34,1.0,1.0,COM-6210-525AA34
6,6210-526BA34,1.0,1.0,COM-6210-526BA34
6,6210-605AC34,1.0,1.0,COM-6210-605AC34
6,6210-605BC34,1.0,1.0,COM-6210-605BC34
6,6210-605CD34,1.0,1.0,COM-6210-605CD34
6,6210-615AA34,1.0,1.0,COM-6210-615AA34
6,6210-621AD34,1.0,1.0,COM-6210-621AD34
6,6210-622AC34,1.0,1.0,COM-6210-622AC34
6,6210-623AB34,1.0,1.0,COM-6210-623AB34
6,6210-692AA34,1.0,1.0,COM-6210-692AA34
6,748-651AA30,1.0,1.0,COM-748-651AA30
6,5181-506AA16,1.0,1.0,COM-5181-506AA16
6,5181-506BA16,1.0,1.0,COM-5181-506BA16
6,5181-607AA16,1.0,1.0,COM-5181-607AA16
6,5181-607BA16,1.0,1.0,COM-5181-607BA16
6,5181-608AA16,1.0,1.0,COM-5181-608AA16
6,630-62126,1.0,1.0,COM-630-62126
6,630-62226,1.0,1.0,COM-630-62226
6,630-62326,1.0,1.0,COM-630-62326
6,630-62426,1.0,1.0,COM-630-62426
6,5121-512AA34,1.0,1.0,COM-5121-512AA34
6,5165-531AA38,1.0,1.0,COM-5165-531AA38
6,5165-613BA36,1.0,1.0,COM-5165-613BA36
6,5165-614BA36,1.0,1.0,COM-5165-614BA36
6,5165-615BA36,1.0,1.0,COM-5165-615BA36
6,5165-616BA36,1.0,1.0,COM-5165-616BA36
6,5154-514BA34,1.0,1.0,COM-5154-514BA34
6,5181-608AB22,1.0,1.0,COM-5181-608AB22
6,5154-506DA30,1.0,1.0,COM-5154-506DA30
6,5157-511BA30,1.0,1.0,COM-5157-511BA30
6,5157-513AA30,1.0,1.0,COM-5157-513AA30
6,5157-611AB30,1.0,1.0,COM-5157-611AB30
6,5157-611BA30,1.0,1.0,COM-5157-611BA30
6,5157-612AB30,1.0,1.0,COM-5157-612AB30
6,5157-612BA30,1.0,1.0,COM-5157-612BA30
6,5157-613AA30,1.0,1.0,COM-5157-613AA30
6,5157-614AA30,1.0,1.0,COM-5157-614AA30
6,5157-615AA30,1.0,1.0,COM-5157-615AA30
6,5157-616AA30,1.0,1.0,COM-5157-616AA30
6,5183-506AA33,1.0,1.0,COM-5183-506AA33
6,5183-506BA33,1.0,1.0,COM-5183-506BA33
6,5183-511AA33,1.0,1.0,COM-5183-511AA33
6,5183-511CA33,1.0,1.0,COM-5183-511CA33
6,5183-513AA33,1.0,1.0,COM-5183-513AA33
6,5183-514AA33,1.0,1.0,COM-5183-514AA33
6,5183-607AA33,1.0,1.0,COM-5183-607AA33
6,5183-607BA33,1.0,1.0,COM-5183-607BA33
6,5183-608AA33,1.0,1.0,COM-5183-608AA33
6,5128-607AA38,1.0,1.0,COM-5128-607AA38
6,5128-607BA38,1.0,1.0,COM-5128-607BA38
6,5128-608AA38,1.0,1.0,COM-5128-608AA38
6,5128-608BA38,1.0,1.0,COM-5128-608BA38
6,76-507AB38,1.0,1.0,COM-76-507AB38
6,59-506E15,1.0,1.0,COM-59-506E15
6,59-506E16,1.0,1.0,COM-59-506E16
6,59-506F15,1.0,1.0,COM-59-506F15
6,59-506F16,1.0,1.0,COM-59-506F16
6,59-607AC15,1.0,1.0,COM-59-607AC15
6,59-607AC16,1.0,1.0,COM-59-607AC16
6,59-607BC15,1.0,1.0,COM-59-607BC15
6,59-607BC16,1.0,1.0,COM-59-607BC16
6,59-608AC16,1.0,1.0,COM-59-608AC16
6,5181-608AB19,1.0,1.0,COM-5181-608AB19
6,815-612AA30,1.0,1.0,COM-815-612AA30
6,621-64526,1.0,1.0,COM-621-64526
6,5179-623DA34,1.0,1.0,COM-5179-623DA34
6,5179-624DA34,1.0,1.0,COM-5179-624DA34
6,5179-630DA34,1.0,1.0,COM-5179-630DA34
6,5179-629DA34,1.0,1.0,COM-5179-629DA34
6,5173-607AA38,1.0,1.0,COM-5173-607AA38
6,5173-607BA38,1.0,1.0,COM-5173-607BA38
6,5165-511AA48,1.0,1.0,COM-5165-511AA48
6,5165-512AA48,1.0,1.0,COM-5165-512AA48
6,5165-514AA48,1.0,1.0,COM-5165-514AA48
6,5165-516AA48,1.0,1.0,COM-5165-516AA48
6,5165-521AA48,1.0,1.0,COM-5165-521AA48
6,5165-522AA48,1.0,1.0,COM-5165-522AA48
6,5165-524AA48,1.0,1.0,COM-5165-524AA48
6,5165-525AA48,1.0,1.0,COM-5165-525AA48
6,5165-541SA48,1.0,1.0,COM-5165-541SA48
6,5165-613AA48,1.0,1.0,COM-5165-613AA48
6,5165-614AA48,1.0,1.0,COM-5165-614AA48
6,5165-615AA48,1.0,1.0,COM-5165-615AA48
6,5165-616AA48,1.0,1.0,COM-5165-616AA48
6,5165-619AA48,1.0,1.0,COM-5165-619AA48
6,5165-620AA48,1.0,1.0,COM-5165-620AA48
6,6105-621AA34,1.0,1.0,COM-6105-621AA34
6,6105-621BA34,1.0,1.0,COM-6105-621BA34
6,5165-613AA46,1.0,1.0,COM-5165-613AA46
6,5165-614AA46,1.0,1.0,COM-5165-614AA46
6,5165-615AA46,1.0,1.0,COM-5165-615AA46
6,5165-616AA46,1.0,1.0,COM-5165-616AA46
6,5165-617AA46,1.0,1.0,COM-5165-617AA46
6,5165-618AA46,1.0,1.0,COM-5165-618AA46
6,5165-506AA46,1.0,1.0,COM-5165-506AA46
6,5165-506BA46,1.0,1.0,COM-5165-506BA46
6,5165-606AA46,1.0,1.0,COM-5165-606AA46
6,5165-606BA46,1.0,1.0,COM-5165-606BA46
6,5165-607AA46,1.0,1.0,COM-5165-607AA46
6,5517-504AA38,1.0,1.0,COM-5517-504AA38
6,5517-592AA38,1.0,1.0,COM-5517-592AA38
6,5517-613AA38,1.0,1.0,COM-5517-613AA38
6,5517-613BA38,1.0,1.0,COM-5517-613BA38
6,5517-614AA38,1.0,1.0,COM-5517-614AA38
6,5517-614BA38,1.0,1.0,COM-5517-614BA38
6,5517-615AA38,1.0,1.0,COM-5517-615AA38
6,5517-616AA38,1.0,1.0,COM-5517-616AA38
6,5517-617AA38,1.0,1.0,COM-5517-617AA38
6,5517-617BA38,1.0,1.0,COM-5517-617BA38
6,5517-618AA38,1.0,1.0,COM-5517-618AA38
6,5517-618BA38,1.0,1.0,COM-5517-618BA38
6,5517-619AA38,1.0,1.0,COM-5517-619AA38
6,5517-620AA38,1.0,1.0,COM-5517-620AA38
6,5517-622AA38,1.0,1.0,COM-5517-622AA38
6,5518-505AA38,1.0,1.0,COM-5518-505AA38
6,6104-605AC34,1.0,1.0,COM-6104-605AC34
6,6104-605BB34,1.0,1.0,COM-6104-605BB34
6,6104-621AB34,1.0,1.0,COM-6104-621AB34
6,6104-621BB34,1.0,1.0,COM-6104-621BB34
6,6104-622AB34,1.0,1.0,COM-6104-622AB34
6,6104-623AB34,1.0,1.0,COM-6104-623AB34
6,6104-692AA34,1.0,1.0,COM-6104-692AA34
6,5215-517AA34,1.0,1.0,COM-5215-517AA34
6,5215-518AA34,1.0,1.0,COM-5215-518AA34
6,83-611B,1.0,1.0,COM-83-611B
6,631-65226,1.0,1.0,COM-631-65226
6,5154-531EA30,1.0,1.0,COM-5154-531EA30
6,5154-631CA30,1.0,1.0,COM-5154-631CA30
6,5154-632CA30,1.0,1.0,COM-5154-632CA30
6,5108-607BA42,1.0,1.0,COM-5108-607BA42
6,5108-608AA42,1.0,1.0,COM-5108-608AA42
6,5542-506AA34,1.0,1.0,COM-5542-506AA34
6,5542-506BA34,1.0,1.0,COM-5542-506BA34
6,5542-514AA34,1.0,1.0,COM-5542-514AA34
6,SPL-2542BA42,1.0,1.0,COM-SPL-2542BA42
6,SPL-2542CA42,1.0,1.0,COM-SPL-2542CA42
6,6210-513AC34,1.0,1.0,COM-6210-513AC34
6,6210-525BA34,1.0,1.0,COM-6210-525BA34
6,6210-526AA34,1.0,1.0,COM-6210-526AA34
6,6210-615BA34,1.0,1.0,COM-6210-615BA34
