H,defTopId,S1C1,S1C2,S1C3,S1C4,S1C5,S1C6,S1C7,S1C8,S1C9,S1C11,S1C644,S1C643
R,460,CAM HOLDER,F000122994,3922-502KA30,2025105,K115,M2XC-S3.2PL,30,22,‚`‚m‚s‚d‚w ‚j‚m‚h‚s‚s‚h‚m‚f  ‚l‚h‚k‚k‚r,–³“d‰ðƒjƒbƒPƒ‹ƒƒbƒL,0,20250724
R,460,CAM HOLDER,F000123003,3922-502KA30,2025105,K116,M2XC-S3.2PL,30,22,‚`‚m‚s‚d‚w ‚j‚m‚h‚s‚s‚h‚m‚f  ‚l‚h‚k‚k‚r,–³“d‰ðƒjƒbƒPƒ‹ƒƒbƒL,0,20250724
R,460,CAM HOLDER,F000123012,3922-502KA30,2025105,K117,M2XC-S3.2PL,30,22,‚`‚m‚s‚d‚w ‚j‚m‚h‚s‚s‚h‚m‚f  ‚l‚h‚k‚k‚r,–³“d‰ðƒjƒbƒPƒ‹ƒƒbƒL,0,20250724
R,460,CAM HOLDER,F000123018,5154-502AA30,2025106,K034,M-9ME22,30,28,‚`‚m‚s‚d‚w ‚j‚m‚h‚s‚s‚h‚m‚f  ‚l‚h‚k‚k‚r,–³“d‰ðƒjƒbƒPƒ‹ƒƒbƒL,0,20250724
R,460,CAM HOLDER,F000123026,5154-502AA30,2025106,K035,M-9ME22,30,28,‚`‚m‚s‚d‚w ‚j‚m‚h‚s‚s‚h‚m‚f  ‚l‚h‚k‚k‚r,–³“d‰ðƒjƒbƒPƒ‹ƒƒbƒL,0,20250724
R,460,CAM HOLDER,F000123034,5154-502AA30,2025106,K036,M-9ME22,30,28,‚`‚m‚s‚d‚w ‚j‚m‚h‚s‚s‚h‚m‚f  ‚l‚h‚k‚k‚r,–³“d‰ðƒjƒbƒPƒ‹ƒƒbƒL,0,20250724
R,460,CAM HOLDER,F000123042,5154-502AA30,2025106,K037,M-9ME22,30,28,‚`‚m‚s‚d‚w ‚j‚m‚h‚s‚s‚h‚m‚f  ‚l‚h‚k‚k‚r,–³“d‰ðƒjƒbƒPƒ‹ƒƒbƒL,0,20250724
R,460,CAM HOLDER,F000123050,5154-502AA30,2025106,K038,M-9ME22,30,28,‚`‚m‚s‚d‚w ‚j‚m‚h‚s‚s‚h‚m‚f  ‚l‚h‚k‚k‚r,–³“d‰ðƒjƒbƒPƒ‹ƒƒbƒL,0,20250724
R,460,CAM HOLDER,F000123058,5154-502AA30,2025107,K039,M-9ME22,30,28,‚`‚m‚s‚d‚w ‚j‚m‚h‚s‚s‚h‚m‚f  ‚l‚h‚k‚k‚r,–³“d‰ðƒjƒbƒPƒ‹ƒƒbƒL,0,20250724
R,460,CAM HOLDER,F000123066,5154-502AA30,2025107,K040,M-9ME22,30,28,‚`‚m‚s‚d‚w ‚j‚m‚h‚s‚s‚h‚m‚f  ‚l‚h‚k‚k‚r,–³“d‰ðƒjƒbƒPƒ‹ƒƒbƒL,0,20250724
R,460,CAM HOLDER,F000123074,5154-502AA30,2025107,K041,M-9ME22,30,28,‚`‚m‚s‚d‚w ‚j‚m‚h‚s‚s‚h‚m‚f  ‚l‚h‚k‚k‚r,–³“d‰ðƒjƒbƒPƒ‹ƒƒbƒL,0,20250724
R,460,CAM HOLDER,F000123082,5154-502AA30,2025107,K042,M-9ME22,30,28,‚`‚m‚s‚d‚w ‚j‚m‚h‚s‚s‚h‚m‚f  ‚l‚h‚k‚k‚r,–³“d‰ðƒjƒbƒPƒ‹ƒƒbƒL,0,20250724
R,460,CAM HOLDER,F000123090,5154-502AA30,2025107,K043,M-9ME22,30,24,‚e‚t‚j‚t‚s‚d‚w ‚rD‚`D,–³“d‰ðƒjƒbƒPƒ‹ƒƒbƒL,0,20250724
