äÆê¨ïîî‘,ëOçHíˆ
KF43-00101AA,0
1751-411AA15,0
1751-411AA16,0
1751-411AA19,0
1751-411AA20,0
1751-411AA22,0
12Q-411GA31,0
12Q-411GA33,0
1531-406AA26,0
5142-502AA33,0
TS-5259-406CB30,0
TS-5259-401CA30,0
1751-411AA21,0
TS-5380AA30,0
SPL-2798-401AA30,0
3557-601AB34,0
SPL-2798-501AA30,0
TS-5412AA34,0
SPL-2798-501AA34,0
SPL-2798-501BA38,0
TS-5412AB34,0
5546-502BB38,0
00-1160AA,1
100-276B,1
KS64-00425CA,1
3159-408AA02,1
3159-408AA03,1
3159-408AA04,1
1751-402BA17,1
1751-402BA24,1
5520-502JD,1
TS-5486LA16,1
5546-502CB38,1
5546-502GA38,1
00-1090AA30,1
2172-205AA,2
225-681-B,2
E-19001FB,2
E-5304,2
G-2924BA,2
G-3801H,2
K-14901,2
K-24913AB,2
KF20-01313EA1240,2
KF77-00402BA,2
SPL-2456CB,2
YS65-13804CA,2
165-250EA,2
100-609JB4,2
1355-420AA,2
120-451CA,2
KF43-00103BA,2
1731-111DA,2
1731-111EA,2
K-17301GA,2
K-22210,2
K-29610AA,2
1631-141BA,2
2172-204AA,2
220-680-B,2
225-680-A,2
225-681-A,2
90-231S,2
G-3515J,2
K-19001GA,2
K-25102DA,2
KF20-02229AA,2
KF20-08304AC,2
KF43-00102AA,2
KF43-00103AA,2
KF43-00201AA,2
KF43-00202AA,2
LU-2004BA,2
SPL-1987AA,2
SPL-1987MA,2
SPL-2249BA,2
SPL-2357AA,2
SPL-2357DA,2
SPL-2388BA,2
SPL-2388BB,2
TS-5470AA,2
2172-276AA,2
2172-276BA,2
2172-277AA,2
K-26719EA,2
12-224C,2
KA65-00101AA,3
