FINAL_ITEM_CODE,PROCESS_ORDER,PROCESS_CODE,RES_CODE1,CAPACITY1,INF_CHANGE1,RES_CODE2,CAPACITY2,INF_CHANGE2,RES_CODE3,CAPACITY3,INF_CHANGE3,VERSION,OPE_NAME,UP_DATE,CHK_VAL_FLG
1151-402AA,1,B,000,1,0,,,,,,,1,森友　宏幸,2025-05-15,0
1151-402AA,2,L,000,1,0,,,,,,,1,森友　宏幸,2025-05-15,0
1151-402AA,3,L,000,1,0,,,,,,,1,森友　宏幸,2025-05-15,0
1151-402AA,4,MC,000,1,0,,,,,,,1,森友　宏幸,2025-05-15,0
1151-443AA,1,MC,000,1,0,,,,,,,1,森友　宏幸,2025-05-15,0
1155-111AA,1,MC,000,1,0,,,,,,,1,森友　宏幸,2025-05-15,0
1155-403AA48,1,MC,000,1,0,,,,,,,2,森友　宏幸,2025-05-15,0
1155-413AB48,1,MCT,000,1,0,,,,,,,1,森友　宏幸,2025-05-15,0
12-302,1,GAI,000,1,0,,,,,,,1,初崎　和広,2025-05-30,0
12-303,1,GAI,000,1,0,,,,,,,1,初崎　和広,2025-05-30,0
12-304C,1,GAI,000,1,0,,,,,,,1,藤浪　克彦,2019-07-17,0
12-305,1,GAI,000,1,0,,,,,,,1,初崎　和広,2025-05-30,0
120-404CA,1,MC,000,1,0,,,,,,,1,森友　宏幸,2025-05-15,0
120-404DA,1,MC,000,1,0,,,,,,,1,森友　宏幸,2025-05-15,0
120-404KA,1,MC,000,1,0,,,,,,,1,森友　宏幸,2025-05-15,0
1231-103DB38,1,MC,000,1,0,,,,,,,1,森友　宏幸,2025-05-15,0
1231-103GB38,1,MC,000,1,0,,,,,,,2,森友　宏幸,2025-05-15,0
1231-103GB38,1,GAI,000,1,0,,,,,,,99,CROSS MEMBER,2019-01-26,0
1231-142AB,1,MC,000,1,0,,,,,,,1,森友　宏幸,2025-05-15,0
1231-142CA,1,MC,000,1,0,,,,,,,1,森友　宏幸,2025-05-15,0
1231-142CA,1,GAI,000,1,0,,,,,,,99,BASE,2019-01-26,0
1331-102PA,1,MC,000,1,0,,,,,,,1,初崎　和広,2024-01-16,0
1331-210JA,1,MCW,000,1,0,,,,,,,1,森友　宏幸,2025-05-15,0
1331-211JA,1,MCW,000,1,0,,,,,,,1,森友　宏幸,2025-05-15,0
1331-211JA,1,MC,000,1,0,,,,,,,99,LEFT SIDE FRAME,2019-02-07,0
1355-403CB24,1,MC,000,1,0,,,,,,,2,森友　宏幸,2025-05-15,0
1531-128BA,1,GAI,000,1,0,,,,,,,1,初崎　和広,2021-01-19,0
161-402CA30,1,B,014,1,0,,,,,,,1,森友　宏幸,2025-05-15,0
161-402CA30,2,L,014,1,0,,,,,,,1,森友　宏幸,2025-05-15,0
161-402CA30,3,L,014,1,0,,,,,,,1,森友　宏幸,2025-05-15,0
161-402CA30,4,MC,014,1,0,,,,,,,1,森友　宏幸,2025-05-15,0
161-402CA38,1,B,014,1,0,,,,,,,1,森友　宏幸,2025-05-15,0
161-402CA38,2,L,014,1,0,,,,,,,1,森友　宏幸,2025-05-15,0
161-402CA38,3,L,014,1,0,,,,,,,1,森友　宏幸,2025-05-15,0
161-402CA38,4,MC,014,1,0,,,,,,,1,森友　宏幸,2025-05-15,0
161-402PA31,1,B,000,1,0,,,,,,,1,森友　宏幸,2025-05-15,0
161-402PA31,2,L,000,1,0,,,,,,,1,森友　宏幸,2025-05-15,0
161-402PA31,3,L,000,1,0,,,,,,,1,森友　宏幸,2025-05-15,0
161-402PA31,4,MC,000,1,0,,,,,,,1,森友　宏幸,2025-05-15,0
161-403CA30,1,MC,014,1,0,,,,,,,1,森友　宏幸,2025-05-15,0
161-403CA30,1,MC,000,1,0,,,,,,,2,森友　宏幸,2025-05-15,0
161-403CA38,1,MC,014,1,0,,,,,,,1,森友　宏幸,2025-05-15,0
161-403CA38,1,MC,000,1,0,,,,,,,2,森友　宏幸,2025-05-15,0
161-403CB30,1,MCW,014,1,0,,,,,,,1,森友　宏幸,2025-05-15,0
161-403CB38,1,MCW,014,1,0,,,,,,,1,森友　宏幸,2025-05-15,0
161-403DA38,1,MC,000,1,0,,,,,,,2,森友　宏幸,2025-05-15,0
161-403DB38,1,MCW,014,1,0,,,,,,,1,森友　宏幸,2025-05-15,0
161-403GA38,1,MC,000,1,0,,,,,,,2,森友　宏幸,2025-05-15,0
161-403HA38,1,MC,000,1,0,,,,,,,2,森友　宏幸,2025-05-15,0
161-403HB38,1,MCW,014,1,0,,,,,,,1,森友　宏幸,2025-05-15,0
161-404AAC,1,MC,004,1,0,,,,,,,1,初崎　和広,2024-03-07,0
161-404AEC,1,MC,012,1,0,,,,,,,1,初崎　和広,2024-03-07,0
1631-111AA,1,MC,004,1,0,,,,,,,1,森友　宏幸,2025-05-15,0
1631-111AA,1,MC,000,1,0,,,,,,,2,森友　宏幸,2025-05-15,0
1631-111BA,1,MC,004,1,0,,,,,,,1,森友　宏幸,2025-05-15,0
1631-111BA,1,MC,000,1,0,,,,,,,2,森友　宏幸,2025-05-15,0
1631-111CA,1,MC,000,1,0,,,,,,,1,森友　宏幸,2025-05-15,0
1631-111DA,1,MC,000,1,0,,,,,,,1,森友　宏幸,2025-05-15,0
1631-111EA,1,MC,000,1,0,,,,,,,1,森友　宏幸,2025-05-15,0
1631-111FA,1,MC,000,1,0,,,,,,,1,森友　宏幸,2025-05-15,0
1631-111GA,1,MCW,004,1,0,,,,,,,2,森友　宏幸,2025-05-15,0
1631-111KA,1,MCW,004,1,0,,,,,,,2,森友　宏幸,2025-05-15,0
1631-111MA,1,MC,004,1,0,,,,,,,1,森友　宏幸,2025-05-15,0
1631-111MA,1,MC,000,1,0,,,,,,,2,森友　宏幸,2025-05-15,0
1631-111NA,1,MC,004,1,0,,,,,,,1,森友　宏幸,2025-05-15,0
1631-111NA,1,MC,000,1,0,,,,,,,2,森友　宏幸,2025-05-15,0
1631-111PA,1,MC,000,1,0,,,,,,,1,森友　宏幸,2025-05-15,0
1631-111QA,1,MC,000,1,0,,,,,,,1,森友　宏幸,2025-05-15,0
1631-111QA,1,GAI,000,1,0,,,,,,,99,ADDITIONAL LEG,2018-10-24,0
1631-111QB,1,MC,000,1,0,,,,,,,1,森友　宏幸,2025-05-15,0
1631-111RA,1,MC,000,1,0,,,,,,,1,森友　宏幸,2025-05-15,0
1631-111RA,1,GAI,000,1,0,,,,,,,99,ADDITIONAL LEG,2018-10-24,0
1631-111UA,1,MC,000,1,0,,,,,,,1,森友　宏幸,2025-05-15,0
1631-111VA,1,MC,000,1,0,,,,,,,1,森友　宏幸,2025-05-15,0
1631-111XA,1,MC,004,1,0,,,,,,,1,森友　宏幸,2025-05-15,0
1631-111YA,1,MC,004,1,0,,,,,,,1,森友　宏幸,2025-05-15,0
1631-111ZA,1,MC,004,1,0,,,,,,,1,森友　宏幸,2025-05-15,0
1631-141AA,1,MC,000,1,0,,,,,,,1,森友　宏幸,2025-05-15,0
171-475DA,1,GAI,000,1,0,,,,,,,1,初崎　和広,2021-06-08,0
1731-111CA,1,MC,000,1,0,,,,,,,1,森友　宏幸,2025-05-15,0
1731-111CB,1,MC,000,1,0,,,,,,,1,森友　宏幸,2025-05-15,0
1731-111DA,1,MC,000,1,0,,,,,,,1,森友　宏幸,2025-05-15,0
1731-111DB,1,MC,000,1,0,,,,,,,1,森友　宏幸,2025-05-15,0
1731-111EA,1,MC,000,1,0,,,,,,,1,森友　宏幸,2025-05-15,0
1731-111EB,1,MC,000,1,0,,,,,,,1,森友　宏幸,2025-05-15,0
1751-402BA12,1,B,000,1,0,,,,,,,1,森友　宏幸,2025-05-15,0
1751-402BA12,2,L,000,1,0,,,,,,,1,森友　宏幸,2025-05-15,0
1751-402BA12,3,L,000,1,0,,,,,,,1,森友　宏幸,2025-05-15,0
1751-402BA12,4,MC,000,1,0,,,,,,,1,森友　宏幸,2025-05-15,0
1751-402BA17,1,B,000,1,0,,,,,,,1,森友　宏幸,2025-05-15,0
1751-402BA17,2,L,000,1,0,,,,,,,1,森友　宏幸,2025-05-15,0
1751-402BA17,3,L,000,1,0,,,,,,,1,森友　宏幸,2025-05-15,0
1751-402BA17,4,MC,000,1,0,,,,,,,1,森友　宏幸,2025-05-15,0
1751-402BA24,1,B,000,1,0,,,,,,,1,森友　宏幸,2025-05-15,0
1751-402BA24,2,L,000,1,0,,,,,,,1,森友　宏幸,2025-05-15,0
1751-402BA24,3,L,000,1,0,,,,,,,1,森友　宏幸,2025-05-15,0
1751-402BA24,4,MC,000,1,0,,,,,,,1,森友　宏幸,2025-05-15,0
1751-404AB,1,MC,000,1,0,,,,,,,1,森友　宏幸,2025-05-15,0
1751-404BA,1,MC,000,1,0,,,,,,,1,森友　宏幸,2025-05-15,0
1751-443AA17,1,MC,000,1,0,,,,,,,1,森友　宏幸,2025-05-15,0
1751-443AA24,1,MC,000,1,0,,,,,,,1,森友　宏幸,2025-05-15,0
1751-443BA17,1,MC,000,1,0,,,,,,,1,森友　宏幸,2025-05-15,0
1831-501DA30,1,LM,000,1,0,,,,,,,2,森友　宏幸,2025-05-15,0
1831-501DA3036,1,L,006,1,0,,,,,,,3,森友　宏幸,2025-05-15,0
1831-501DA3036,2,MC,002,1,0,,,,,,,3,森友　宏幸,2025-05-15,0
1831-501DA32,1,LM,000,1,0,,,,,,,2,森友　宏幸,2025-05-15,0
1831-501DA34,1,LM,000,1,0,,,,,,,2,森友　宏幸,2025-05-15,0
1831-501DB30,1,L,006,1,0,,,,,,,1,森友　宏幸,2025-05-15,0
1831-501DB30,2,MC,002,1,0,,,,,,,1,森友　宏幸,2025-05-15,0
1831-501DB32,1,L,006,1,0,,,,,,,1,森友　宏幸,2025-05-15,0
1831-501DB32,2,MC,002,1,0,,,,,,,1,森友　宏幸,2025-05-15,0
1831-501DB34,1,L,006,1,0,,,,,,,2,森友　宏幸,2025-05-15,0
1831-501DB34,2,MC,002,1,0,,,,,,,2,森友　宏幸,2025-05-15,0
1831-501DB34,1,LM,000,1,0,,,,,,,4,森友　宏幸,2025-05-15,0
1831-501DB36,1,LM,000,1,0,,,,,,,2,森友　宏幸,2025-05-15,0
1831-501DB36,1,L,006,1,0,,,,,,,3,森友　宏幸,2025-05-15,0
1831-501DB36,2,MC,002,1,0,,,,,,,3,森友　宏幸,2025-05-15,0
1831-501DB38,1,L,000,1,0,,,,,,,1,森友　宏幸,2025-05-15,0
1831-501DB38,2,L,000,1,0,,,,,,,1,森友　宏幸,2025-05-15,0
1831-501DB38,3,MC,000,1,0,,,,,,,1,森友　宏幸,2025-05-15,0
1831-501DC38,1,L,000,1,0,,,,,,,2,森友　宏幸,2025-05-15,0
1831-501DC38,2,L,000,1,0,,,,,,,2,森友　宏幸,2025-05-15,0
1831-501DC38,3,MC,000,1,0,,,,,,,2,森友　宏幸,2025-05-15,0
1831-501DC40,1,L,000,1,0,,,,,,,1,森友　宏幸,2025-05-15,0
1831-501DC40,2,L,000,1,0,,,,,,,1,森友　宏幸,2025-05-15,0
1831-501DC40,3,MC,000,1,0,,,,,,,1,森友　宏幸,2025-05-15,0
1931-102AA,1,MC,000,1,0,,,,,,,1,森友　宏幸,2025-05-15,0
1931-102AC,1,MC,000,1,0,,,,,,,2,森友　宏幸,2025-05-15,0
1931-102BC,1,MC,000,1,0,,,,,,,2,森友　宏幸,2025-05-15,0
1931-103AA30,1,GAI,000,1,0,,,,,,,2,初崎　和広,2025-08-26,0
1931-111BA,1,MC,000,1,0,,,,,,,1,森友　宏幸,2025-05-15,0
1931-111BB,1,MC,000,1,0,,,,,,,1,森友　宏幸,2025-05-15,0
19B-406ZA17,1,MC,014,1,0,,,,,,,1,森友　宏幸,2025-05-15,0
19B-406ZA17,2,L,014,1,0,,,,,,,1,森友　宏幸,2025-05-15,0
19B-406ZA17,3,L,014,1,0,,,,,,,1,森友　宏幸,2025-05-15,0
19B-406ZA17,4,TH,014,1,0,,,,,,,1,森友　宏幸,2025-05-15,0
2185-210AA,1,MCW,000,1,0,,,,,,,1,森友　宏幸,2025-05-15,0
2185-210BA,1,MCW,000,1,0,,,,,,,2,森友　宏幸,2025-05-15,0
2185-211AA,1,MCW,000,1,0,,,,,,,1,森友　宏幸,2025-05-15,0
2185-211BA,1,MCW,000,1,0,,,,,,,2,森友　宏幸,2025-05-15,0
2185-233AA,1,MC,000,1,0,,,,,,,2,森友　宏幸,2025-05-15,0
2185-233AB,1,MCW,015,1,0,,,,,,,2,森友　宏幸,2025-05-15,0
2185-236AA,1,MCT,015,1,0,,,,,,,2,森友　宏幸,2025-05-15,0
2190-210AA,1,MCW,000,1,0,,,,,,,2,森友　宏幸,2025-05-15,0
2190-210AB,1,MCW,000,1,0,,,,,,,1,森友　宏幸,2025-05-15,0
2190-211AA,1,MCW,000,1,0,,,,,,,2,森友　宏幸,2025-05-15,0
2190-211AB,1,MCW,000,1,0,,,,,,,1,森友　宏幸,2025-05-15,0
21A2-111AA,1,MC,000,1,0,,,,,,,1,森友　宏幸,2025-05-15,0
21A2-211AA,1,MCW,000,1,0,,,,,,,1,森友　宏幸,2025-05-15,0
3153-601EB34,1,MCW,007,1,0,,,,,,,1,森友　宏幸,2025-05-15,0
3153-601FA28,1,MCW,007,1,0,,,,,,,2,森友　宏幸,2025-05-15,0
3153-601FA30,1,MC,007,1,0,,,,,,,3,初崎　和広,2024-03-07,0
3153-601FA30,2,MC,007,1,0,,,,,,,3,初崎　和広,2024-03-07,0
3153-601FA30,3,B,007,1,0,,,,,,,3,初崎　和広,2024-03-07,0
3154-405AA12,1,B,000,1,0,,,,,,,2,森友　宏幸,2025-05-15,0
3154-405AA12,2,G,000,1,0,,,,,,,2,森友　宏幸,2025-05-15,0
3154-405AA12,3,L,000,1,0,,,,,,,2,森友　宏幸,2025-05-15,0
3154-405AA20,1,B,000,1,0,,,,,,,2,初崎　和広,2024-03-07,0
3154-405AA20,2,G,000,1,0,,,,,,,2,初崎　和広,2024-03-07,0
3154-405AA20,3,L,000,1,0,,,,,,,2,初崎　和広,2024-03-07,0
3154-405AA20,4,G,000,1,0,,,,,,,2,初崎　和広,2024-03-07,0
3154-405AA21,1,B,000,1,0,,,,,,,2,森友　宏幸,2025-05-15,0
3154-405AA21,2,G,000,1,0,,,,,,,2,森友　宏幸,2025-05-15,0
3154-405AA21,3,L,000,1,0,,,,,,,2,森友　宏幸,2025-05-15,0
3154-405AA21,4,G,000,1,0,,,,,,,2,森友　宏幸,2025-05-15,0
3154-502AA,1,MC,000,1,0,,,,,,,1,初崎　和広,2024-03-07,0
3154-502BA,1,MC,007,1,0,,,,,,,2,森友　宏幸,2025-05-15,0
3154-502CA,1,MC,007,1,0,,,,,,,2,森友　宏幸,2025-05-15,0
3154-502DA,1,MC,007,1,0,,,,,,,2,森友　宏幸,2025-05-15,0
3154-502FA,1,MC,007,1,0,,,,,,,2,森友　宏幸,2025-05-15,0
3164-601EA30,1,MC,007,1,0,,,,,,,4,初崎　和広,2024-03-07,0
3164-601EA30,2,MC,007,1,0,,,,,,,4,初崎　和広,2024-03-07,0
3164-601EA34,1,MC,007,1,0,,,,,,,2,初崎　和広,2024-03-07,0
3164-601EA34,2,MC,007,1,0,,,,,,,2,初崎　和広,2024-03-07,0
3164-608AA36,1,LM,000,1,0,,,,,,,2,森友　宏幸,2025-05-15,0
3164-652AA34,1,L,000,1,0,,,,,,,2,森友　宏幸,2025-05-15,0
3164-652AA34,2,G,000,1,0,,,,,,,2,森友　宏幸,2025-05-15,0
3164-652AA34,3,MC,000,1,0,,,,,,,2,森友　宏幸,2025-05-15,0
3166-502CA,1,MC,000,1,0,,,,,,,1,初崎　和広,2024-03-07,0
3166-502DA,1,MC,000,1,0,,,,,,,1,初崎　和広,2024-03-07,0
3166-502FA,1,MC,000,1,0,,,,,,,1,初崎　和広,2024-03-07,0
3538-652AA34,1,LM,000,1,0,,,,,,,2,森友　宏幸,2025-05-15,0
3558-666AA34,1,B,000,1,0,,,,,,,1,初崎　和広,2025-05-28,0
3558-666AA34,2,L,000,1,0,,,,,,,1,初崎　和広,2025-05-28,0
3558-666AA34,3,G,000,1,0,,,,,,,1,初崎　和広,2025-05-28,0
3558-666AA34,4,MC,000,1,0,,,,,,,1,初崎　和広,2025-05-28,0
3650-432AA30,1,B,000,1,0,,,,,,,1,森友　宏幸,2025-05-15,0
3650-432AA30,2,L,000,1,0,,,,,,,1,森友　宏幸,2025-05-15,0
3650-432AA30,3,L,000,1,0,,,,,,,1,森友　宏幸,2025-05-15,0
3650-432AA30,4,MC,000,1,0,,,,,,,1,森友　宏幸,2025-05-15,0
4305-502DA,1,MC,007,1,0,,,,,,,2,森友　宏幸,2025-05-15,0
4305-502FA,1,MC,007,1,0,,,,,,,2,森友　宏幸,2025-05-15,0
4305-502HA,1,MC,007,1,0,,,,,,,2,森友　宏幸,2025-05-15,0
474-602CC34,1,MCT,002,1,0,,,,,,,2,初崎　和広,2024-03-07,0
474-641AC38,1,L,005,1,0,,,,,,,2,初崎　和広,2024-03-07,0
474-641AC38,2,G,005,1,0,,,,,,,2,初崎　和広,2024-03-07,0
474-641AC38,3,MC,005,1,0,,,,,,,2,初崎　和広,2024-03-07,0
478-602AC30,1,MCW,002,1,0,,,,,,,3,初崎　和広,2024-03-07,0
478-602AC33,1,MCT,002,1,0,,,,,,,2,初崎　和広,2024-03-07,0
478-602EC34,1,MCT,002,1,0,,,,,,,4,初崎　和広,2024-03-07,0
479-602AB33,1,MCW,000,1,0,,,,,,,2,初崎　和広,2021-03-15,0
479-602AB33,1,MCW,003,1,0,,,,,,,5,初崎　和広,2024-03-07,0
479-602AB38,1,MCT,000,1,0,,,,,,,2,森友　宏幸,2025-05-15,0
479-602AB38,1,MCW,002,1,0,,,,,,,3,初崎　和広,2024-03-07,0
479-602EB38,1,MCT,000,1,0,,,,,,,1,森友　宏幸,2025-05-15,0
5128-602AB33,1,MCW,002,1,0,,,,,,,4,初崎　和広,2024-03-07,0
5142-602AA30,1,MCT,002,1,0,,,,,,,2,初崎　和広,2024-03-07,0
5142-602AA33,1,MCT,007,1,0,,,,,,,5,森友　宏幸,2025-05-15,0
5142-602AA38,1,MCT,000,1,0,,,,,,,4,森友　宏幸,2025-05-15,0
5142-602AA40,1,MCW,000,1,0,,,,,,,2,初崎　和広,2024-03-07,0
5142-602AA40,1,MCW,002,1,0,,,,,,,5,初崎　和広,2024-03-07,0
5142-602AA40,1,MCW,003,1,0,,,,,,,6,初崎　和広,2024-03-07,0
5142-602BB30,1,MCT,002,1,0,,,,,,,2,初崎　和広,2024-03-07,0
5142-602BB33,1,MCT,003,1,0,,,,,,,2,初崎　和広,2024-03-07,0
5142-602BB34,1,MCT,002,1,0,,,,,,,2,初崎　和広,2024-03-07,0
5143-602AA14,1,MCW,000,1,0,,,,,,,2,初崎　和広,2024-03-07,0
5143-602AA14,2,MC,000,1,0,,,,,,,2,初崎　和広,2024-03-07,0
5143-602BA14,1,MCW,000,1,0,,,,,,,2,初崎　和広,2024-03-07,0
5143-602BA14,2,MC,000,1,0,,,,,,,2,初崎　和広,2024-03-07,0
5143-602CA14,1,MCW,000,1,0,,,,,,,2,初崎　和広,2024-03-07,0
5143-602CA14,2,MC,000,1,0,,,,,,,2,初崎　和広,2024-03-07,0
5154-602AA34,1,MCT,002,1,0,,,,,,,4,初崎　和広,2024-03-07,0
5154-602AA36,1,MCT,002,1,0,,,,,,,2,初崎　和広,2024-03-07,0
5156-405AA5.5,1,B,000,1,0,,,,,,,2,森友　宏幸,2025-05-15,0
5156-405AA5.5,2,G,000,1,0,,,,,,,2,森友　宏幸,2025-05-15,0
5156-405AA5.5,3,L,000,1,0,,,,,,,2,森友　宏幸,2025-05-15,0
5156-405AA7,1,B,000,1,0,,,,,,,2,森友　宏幸,2025-05-15,0
5156-405AA7,2,B,000,1,0,,,,,,,2,森友　宏幸,2025-05-15,0
5156-405AA7,3,G,000,1,0,,,,,,,2,森友　宏幸,2025-05-15,0
5156-405AA7,4,L,000,1,0,,,,,,,2,森友　宏幸,2025-05-15,0
5156-409AA5.5,1,B,000,1,0,,,,,,,2,森友　宏幸,2025-05-15,0
5156-409AA5.5,2,G,000,1,0,,,,,,,2,森友　宏幸,2025-05-15,0
5156-409AA5.5,3,L,000,1,0,,,,,,,2,森友　宏幸,2025-05-15,0
5156-409AA7,1,B,000,1,0,,,,,,,2,森友　宏幸,2025-05-15,0
5156-409AA7,2,G,000,1,0,,,,,,,2,森友　宏幸,2025-05-15,0
5156-409AA7,3,L,000,1,0,,,,,,,2,森友　宏幸,2025-05-15,0
5165-602BB30,1,MCT,002,1,0,,,,,,,2,初崎　和広,2024-03-07,0
5173-641AA34,1,L,005,1,0,,,,,,,2,初崎　和広,2024-03-07,0
5173-641AA34,2,G,005,1,0,,,,,,,2,初崎　和広,2024-03-07,0
5173-641AA34,3,MC,005,1,0,,,,,,,2,初崎　和広,2024-03-07,0
5520-502CC,1,MC,000,1,0,,,,,,,4,森友　宏幸,2025-05-15,0
5529-602AB38,1,MCT,007,1,0,,,,,,,6,森友　宏幸,2025-05-15,0
5529-602EA38,1,MCT,007,1,0,,,,,,,4,森友　宏幸,2025-05-15,0
5534-641AA38,1,L,005,1,0,,,,,,,2,初崎　和広,2024-03-07,0
5534-641AA38,2,G,005,1,0,,,,,,,2,初崎　和広,2024-03-07,0
5534-641AA38,3,MC,005,1,0,,,,,,,2,初崎　和広,2024-03-07,0
600-652BA38,1,L,000,1,0,,,,,,,2,森友　宏幸,2025-05-15,0
600-652BA38,2,G,000,1,0,,,,,,,2,森友　宏幸,2025-05-15,0
600-652BA38,3,MC,000,1,0,,,,,,,2,森友　宏幸,2025-05-15,0
6105-602AB38,1,MCT,000,1,0,,,,,,,4,森友　宏幸,2025-05-15,0
6105-602DB38,1,MCT,000,1,0,,,,,,,4,森友　宏幸,2025-05-15,0
6105-602EB38,1,MCW,000,1,0,,,,,,,3,森友　宏幸,2025-05-15,0
6105-602FB38,1,MCW,000,1,0,,,,,,,2,森友　宏幸,2025-05-15,0
6105-641AA38,1,L,005,1,0,,,,,,,2,初崎　和広,2024-03-07,0
6105-641AA38,2,G,005,1,0,,,,,,,2,初崎　和広,2024-03-07,0
6105-641AA38,3,MC,005,1,0,,,,,,,2,初崎　和広,2024-03-07,0
80-451BU,1,MC,000,1,0,,,,,,,1,森友　宏幸,2025-05-15,0
80-451BU,1,GAI,000,1,0,,,,,,,99,PIECE UNIT,2018-10-25,0
81-4057.6,1,MC,000,1,0,,,,,,,1,森友　宏幸,2025-05-15,0
8101-502CC,1,MC,000,1,0,,,,,,,4,森友　宏幸,2025-05-15,0
87-405QA30,1,B,000,1,0,,,,,,,2,森友　宏幸,2025-05-15,0
87-405QA30,2,G,000,1,0,,,,,,,2,森友　宏幸,2025-05-15,0
87-405QA30,3,L,000,1,0,,,,,,,2,森友　宏幸,2025-05-15,0
87-405QA30,4,G,000,1,0,,,,,,,2,森友　宏幸,2025-05-15,0
87-405QA32,1,B,000,1,0,,,,,,,2,森友　宏幸,2025-05-15,0
87-405QA32,2,G,000,1,0,,,,,,,2,森友　宏幸,2025-05-15,0
87-405QA32,3,L,000,1,0,,,,,,,2,森友　宏幸,2025-05-15,0
87-405QA32,4,G,000,1,0,,,,,,,2,森友　宏幸,2025-05-15,0
87-405QA34,1,B,000,1,0,,,,,,,2,森友　宏幸,2025-05-15,0
87-405QA34,2,G,000,1,0,,,,,,,2,森友　宏幸,2025-05-15,0
87-405QA34,3,L,000,1,0,,,,,,,2,森友　宏幸,2025-05-15,0
87-405QA34,4,G,000,1,0,,,,,,,2,森友　宏幸,2025-05-15,0
975-652AA30,1,L,000,1,0,,,,,,,2,森友　宏幸,2025-05-15,0
975-652AA30,2,G,000,1,0,,,,,,,2,森友　宏幸,2025-05-15,0
975-652AA30,3,MC,000,1,0,,,,,,,2,森友　宏幸,2025-05-15,0
ES61-00101FA,1,MC,000,1,0,,,,,,,2,森友　宏幸,2025-05-15,0
ES61-00101FB,1,MC,000,1,0,,,,,,,2,森友　宏幸,2025-05-15,0
ES61-00301AB,1,MC,003,1,0,,,,,,,1,森友　宏幸,2025-05-15,0
ES61-00301AB,1,MC,000,1,0,,,,,,,2,森友　宏幸,2025-05-15,0
ES61-00301AC,1,MC,000,1,0,,,,,,,1,森友　宏幸,2025-05-15,0
G-6402FC,1,MC,004,1,0,,,,,,,2,初崎　和広,2024-03-07,0
G-6501GA,1,MC,004,1,0,,,,,,,1,初崎　和広,2024-03-07,0
G-6501GB,1,MC,004,1,0,,,,,,,1,初崎　和広,2024-03-07,0
G-6501GC,1,MC,004,1,0,,,,,,,2,初崎　和広,2024-03-07,0
G-6501HA,1,MC,004,1,0,,,,,,,1,初崎　和広,2024-03-07,0
G-6501HB,1,MC,004,1,0,,,,,,,1,初崎　和広,2024-03-07,0
G-6501HC,1,MC,004,1,0,,,,,,,2,初崎　和広,2024-03-07,0
G-6501JA,1,MC,000,1,0,,,,,,,2,森友　宏幸,2025-05-15,0
G-6501JB,1,MC,000,1,0,,,,,,,2,森友　宏幸,2025-05-15,0
G-6501JC,1,MC,000,1,0,,,,,,,1,森友　宏幸,2025-05-15,0
G-6501JE,1,MC,004,1,0,,,,,,,2,初崎　和広,2024-03-07,0
G-6501JE,1,MC,000,1,0,,,,,,,3,森友　宏幸,2025-05-15,0
G-6501JE,1,MC,004,1,0,,,,,,,4,森友　宏幸,2025-05-15,0
G-6503GD,1,MCT,000,1,0,,,,,,,2,森友　宏幸,2025-05-15,0
G-6503KC,1,MCT,000,1,0,,,,,,,2,森友　宏幸,2025-05-15,0
K-13801D,1,MC,000,1,0,,,,,,,1,森友　宏幸,2025-05-15,0
K-13801E,1,MC,000,1,0,,,,,,,1,森友　宏幸,2025-05-15,0
K-13801LA,1,MC,000,1,0,,,,,,,2,森友　宏幸,2025-05-15,0
K-17201D,1,GAI,000,1,0,,,,,,,1,初崎　和広,2019-09-11,0
K-22601AA,1,MC,000,1,0,,,,,,,1,初崎　和広,2025-05-16,0
K-28801EB,1,MC,004,1,0,,,,,,,1,初崎　和広,2025-05-16,0
K-28801EB,1,MC,000,1,0,,,,,,,2,初崎　和広,2025-05-16,0
K-29901GA,1,GAI,000,1,0,,,,,,,1,初崎　和広,2018-11-29,0
KF20-03601EA0560,1,MCW,000,1,0,,,,,,,2,森友　宏幸,2025-05-15,0
KF20-03602EA0560,1,MCW,000,1,0,,,,,,,2,森友　宏幸,2025-05-15,0
KF20-03901BA,1,MCW,015,1,0,,,,,,,1,森友　宏幸,2025-05-15,0
KF20-03901BA,1,MCW,000,1,0,,,,,,,3,森友　宏幸,2025-05-15,0
KS51-00101AC,1,GAI,000,1,0,,,,,,,1,初崎　和広,2021-07-08,0
SPL-1522GAA,1,MC,000,1,0,,,,,,,1,初崎　和広,2025-05-16,0
SPL-2843-402DA38,1,GAI,000,1,0,,,,,,,1,初崎　和広,2025-08-18,0
SPL-2843-403FA38,1,GAI,000,1,0,,,,,,,1,初崎　和広,2025-08-18,0
SPL-2843-404AA,1,GAI,000,1,0,,,,,,,1,初崎　和広,2025-08-18,0
SPL-2843-442,1,GAI,000,1,0,,,,,,,1,初崎　和広,2025-08-18,0
SPL-2890-102AA,1,MC,000,1,0,,,,,,,1,初崎　和広,2025-05-16,0
