ID,SKDK,KUMITATENO,MODEL,INCH,GAUGE,SETU_F,KOSUU,SEISANJI,KUMIKAISHI,KUMIKAISHI_DATE,CAT2,TUKI,KumitatenoLen,TYPE,KUMITATENO_Job,JOB_1_0,JOB_1,JOB_2_0,JOB_2,JOB_3_0,JOB_3,JOB_4_0,JOB_4,JOB_5_0,JOB_5,JOB_6_0,JOB_6,JOB_7_0,JOB_7,JOB_8_0,JOB_8,DENPYONO,jobCode,itemCode,lotCode,parentJobCode,comment,qty,start,suspend,end,time,intStart,intSuspend,intEnd,assignedResInfo,resultQty,resultStart,resultEnd,resultTime,uEST,uLST,uEET,uLET,uTime,uQty,uOverlapFactor,uProductionFactor,status,timeFixedFlag,resFixedFlag,assignFlag,pendingFlag,level,mainResCode,originalQty,originalJobCode,processCode,extension,rsv1,rsv2,rsv3,rsv4,rsv5,rsv6,rsv7,rsv8,rsv9,rsv10
1,DK,K045,M-9ME22,30.0,28,478-409AA300,1,25118,20251112,2025-11-13 00:00:00,D409,2511,4,478,K045,2025-11-07 00:00:00,,2025-11-07 00:00:00,,2025-11-10 00:00:00,,,,2025-11-11 00:00:00,,2025-11-12 00:00:00,,2025-11-12 00:00:00,,,,F000002045,K045:SL1:1,78-405A300        2811,K045,,,1.0,2021-02-19 19:20:00,,2021-02-27 20:00:00,200400.0,,,,"M,FF,0",,,,,,,,,,,,,N,0,0,1,0,1.0,FF,1.0,,SL1,,2021/02/19 19:20:00,2021/02/27 20:00:00,200400,,,,,,,
10,DK,L004,OD6B-M-7ES,30.0,32,478-409AA300,1,25112,20251022,2025-10-23 00:00:00,D409,2511,4,478,L004,2025-10-16 00:00:00,,2025-10-16 00:00:00,,2025-10-17 00:00:00,,,,2025-10-20 00:00:00,,2025-10-21 00:00:00,,2025-10-22 00:00:00,,,,F000002654,L004:SL1:1,78-405A300        3211,L004,,,1.0,2021-02-12 08:00:00,,2021-02-19 08:40:00,200400.0,,,,"M,FF,0",,,,,,,,,,,,,N,0,0,1,0,1.0,FF,1.0,,SL1,,2021/02/12 08:00:00,2021/02/19 08:40:00,200400,,,,,,,
100,DK,L049,OD5B-M-9ME22,34.0,28,478-409AA340,1,25118,20251112,2025-11-13 00:00:00,D409,2511,4,478,L049,2025-11-07 00:00:00,,2025-11-07 00:00:00,,2025-11-10 00:00:00,,,,2025-11-11 00:00:00,,2025-11-12 00:00:00,,2025-11-12 00:00:00,,,,F000004210,L049:SL1:1,78-405A340        2811,L049,,,1.0,2021-02-18 18:06:00,,2021-02-27 20:00:00,244440.0,,,,"M,BL,0",,,,,,,,,,,,,N,0,0,1,0,1.0,BL,1.0,,SL1,,2021/02/18 18:06:00,2021/02/27 20:00:00,244440,,,,,,,
101,DK,L050,OD5B-M-9ME22,34.0,28,78-405A340,1,25118,20251112,2025-11-13 00:00:00,D405,2511,4,78,L050,2025-11-07 00:00:00,,2025-11-07 00:00:00,,2025-11-10 00:00:00,,,,2025-11-11 00:00:00,,2025-11-12 00:00:00,,2025-11-12 00:00:00,,,,F000004237,L050:SL1:1,78-405A340        2811,L050,,,1.0,2021-02-18 18:06:00,,2021-02-27 20:00:00,244440.0,,,,"M,N,0",,,,,,,,,,,,,N,0,0,1,0,1.0,N,1.0,,SL1,,2021/02/18 18:06:00,2021/02/27 20:00:00,244440,,,,,,,
102,DK,L050,OD5B-M-9ME22,34.0,28,478-409AA340,1,25118,20251112,2025-11-13 00:00:00,D409,2511,4,478,L050,2025-11-07 00:00:00,,2025-11-07 00:00:00,,2025-11-10 00:00:00,,,,2025-11-11 00:00:00,,2025-11-12 00:00:00,,2025-11-12 00:00:00,,,,F000004238,L050:SL1:1,78-405A340        2811,L050,,,1.0,2021-02-18 18:06:00,,2021-02-27 20:00:00,244440.0,,,,"M,N,0",,,,,,,,,,,,,N,0,0,1,0,1.0,N,1.0,,SL1,,2021/02/18 18:06:00,2021/02/27 20:00:00,244440,,,,,,,
103,DK,L051,M-LEC7BSH,38.0,20,335-409AA380,1,25118,20251112,2025-11-13 00:00:00,D409,2511,4,335,L051,2025-11-06 00:00:00,,2025-11-07 00:00:00,,2025-11-10 00:00:00,,,,2025-11-11 00:00:00,,2025-11-12 00:00:00,,2025-11-12 00:00:00,,,,F000004271,L051:SL1:1,5540-405AA380     2011,L051,,,1.0,2021-02-22 16:24:00,,2021-02-27 20:00:00,170760.0,,,,"M,P,0",,,,,,,,,,,,,N,0,0,1,0,1.0,P,1.0,,SL1,,2021/02/22 16:24:00,2021/02/27 20:00:00,170760,,,,,,,
104,DK,L051,M-LEC7BSH,38.0,20,5540-405AA380,1,25118,20251112,2025-11-13 00:00:00,D405,2511,4,5540,L051,2025-11-06 00:00:00,,2025-11-07 00:00:00,,2025-11-10 00:00:00,,,,2025-11-11 00:00:00,,2025-11-12 00:00:00,,2025-11-12 00:00:00,,2025-11-06 00:00:00,,F000004272,L051:SL1:1,5540-405AA380     2011,L051,,,1.0,2021-02-22 16:24:00,,2021-02-27 20:00:00,170760.0,,,,"M,P,0",,,,,,,,,,,,,N,0,0,1,0,1.0,P,1.0,,SL1,,2021/02/22 16:24:00,2021/02/27 20:00:00,170760,,,,,,,
105,DK,L052,M-LEC7BSH,38.0,20,335-409AA380,1,25118,20251112,2025-11-13 00:00:00,D409,2511,4,335,L052,2025-11-06 00:00:00,,2025-11-07 00:00:00,,2025-11-10 00:00:00,,,,2025-11-11 00:00:00,,2025-11-12 00:00:00,,2025-11-12 00:00:00,,,,F000004305,L052:SL1:1,5540-405AA380     2011,L052,,,1.0,2021-02-22 16:24:00,,2021-02-27 20:00:00,170760.0,,,,"M,W,0",,,,,,,,,,,,,N,0,0,1,0,1.0,W,1.0,,SL1,,2021/02/22 16:24:00,2021/02/27 20:00:00,170760,,,,,,,
106,DK,L052,M-LEC7BSH,38.0,20,5540-405AA380,1,25118,20251112,2025-11-13 00:00:00,D405,2511,4,5540,L052,2025-11-06 00:00:00,,2025-11-07 00:00:00,,2025-11-10 00:00:00,,,,2025-11-11 00:00:00,,2025-11-12 00:00:00,,2025-11-12 00:00:00,,2025-11-06 00:00:00,,F000004306,L052:SL1:1,5540-405AA380     2011,L052,,,1.0,2021-02-22 16:24:00,,2021-02-27 20:00:00,170760.0,,,,"M,W,0",,,,,,,,,,,,,N,0,0,1,0,1.0,W,1.0,,SL1,,2021/02/22 16:24:00,2021/02/27 20:00:00,170760,,,,,,,
108,SK,L101,OD7-M2XC-A3.2RE,32.0,28,87-405QA320,1,25111,20251020,2025-10-21 00:00:00,S405,2511,4,87,L101,,,,,2025-10-16 00:00:00,,2025-10-16 00:00:00,,2025-10-17 00:00:00,,2025-10-20 00:00:00,,2025-10-20 00:00:00,,,,F000004323,L101:SL1:1,87-405QA320       2811,L101,,,1.0,2021-02-12 08:00:00,,2021-02-17 14:23:00,138780.0,,,,"M,H,0",,,,,,,,,,,,,N,0,0,1,0,1.0,H,1.0,,SL1,,2021/02/12 08:00:00,2021/02/17 14:23:00,138780,,,,,,,
11,DK,L005,OD6B-M-7ES,30.0,32,78-405A300,1,25112,20251022,2025-10-23 00:00:00,D405,2511,4,78,L005,2025-10-16 00:00:00,,2025-10-16 00:00:00,,2025-10-17 00:00:00,,,,2025-10-20 00:00:00,,2025-10-21 00:00:00,,2025-10-22 00:00:00,,,,F000002692,L005:SL1:1,78-405A300        3211,L005,,,1.0,2021-02-12 08:00:00,,2021-02-19 08:40:00,200400.0,,,,"M,FF,0",,,,,,,,,,,,,N,0,0,1,0,1.0,FF,1.0,,SL1,,2021/02/12 08:00:00,2021/02/19 08:40:00,200400,,,,,,,
111,SK,L102,OD7-M2XC-A3.2RE,32.0,28,87-405QA320,1,25111,20251020,2025-10-21 00:00:00,S405,2511,4,87,L102,,,,,2025-10-16 00:00:00,,2025-10-16 00:00:00,,2025-10-17 00:00:00,,2025-10-20 00:00:00,,2025-10-20 00:00:00,,,,F000004350,L102:SL1:1,87-405QA320       2811,L102,,,1.0,2021-02-12 08:00:00,,2021-02-17 14:23:00,138780.0,,,,"M,H,0",,,,,,,,,,,,,N,0,0,1,0,1.0,H,1.0,,SL1,,2021/02/12 08:00:00,2021/02/17 14:23:00,138780,,,,,,,
117,SK,L103,OD7-M2XC-A3.2RE,32.0,28,87-405QA320,1,25111,20251020,2025-10-21 00:00:00,S405,2511,4,87,L103,,,,,2025-10-16 00:00:00,,2025-10-16 00:00:00,,2025-10-17 00:00:00,,2025-10-20 00:00:00,,2025-10-20 00:00:00,,,,F000004386,L103:SL1:1,87-405QA320       2811,L103,,,1.0,2021-02-12 08:00:00,,2021-02-17 14:23:00,138780.0,,,,"M,H,0",,,,,,,,,,,,,N,0,0,1,0,1.0,H,1.0,,SL1,,2021/02/12 08:00:00,2021/02/17 14:23:00,138780,,,,,,,
119,SK,L104,OD7-M2XC-A3.2RE,32.0,28,87-405QA320,1,25111,20251020,2025-10-21 00:00:00,S405,2511,4,87,L104,,,,,2025-10-16 00:00:00,,2025-10-16 00:00:00,,2025-10-17 00:00:00,,2025-10-20 00:00:00,,2025-10-20 00:00:00,,,,F000004413,L104:SL1:1,87-405QA320       2811,L104,,,1.0,2021-02-12 08:00:00,,2021-02-17 14:23:00,138780.0,,,,"M,H,0",,,,,,,,,,,,,N,0,0,1,0,1.0,H,1.0,,SL1,,2021/02/12 08:00:00,2021/02/17 14:23:00,138780,,,,,,,
12,DK,L005,OD6B-M-7ES,30.0,32,478-409AA300,1,25112,20251022,2025-10-23 00:00:00,D409,2511,4,478,L005,2025-10-16 00:00:00,,2025-10-16 00:00:00,,2025-10-17 00:00:00,,,,2025-10-20 00:00:00,,2025-10-21 00:00:00,,2025-10-22 00:00:00,,,,F000002693,L005:SL1:1,78-405A300        3211,L005,,,1.0,2021-02-12 08:00:00,,2021-02-19 08:40:00,200400.0,,,,"M,FF,0",,,,,,,,,,,,,N,0,0,1,0,1.0,FF,1.0,,SL1,,2021/02/12 08:00:00,2021/02/19 08:40:00,200400,,,,,,,
123,SK,L105,OD7-M2XC-A3.2RE,32.0,28,87-405QA320,1,25112,20251022,2025-10-23 00:00:00,S405,2511,4,87,L105,,,,,2025-10-20 00:00:00,,2025-10-20 00:00:00,,2025-10-21 00:00:00,,2025-10-22 00:00:00,,2025-10-22 00:00:00,,,,F000004452,L105:SL1:1,87-405QA320       2811,L105,,,1.0,2021-02-12 08:00:00,,2021-02-17 14:23:00,138780.0,,,,"M,H,0",,,,,,,,,,,,,N,0,0,1,0,1.0,H,1.0,,SL1,,2021/02/12 08:00:00,2021/02/17 14:23:00,138780,,,,,,,
127,SK,L106,OD7-M2XC-A3.2RE,32.0,28,87-405QA320,1,25112,20251022,2025-10-23 00:00:00,S405,2511,4,87,L106,,,,,2025-10-20 00:00:00,,2025-10-20 00:00:00,,2025-10-21 00:00:00,,2025-10-22 00:00:00,,2025-10-22 00:00:00,,,,F000004479,L106:SL1:1,87-405QA320       2811,L106,,,1.0,2021-02-12 08:00:00,,2021-02-17 14:23:00,138780.0,,,,"M,H,0",,,,,,,,,,,,,N,0,0,1,0,1.0,H,1.0,,SL1,,2021/02/12 08:00:00,2021/02/17 14:23:00,138780,,,,,,,
13,DK,L006,OD6B-M-7ES,30.0,32,78-405A300,1,25114,20251029,2025-10-30 00:00:00,D405,2511,4,78,L006,2025-10-23 00:00:00,,2025-10-23 00:00:00,,2025-10-24 00:00:00,,,,2025-10-27 00:00:00,,2025-10-28 00:00:00,,2025-10-29 00:00:00,,,,F000002730,L006:SL1:1,78-405A300        3211,L006,,,1.0,2021-02-12 08:00:00,,2021-02-19 08:40:00,200400.0,,,,"M,FF,0",,,,,,,,,,,,,N,0,0,1,0,1.0,FF,1.0,,SL1,,2021/02/12 08:00:00,2021/02/19 08:40:00,200400,,,,,,,
134,SK,L107,OD7-M2XC-A3.2RE,32.0,28,87-405QA320,1,25112,20251022,2025-10-23 00:00:00,S405,2511,4,87,L107,,,,,2025-10-20 00:00:00,,2025-10-20 00:00:00,,2025-10-21 00:00:00,,2025-10-22 00:00:00,,2025-10-22 00:00:00,,,,F000004518,L107:SL1:1,87-405QA320       2811,L107,,,1.0,2021-02-12 08:00:00,,2021-02-17 14:23:00,138780.0,,,,"M,H,0",,,,,,,,,,,,,N,0,0,1,0,1.0,H,1.0,,SL1,,2021/02/12 08:00:00,2021/02/17 14:23:00,138780,,,,,,,
135,SK,L108,OD7-M2XC-A3.2RE,32.0,28,87-405QA320,1,25112,20251022,2025-10-23 00:00:00,S405,2511,4,87,L108,,,,,2025-10-20 00:00:00,,2025-10-20 00:00:00,,2025-10-21 00:00:00,,2025-10-22 00:00:00,,2025-10-22 00:00:00,,,,F000004545,L108:SL1:1,87-405QA320       2811,L108,,,1.0,2021-02-12 08:00:00,,2021-02-17 14:23:00,138780.0,,,,"M,H,0",,,,,,,,,,,,,N,0,0,1,0,1.0,H,1.0,,SL1,,2021/02/12 08:00:00,2021/02/17 14:23:00,138780,,,,,,,
14,DK,L006,OD6B-M-7ES,30.0,32,478-409AA300,1,25114,20251029,2025-10-30 00:00:00,D409,2511,4,478,L006,2025-10-23 00:00:00,,2025-10-23 00:00:00,,2025-10-24 00:00:00,,,,2025-10-27 00:00:00,,2025-10-28 00:00:00,,2025-10-29 00:00:00,,,,F000002731,L006:SL1:1,78-405A300        3211,L006,,,1.0,2021-02-12 08:00:00,,2021-02-19 08:40:00,200400.0,,,,"M,FF,0",,,,,,,,,,,,,N,0,0,1,0,1.0,FF,1.0,,SL1,,2021/02/12 08:00:00,2021/02/19 08:40:00,200400,,,,,,,
142,SK,L109,M2XC-S3.2DFDRE,32.0,20,87-405EA320,1,25113,20251027,2025-10-28 00:00:00,S405,2511,4,87,L109,,,,,2025-10-23 00:00:00,,2025-10-23 00:00:00,,2025-10-24 00:00:00,,2025-10-27 00:00:00,,2025-10-27 00:00:00,,,,F000004587,L109:SL1:1,87-405EA320       2011,L109,,,1.0,2021-02-16 13:56:00,,2021-02-19 09:45:00,106740.0,,,,"M,AA,0",,,,,,,,,,,,,N,0,0,1,0,1.0,AA,1.0,,SL1,,2021/02/16 13:56:00,2021/02/19 09:45:00,106740,,,,,,,
144,SK,L110,M2XC-S3.2DFDRE,32.0,20,87-405EA320,1,25113,20251027,2025-10-28 00:00:00,S405,2511,4,87,L110,,,,,2025-10-23 00:00:00,,2025-10-23 00:00:00,,2025-10-24 00:00:00,,2025-10-27 00:00:00,,2025-10-27 00:00:00,,,,F000004603,L110:SL1:1,87-405EA320       2011,L110,,,1.0,2021-02-12 08:00:00,,2021-02-16 16:29:00,106740.0,,,,"M,H,0",,,,,,,,,,,,,N,0,0,1,0,1.0,H,1.0,,SL1,,2021/02/12 08:00:00,2021/02/16 16:29:00,106740,,,,,,,
148,SK,L113,OD7-M2XC-A3.2RE,32.0,28,87-405QA320,1,25113,20251027,2025-10-28 00:00:00,S405,2511,4,87,L113,,,,,2025-10-23 00:00:00,,2025-10-23 00:00:00,,2025-10-24 00:00:00,,2025-10-27 00:00:00,,2025-10-27 00:00:00,,,,F000004629,L113:SL1:1,87-405QA320       2811,L113,,,1.0,2021-02-12 08:00:00,,2021-02-17 14:23:00,138780.0,,,,"M,H,0",,,,,,,,,,,,,N,0,0,1,0,1.0,H,1.0,,SL1,,2021/02/12 08:00:00,2021/02/17 14:23:00,138780,,,,,,,
15,DK,L007,OD6B-M-7ES,30.0,32,78-405A300,1,25114,20251029,2025-10-30 00:00:00,D405,2511,4,78,L007,2025-10-23 00:00:00,,2025-10-23 00:00:00,,2025-10-24 00:00:00,,,,2025-10-27 00:00:00,,2025-10-28 00:00:00,,2025-10-29 00:00:00,,,,F000002767,L007:SL1:1,78-405A300        3211,L007,,,1.0,2021-02-12 08:00:00,,2021-02-19 08:40:00,200400.0,,,,"M,FF,0",,,,,,,,,,,,,N,0,0,1,0,1.0,FF,1.0,,SL1,,2021/02/12 08:00:00,2021/02/19 08:40:00,200400,,,,,,,
154,SK,L114,OD7-M2XC-A3.2RE,32.0,28,87-405QA320,1,25113,20251027,2025-10-28 00:00:00,S405,2511,4,87,L114,,,,,2025-10-23 00:00:00,,2025-10-23 00:00:00,,2025-10-24 00:00:00,,2025-10-27 00:00:00,,2025-10-27 00:00:00,,,,F000004665,L114:SL1:1,87-405QA320       2811,L114,,,1.0,2021-02-12 08:00:00,,2021-02-17 14:23:00,138780.0,,,,"M,H,0",,,,,,,,,,,,,N,0,0,1,0,1.0,H,1.0,,SL1,,2021/02/12 08:00:00,2021/02/17 14:23:00,138780,,,,,,,
156,SK,L115,MX-DFFY6,34.0,20,87-405EA340,1,25115,20251104,2025-11-05 00:00:00,S405,2511,4,87,L115,,,,,2025-10-30 00:00:00,,2025-10-30 00:00:00,,2025-10-31 00:00:00,,2025-11-04 00:00:00,,2025-11-04 00:00:00,,,,F000004712,L115:SL1:1,87-405EA340       2011,L115,,,1.0,2021-02-19 09:45:00,,2021-02-24 18:24:00,106740.0,,,,"M,AA,0",,,,,,,,,,,,,N,0,0,1,0,1.0,AA,1.0,,SL1,,2021/02/19 09:45:00,2021/02/24 18:24:00,106740,,,,,,,
16,DK,L007,OD6B-M-7ES,30.0,32,478-409AA300,1,25114,20251029,2025-10-30 00:00:00,D409,2511,4,478,L007,2025-10-23 00:00:00,,2025-10-23 00:00:00,,2025-10-24 00:00:00,,,,2025-10-27 00:00:00,,2025-10-28 00:00:00,,2025-10-29 00:00:00,,,,F000002768,L007:SL1:1,78-405A300        3211,L007,,,1.0,2021-02-12 08:00:00,,2021-02-19 08:40:00,200400.0,,,,"M,FF,0",,,,,,,,,,,,,N,0,0,1,0,1.0,FF,1.0,,SL1,,2021/02/12 08:00:00,2021/02/19 08:40:00,200400,,,,,,,
160,SK,L116,MX-DFFY6,34.0,20,87-405EA340,1,25115,20251104,2025-11-05 00:00:00,S405,2511,4,87,L116,,,,,2025-10-30 00:00:00,,2025-10-30 00:00:00,,2025-10-31 00:00:00,,2025-11-04 00:00:00,,2025-11-04 00:00:00,,,,F000004743,L116:SL1:1,87-405EA340       2011,L116,,,1.0,2021-02-16 15:01:00,,2021-02-19 10:50:00,106740.0,,,,"M,L,0",,,,,,,,,,,,,N,0,0,1,0,1.0,L,1.0,,SL1,,2021/02/16 15:01:00,2021/02/19 10:50:00,106740,,,,,,,
163,SK,L117,M-SEC7BFY3,30.0,24,816-405FA300,1,25113,20251027,2025-10-28 00:00:00,S405,2511,4,816,L117,,,,,2025-10-23 00:00:00,,2025-10-23 00:00:00,,2025-10-24 00:00:00,,2025-10-27 00:00:00,,2025-10-27 00:00:00,,2025-10-22 00:00:00,,F000004768,L117:SL1:1,816-405FA300      2411,L117,,,1.0,2021-02-12 08:00:00,,2021-02-19 17:10:00,227400.0,,,,"M,L,0",,,,,,,,,,,,,N,0,0,1,0,1.0,L,1.0,,SL1,,2021/02/12 08:00:00,2021/02/19 17:10:00,227400,,,,,,,
164,SK,L118,M-SEC7BFY3,30.0,24,816-405FA340,1,25113,20251027,2025-10-28 00:00:00,S405,2511,4,816,L118,,,,,2025-10-23 00:00:00,,2025-10-23 00:00:00,,2025-10-24 00:00:00,,2025-10-27 00:00:00,,2025-10-27 00:00:00,,2025-10-22 00:00:00,,F000004793,L118:SL1:1,816-405FA340      2411,L118,,,1.0,2021-02-12 08:00:00,,2021-02-19 17:10:00,227400.0,,,,"M,L,0",,,,,,,,,,,,,N,0,0,1,0,1.0,L,1.0,,SL1,,2021/02/12 08:00:00,2021/02/19 17:10:00,227400,,,,,,,
165,SK,L119,OD6-M-SEC4CFY,30.0,24,816-405FA300,1,25117,20251110,2025-11-11 00:00:00,S405,2511,4,816,L119,,,,,2025-11-06 00:00:00,,2025-11-06 00:00:00,,2025-11-07 00:00:00,,2025-11-10 00:00:00,,2025-11-10 00:00:00,,2025-11-05 00:00:00,,F000004865,L119:SL1:1,816-405FA300      2411,L119,,,1.0,2021-02-19 10:50:00,,2021-02-27 20:00:00,227400.0,,,,"M,L,0",,,,,,,,,,,,,N,0,0,1,0,1.0,L,1.0,,SL1,,2021/02/19 10:50:00,2021/02/27 20:00:00,227400,,,,,,,
166,SK,L120,OD6-M-SEC4CFY,30.0,24,816-405FA300,1,25117,20251110,2025-11-11 00:00:00,S405,2511,4,816,L120,,,,,2025-11-06 00:00:00,,2025-11-06 00:00:00,,2025-11-07 00:00:00,,2025-11-10 00:00:00,,2025-11-10 00:00:00,,2025-11-05 00:00:00,,F000004913,L120:SL1:1,816-405FA300      2411,L120,,,1.0,2021-02-19 10:50:00,,2021-02-27 20:00:00,227400.0,,,,"M,K,0",,,,,,,,,,,,,N,0,0,1,0,1.0,K,1.0,,SL1,,2021/02/19 10:50:00,2021/02/27 20:00:00,227400,,,,,,,
17,DK,L008,OD6B-M-7ES,30.0,32,78-405A300,1,25114,20251029,2025-10-30 00:00:00,D405,2511,4,78,L008,2025-10-23 00:00:00,,2025-10-23 00:00:00,,2025-10-24 00:00:00,,,,2025-10-27 00:00:00,,2025-10-28 00:00:00,,2025-10-29 00:00:00,,,,F000002804,L008:SL1:1,78-405A300        3211,L008,,,1.0,2021-02-12 08:00:00,,2021-02-19 08:40:00,200400.0,,,,"M,FF,0",,,,,,,,,,,,,N,0,0,1,0,1.0,FF,1.0,,SL1,,2021/02/12 08:00:00,2021/02/19 08:40:00,200400,,,,,,,
170,SK,L121,OD7-M2XC-A3.2RE,34.0,28,87-405QA340,1,25116,20251106,2025-11-07 00:00:00,S405,2511,4,87,L121,,,,,2025-11-04 00:00:00,,2025-11-04 00:00:00,,2025-11-05 00:00:00,,2025-11-06 00:00:00,,2025-11-06 00:00:00,,,,F000004926,L121:SL1:1,87-405QA340       2811,L121,,,1.0,2021-02-19 10:02:00,,2021-02-25 16:25:00,138780.0,,,,"M,H,0",,,,,,,,,,,,,N,0,0,1,0,1.0,H,1.0,,SL1,,2021/02/19 10:02:00,2021/02/25 16:25:00,138780,,,,,,,
174,SK,L122,OD7-M2XC-A3.2RE,34.0,28,87-405QA340,1,25116,20251106,2025-11-07 00:00:00,S405,2511,4,87,L122,,,,,2025-11-04 00:00:00,,2025-11-04 00:00:00,,2025-11-05 00:00:00,,2025-11-06 00:00:00,,2025-11-06 00:00:00,,,,F000004959,L122:SL1:1,87-405QA340       2811,L122,,,1.0,2021-02-19 10:02:00,,2021-02-25 16:25:00,138780.0,,,,"M,Q,0",,,,,,,,,,,,,N,0,0,1,0,1.0,Q,1.0,,SL1,,2021/02/19 10:02:00,2021/02/25 16:25:00,138780,,,,,,,
176,SK,L123,M2XC-3SD,30.0,46,87-405LA300,1,25117,20251110,2025-11-11 00:00:00,S405,2511,4,87,L123,,,,,2025-11-05 00:00:00,,2025-11-05 00:00:00,,2025-11-07 00:00:00,,2025-11-07 00:00:00,,2025-11-10 00:00:00,,,,F000004987,L123:SL1:1,87-405LA300       4611,L123,,,1.0,2021-02-24 18:24:00,,2021-02-27 20:00:00,124560.0,,,,"M,AA,0",,,,,,,,,,,,,N,0,0,1,0,1.0,AA,1.0,,SL1,,2021/02/24 18:24:00,2021/02/27 20:00:00,124560,,,,,,,
177,SK,L124,M2XC-3SD,30.0,46,87-405LA300,1,25117,20251110,2025-11-11 00:00:00,S405,2511,4,87,L124,,,,,2025-11-05 00:00:00,,2025-11-05 00:00:00,,2025-11-07 00:00:00,,2025-11-07 00:00:00,,2025-11-10 00:00:00,,,,F000005004,L124:SL1:1,87-405LA300       4611,L124,,,1.0,2021-02-24 18:24:00,,2021-02-27 20:00:00,124560.0,,,,"M,V,0",,,,,,,,,,,,,N,0,0,1,0,1.0,V,1.0,,SL1,,2021/02/24 18:24:00,2021/02/27 20:00:00,124560,,,,,,,
18,DK,L008,OD6B-M-7ES,30.0,32,478-409AA300,1,25114,20251029,2025-10-30 00:00:00,D409,2511,4,478,L008,2025-10-23 00:00:00,,2025-10-23 00:00:00,,2025-10-24 00:00:00,,,,2025-10-27 00:00:00,,2025-10-28 00:00:00,,2025-10-29 00:00:00,,,,F000002805,L008:SL1:1,78-405A300        3211,L008,,,1.0,2021-02-12 08:00:00,,2021-02-19 08:40:00,200400.0,,,,"M,FF,0",,,,,,,,,,,,,N,0,0,1,0,1.0,FF,1.0,,SL1,,2021/02/12 08:00:00,2021/02/19 08:40:00,200400,,,,,,,
181,SK,L125,M2XC-RS3.2DF,30.0,20,87-405EA300,1,25118,20260212,2026-02-13 00:00:00,S405,2511,4,87,L125,,,,,2026-02-09 00:00:00,,2026-02-09 00:00:00,,2026-02-10 00:00:00,,2026-02-12 00:00:00,,2026-02-12 00:00:00,,,,F000005029,L125:SL1:1,87-405EA300       2011,L125,,,1.0,2021-02-25 16:25:00,,2021-02-27 20:00:00,91500.0,,,,"M,Q,0",,,,,,,,,,,,,N,0,0,1,0,1.0,Q,1.0,,SL1,,2021/02/25 16:25:00,2021/02/27 20:00:00,91500,,,,,,,
184,SK,L126,M2XC-RS3.2DF,30.0,20,87-405EA300,1,25118,20251112,2025-11-13 00:00:00,S405,2511,4,87,L126,,,,,2025-11-10 00:00:00,,2025-11-10 00:00:00,,2025-11-11 00:00:00,,2025-11-12 00:00:00,,2025-11-12 00:00:00,,,,F000005054,L126:SL1:1,87-405EA300       2011,L126,,,1.0,2021-02-25 16:25:00,,2021-02-27 20:00:00,91500.0,,,,"M,H,0",,,,,,,,,,,,,N,0,0,1,0,1.0,H,1.0,,SL1,,2021/02/25 16:25:00,2021/02/27 20:00:00,91500,,,,,,,
186,SK,L127,M2XC-RS3.2DF,30.0,20,87-405EA300,1,25118,20251112,2025-11-13 00:00:00,S405,2511,4,87,L127,,,,,2025-11-10 00:00:00,,2025-11-10 00:00:00,,2025-11-11 00:00:00,,2025-11-12 00:00:00,,2025-11-12 00:00:00,,,,F000005078,L127:SL1:1,87-405EA300       2011,L127,,,1.0,2021-02-25 16:25:00,,2021-02-27 20:00:00,91500.0,,,,"M,G,0",,,,,,,,,,,,,N,0,0,1,0,1.0,G,1.0,,SL1,,2021/02/25 16:25:00,2021/02/27 20:00:00,91500,,,,,,,
19,DK,L009,OD6B-M-7ES,30.0,32,478-409AA300,1,25114,20251029,2025-10-30 00:00:00,D409,2511,4,478,L009,2025-10-23 00:00:00,,2025-10-23 00:00:00,,2025-10-24 00:00:00,,,,2025-10-27 00:00:00,,2025-10-28 00:00:00,,2025-10-29 00:00:00,,,,F000002843,L009:SL1:1,78-405A300        3211,L009,,,1.0,2021-02-12 08:00:00,,2021-02-19 08:40:00,200400.0,,,,"M,FF,0",,,,,,,,,,,,,N,0,0,1,0,1.0,FF,1.0,,SL1,,2021/02/12 08:00:00,2021/02/19 08:40:00,200400,,,,,,,
190,SK,L128,M2XC-RS3.2DF,30.0,20,87-405EA300,1,25118,20251112,2025-11-13 00:00:00,S405,2511,4,87,L128,,,,,2025-11-10 00:00:00,,2025-11-10 00:00:00,,2025-11-11 00:00:00,,2025-11-12 00:00:00,,2025-11-12 00:00:00,,,,F000005104,L128:SL1:1,87-405EA300       2011,L128,,,1.0,2021-02-25 16:25:00,,2021-02-27 20:00:00,91500.0,,,,"M,A,0",,,,,,,,,,,,,N,0,0,1,0,1.0,A,1.0,,SL1,,2021/02/25 16:25:00,2021/02/27 20:00:00,91500,,,,,,,
191,SK,F18220,M2XC-A3.2RE,32.0,20,87-405QA320,1,25110,20251022,2025-10-22 00:00:00,S405,2511,6,87,F18220,,,,,2025-10-17 00:00:00,,2025-10-17 00:00:00,,2025-10-20 00:00:00,,2025-10-21 00:00:00,,2025-10-21 00:00:00,,,,F000005125,F18220:SL1:1,87-405QA320       2011,F18220,,,1.0,2021-02-12 08:00:00,,2021-02-16 16:29:00,106740.0,,,,"M,H,0",,,,,,,,,,,,,N,0,0,1,0,1.0,H,1.0,,SL1,,2021/02/12 08:00:00,2021/02/16 16:29:00,106740,,,,,,,
192,SK,F18221,OD5-MXC-E3.2RE,30.0,40,87-405MA300,1,25110,20251104,2025-11-04 00:00:00,S405,2511,6,87,F18221,,,,,2025-10-28 00:00:00,,2025-10-28 00:00:00,,2025-10-30 00:00:00,,2025-10-30 00:00:00,,2025-10-31 00:00:00,,,,F000005126,F18221:SL1:1,87-405MA300       4011,F18221,,,1.0,2021-02-19 14:49:00,,2021-02-25 16:25:00,124560.0,,,,"M,G,0",,,,,,,,,,,,,N,0,0,1,0,1.0,G,1.0,,SL1,,2021/02/19 14:49:00,2021/02/25 16:25:00,124560,,,,,,,
193,SK,F18222,OD5-MXC-E3.2RE,30.0,40,87-405MA300,1,25110,20251104,2025-11-04 00:00:00,S405,2511,6,87,F18222,,,,,2025-10-28 00:00:00,,2025-10-28 00:00:00,,2025-10-30 00:00:00,,2025-10-30 00:00:00,,2025-10-31 00:00:00,,,,F000005127,F18222:SL1:1,87-405MA300       4011,F18222,,,1.0,2021-02-19 14:49:00,,2021-02-25 16:25:00,124560.0,,,,"M,A,0",,,,,,,,,,,,,N,0,0,1,0,1.0,A,1.0,,SL1,,2021/02/19 14:49:00,2021/02/25 16:25:00,124560,,,,,,,
195,SK,F18223,OD4-VXC-A3,30.0,36,87-405LA300,1,25110,20251104,2025-11-04 00:00:00,S405,2511,6,87,F18223,,,,,2025-10-28 00:00:00,,2025-10-28 00:00:00,,2025-10-30 00:00:00,,2025-10-30 00:00:00,,2025-10-31 00:00:00,,,,F000005129,F18223:SL1:1,87-405LA300       3611,F18223,,,1.0,2021-02-18 16:38:00,,2021-02-24 18:24:00,124560.0,,,,"M,V,0",,,,,,,,,,,,,N,0,0,1,0,1.0,V,1.0,,SL1,,2021/02/18 16:38:00,2021/02/24 18:24:00,124560,,,,,,,
199,SK,F18224,OD4-VXC-A3,30.0,36,87-405LA300,1,25110,20251104,2025-11-04 00:00:00,S405,2511,6,87,F18224,,,,,2025-10-28 00:00:00,,2025-10-28 00:00:00,,2025-10-30 00:00:00,,2025-10-30 00:00:00,,2025-10-31 00:00:00,,,,F000005133,F18224:SL1:1,87-405LA300       3611,F18224,,,1.0,2021-02-16 13:13:00,,2021-02-19 14:49:00,124560.0,,,,"M,G,0",,,,,,,,,,,,,N,0,0,1,0,1.0,G,1.0,,SL1,,2021/02/16 13:13:00,2021/02/19 14:49:00,124560,,,,,,,
2,DK,K045,M-9ME22,30.0,28,78-405A300,1,25118,20251112,2025-11-13 00:00:00,D405,2511,4,78,K045,2025-11-07 00:00:00,,2025-11-07 00:00:00,,2025-11-10 00:00:00,,,,2025-11-11 00:00:00,,2025-11-12 00:00:00,,2025-11-12 00:00:00,,,,F000002052,K045:SL1:1,78-405A300        2811,K045,,,1.0,2021-02-19 19:20:00,,2021-02-27 20:00:00,200400.0,,,,"M,FF,0",,,,,,,,,,,,,N,0,0,1,0,1.0,FF,1.0,,SL1,,2021/02/19 19:20:00,2021/02/27 20:00:00,200400,,,,,,,
20,DK,L009,OD6B-M-7ES,30.0,32,78-405A300,1,25114,20251029,2025-10-30 00:00:00,D405,2511,4,78,L009,2025-10-23 00:00:00,,2025-10-23 00:00:00,,2025-10-24 00:00:00,,,,2025-10-27 00:00:00,,2025-10-28 00:00:00,,2025-10-29 00:00:00,,,,F000002844,L009:SL1:1,78-405A300        3211,L009,,,1.0,2021-02-12 08:00:00,,2021-02-19 08:40:00,200400.0,,,,"M,FF,0",,,,,,,,,,,,,N,0,0,1,0,1.0,FF,1.0,,SL1,,2021/02/12 08:00:00,2021/02/19 08:40:00,200400,,,,,,,
200,SK,F18225,MX-RSFY6,34.0,34,87-405EA340,1,25110,20251029,2025-10-29 00:00:00,S405,2511,6,87,F18225,,,,,2025-10-23 00:00:00,,2025-10-23 00:00:00,,2025-10-27 00:00:00,,2025-10-27 00:00:00,,2025-10-28 00:00:00,,,,F000005134,F18225:SL1:1,87-405EA340       3411,F18225,,,1.0,2021-02-15 16:19:00,,2021-02-19 10:02:00,138780.0,,,,"M,H,0",,,,,,,,,,,,,N,0,0,1,0,1.0,H,1.0,,SL1,,2021/02/15 16:19:00,2021/02/19 10:02:00,138780,,,,,,,
201,SK,F18226,MX-RSFY6,34.0,34,87-405EA340,1,25110,20251029,2025-10-29 00:00:00,S405,2511,6,87,F18226,,,,,2025-10-23 00:00:00,,2025-10-23 00:00:00,,2025-10-27 00:00:00,,2025-10-27 00:00:00,,2025-10-28 00:00:00,,,,F000005135,F18226:SL1:1,87-405EA340       3411,F18226,,,1.0,2021-02-15 16:19:00,,2021-02-19 10:02:00,138780.0,,,,"M,Q,0",,,,,,,,,,,,,N,0,0,1,0,1.0,Q,1.0,,SL1,,2021/02/15 16:19:00,2021/02/19 10:02:00,138780,,,,,,,
204,SK,F18227,VXC-S3.2DFDRE,30.0,20,87-405EA300,1,25110,20251029,2025-10-29 00:00:00,S405,2511,6,87,F18227,,,,,2025-10-24 00:00:00,,2025-10-24 00:00:00,,2025-10-27 00:00:00,,2025-10-28 00:00:00,,2025-10-28 00:00:00,,,,F000005138,F18227:SL1:1,87-405EA300       2011,F18227,,,1.0,2021-02-17 10:34:00,,2021-02-19 14:49:00,91500.0,,,,"M,A,0",,,,,,,,,,,,,N,0,0,1,0,1.0,A,1.0,,SL1,,2021/02/17 10:34:00,2021/02/19 14:49:00,91500,,,,,,,
205,SK,F18228,VXC-S3.2DFDRE,34.0,20,87-405EA340,1,25110,20251029,2025-10-29 00:00:00,S405,2511,6,87,F18228,,,,,2025-10-24 00:00:00,,2025-10-24 00:00:00,,2025-10-27 00:00:00,,2025-10-28 00:00:00,,2025-10-28 00:00:00,,,,F000005139,F18228:SL1:1,87-405EA340       2011,F18228,,,1.0,2021-02-16 15:01:00,,2021-02-19 10:50:00,106740.0,,,,"M,K,0",,,,,,,,,,,,,N,0,0,1,0,1.0,K,1.0,,SL1,,2021/02/16 15:01:00,2021/02/19 10:50:00,106740,,,,,,,
206,DK,K7239,M-8ME42,30.0,36,78-405EA300,1,25110,20251022,2025-10-22 00:00:00,D405,2511,5,78,K7239,2025-10-15 00:00:00,,2025-10-15 00:00:00,,2025-10-16 00:00:00,,,,2025-10-17 00:00:00,,2025-10-20 00:00:00,,2025-10-21 00:00:00,,,,F000005140,K7239:SL1:1,78-405EA300       3611,K7239,,,1.0,2021-02-12 08:00:00,,2021-02-19 08:40:00,200400.0,,,,"M,S,0",,,,,,,,,,,,,N,0,0,1,0,1.0,S,1.0,,SL1,,2021/02/12 08:00:00,2021/02/19 08:40:00,200400,,,,,,,
207,DK,K7239,M-8ME42,30.0,36,478-409EA300,1,25110,20251022,2025-10-22 00:00:00,D409,2511,5,478,K7239,2025-10-15 00:00:00,,2025-10-15 00:00:00,,2025-10-16 00:00:00,,,,2025-10-17 00:00:00,,2025-10-20 00:00:00,,2025-10-21 00:00:00,,,,F000005141,K7239:SL1:1,78-405EA300       3611,K7239,,,1.0,2021-02-12 08:00:00,,2021-02-19 08:40:00,200400.0,,,,"M,S,0",,,,,,,,,,,,,N,0,0,1,0,1.0,S,1.0,,SL1,,2021/02/12 08:00:00,2021/02/19 08:40:00,200400,,,,,,,
208,DK,K7240,M-8ME42,30.0,36,78-405EA300,1,25110,20251022,2025-10-22 00:00:00,D405,2511,5,78,K7240,2025-10-15 00:00:00,,2025-10-15 00:00:00,,2025-10-16 00:00:00,,,,2025-10-17 00:00:00,,2025-10-20 00:00:00,,2025-10-21 00:00:00,,,,F000005142,K7240:SL1:1,78-405EA300       3611,K7240,,,1.0,2021-02-12 08:00:00,,2021-02-19 08:40:00,200400.0,,,,"M,S,0",,,,,,,,,,,,,N,0,0,1,0,1.0,S,1.0,,SL1,,2021/02/12 08:00:00,2021/02/19 08:40:00,200400,,,,,,,
209,DK,K7240,M-8ME42,30.0,36,478-409EA300,1,25110,20251022,2025-10-22 00:00:00,D409,2511,5,478,K7240,2025-10-15 00:00:00,,2025-10-15 00:00:00,,2025-10-16 00:00:00,,,,2025-10-17 00:00:00,,2025-10-20 00:00:00,,2025-10-21 00:00:00,,,,F000005143,K7240:SL1:1,78-405EA300       3611,K7240,,,1.0,2021-02-12 08:00:00,,2021-02-19 08:40:00,200400.0,,,,"M,S,0",,,,,,,,,,,,,N,0,0,1,0,1.0,S,1.0,,SL1,,2021/02/12 08:00:00,2021/02/19 08:40:00,200400,,,,,,,
21,DK,L010,OD6B-M-7ES,30.0,32,478-409AA300,1,25114,20251029,2025-10-30 00:00:00,D409,2511,4,478,L010,2025-10-23 00:00:00,,2025-10-23 00:00:00,,2025-10-24 00:00:00,,,,2025-10-27 00:00:00,,2025-10-28 00:00:00,,2025-10-29 00:00:00,,,,F000002880,L010:SL1:1,78-405A300        3211,L010,,,1.0,2021-02-12 08:00:00,,2021-02-19 08:40:00,200400.0,,,,"M,FF,0",,,,,,,,,,,,,N,0,0,1,0,1.0,FF,1.0,,SL1,,2021/02/12 08:00:00,2021/02/19 08:40:00,200400,,,,,,,
210,DK,K7241,M-8ME42,30.0,36,78-405EA300,1,25110,20251022,2025-10-22 00:00:00,D405,2511,5,78,K7241,2025-10-15 00:00:00,,2025-10-15 00:00:00,,2025-10-16 00:00:00,,,,2025-10-17 00:00:00,,2025-10-20 00:00:00,,2025-10-21 00:00:00,,,,F000005144,K7241:SL1:1,78-405EA300       3611,K7241,,,1.0,2021-02-12 08:00:00,,2021-02-19 08:40:00,200400.0,,,,"M,S,0",,,,,,,,,,,,,N,0,0,1,0,1.0,S,1.0,,SL1,,2021/02/12 08:00:00,2021/02/19 08:40:00,200400,,,,,,,
211,DK,K7241,M-8ME42,30.0,36,478-409EA300,1,25110,20251022,2025-10-22 00:00:00,D409,2511,5,478,K7241,2025-10-15 00:00:00,,2025-10-15 00:00:00,,2025-10-16 00:00:00,,,,2025-10-17 00:00:00,,2025-10-20 00:00:00,,2025-10-21 00:00:00,,,,F000005145,K7241:SL1:1,78-405EA300       3611,K7241,,,1.0,2021-02-12 08:00:00,,2021-02-19 08:40:00,200400.0,,,,"M,S,0",,,,,,,,,,,,,N,0,0,1,0,1.0,S,1.0,,SL1,,2021/02/12 08:00:00,2021/02/19 08:40:00,200400,,,,,,,
212,DK,K7242,M-8ME42,30.0,36,78-405EA300,1,25110,20251022,2025-10-22 00:00:00,D405,2511,5,78,K7242,2025-10-15 00:00:00,,2025-10-15 00:00:00,,2025-10-16 00:00:00,,,,2025-10-17 00:00:00,,2025-10-20 00:00:00,,2025-10-21 00:00:00,,,,F000005146,K7242:SL1:1,78-405EA300       3611,K7242,,,1.0,2021-02-12 08:00:00,,2021-02-19 08:40:00,200400.0,,,,"M,S,0",,,,,,,,,,,,,N,0,0,1,0,1.0,S,1.0,,SL1,,2021/02/12 08:00:00,2021/02/19 08:40:00,200400,,,,,,,
213,DK,K7242,M-8ME42,30.0,36,478-409EA300,1,25110,20251022,2025-10-22 00:00:00,D409,2511,5,478,K7242,2025-10-15 00:00:00,,2025-10-15 00:00:00,,2025-10-16 00:00:00,,,,2025-10-17 00:00:00,,2025-10-20 00:00:00,,2025-10-21 00:00:00,,,,F000005147,K7242:SL1:1,78-405EA300       3611,K7242,,,1.0,2021-02-12 08:00:00,,2021-02-19 08:40:00,200400.0,,,,"M,S,0",,,,,,,,,,,,,N,0,0,1,0,1.0,S,1.0,,SL1,,2021/02/12 08:00:00,2021/02/19 08:40:00,200400,,,,,,,
214,DK,K7243,M-8ME42,30.0,36,478-409EA300,1,25110,20251022,2025-10-22 00:00:00,D409,2511,5,478,K7243,2025-10-15 00:00:00,,2025-10-15 00:00:00,,2025-10-16 00:00:00,,,,2025-10-17 00:00:00,,2025-10-20 00:00:00,,2025-10-21 00:00:00,,,,F000005148,K7243:SL1:1,78-405EA300       3611,K7243,,,1.0,2021-02-12 08:00:00,,2021-02-19 08:40:00,200400.0,,,,"M,S,0",,,,,,,,,,,,,N,0,0,1,0,1.0,S,1.0,,SL1,,2021/02/12 08:00:00,2021/02/19 08:40:00,200400,,,,,,,
215,DK,K7243,M-8ME42,30.0,36,78-405EA300,1,25110,20251022,2025-10-22 00:00:00,D405,2511,5,78,K7243,2025-10-15 00:00:00,,2025-10-15 00:00:00,,2025-10-16 00:00:00,,,,2025-10-17 00:00:00,,2025-10-20 00:00:00,,2025-10-21 00:00:00,,,,F000005149,K7243:SL1:1,78-405EA300       3611,K7243,,,1.0,2021-02-12 08:00:00,,2021-02-19 08:40:00,200400.0,,,,"M,S,0",,,,,,,,,,,,,N,0,0,1,0,1.0,S,1.0,,SL1,,2021/02/12 08:00:00,2021/02/19 08:40:00,200400,,,,,,,
216,DK,K7244,M-8ME42,30.0,36,478-409EA300,1,25110,20251027,2025-10-27 00:00:00,D409,2511,5,478,K7244,2025-10-20 00:00:00,,2025-10-20 00:00:00,,2025-10-21 00:00:00,,,,2025-10-22 00:00:00,,2025-10-23 00:00:00,,2025-10-24 00:00:00,,,,F000005150,K7244:SL1:1,78-405EA300       3611,K7244,,,1.0,2021-02-12 18:40:00,,2021-02-19 19:20:00,200400.0,,,,"M,Y,0",,,,,,,,,,,,,N,0,0,1,0,1.0,Y,1.0,,SL1,,2021/02/12 18:40:00,2021/02/19 19:20:00,200400,,,,,,,
217,DK,K7244,M-8ME42,30.0,36,78-405EA300,1,25110,20251027,2025-10-27 00:00:00,D405,2511,5,78,K7244,2025-10-20 00:00:00,,2025-10-20 00:00:00,,2025-10-21 00:00:00,,,,2025-10-22 00:00:00,,2025-10-23 00:00:00,,2025-10-24 00:00:00,,,,F000005151,K7244:SL1:1,78-405EA300       3611,K7244,,,1.0,2021-02-12 18:40:00,,2021-02-19 19:20:00,200400.0,,,,"M,Y,0",,,,,,,,,,,,,N,0,0,1,0,1.0,Y,1.0,,SL1,,2021/02/12 18:40:00,2021/02/19 19:20:00,200400,,,,,,,
218,DK,K7245,M-8ME42,30.0,36,78-405EA300,1,25110,20251027,2025-10-27 00:00:00,D405,2511,5,78,K7245,2025-10-20 00:00:00,,2025-10-20 00:00:00,,2025-10-21 00:00:00,,,,2025-10-22 00:00:00,,2025-10-23 00:00:00,,2025-10-24 00:00:00,,,,F000005152,K7245:SL1:1,78-405EA300       3611,K7245,,,1.0,2021-02-12 08:00:00,,2021-02-19 08:40:00,200400.0,,,,"M,S,0",,,,,,,,,,,,,N,0,0,1,0,1.0,S,1.0,,SL1,,2021/02/12 08:00:00,2021/02/19 08:40:00,200400,,,,,,,
219,DK,K7245,M-8ME42,30.0,36,478-409EA300,1,25110,20251027,2025-10-27 00:00:00,D409,2511,5,478,K7245,2025-10-20 00:00:00,,2025-10-20 00:00:00,,2025-10-21 00:00:00,,,,2025-10-22 00:00:00,,2025-10-23 00:00:00,,2025-10-24 00:00:00,,,,F000005153,K7245:SL1:1,78-405EA300       3611,K7245,,,1.0,2021-02-12 08:00:00,,2021-02-19 08:40:00,200400.0,,,,"M,S,0",,,,,,,,,,,,,N,0,0,1,0,1.0,S,1.0,,SL1,,2021/02/12 08:00:00,2021/02/19 08:40:00,200400,,,,,,,
22,DK,L010,OD6B-M-7ES,30.0,32,78-405A300,1,25114,20251029,2025-10-30 00:00:00,D405,2511,4,78,L010,2025-10-23 00:00:00,,2025-10-23 00:00:00,,2025-10-24 00:00:00,,,,2025-10-27 00:00:00,,2025-10-28 00:00:00,,2025-10-29 00:00:00,,,,F000002881,L010:SL1:1,78-405A300        3211,L010,,,1.0,2021-02-12 08:00:00,,2021-02-19 08:40:00,200400.0,,,,"M,FF,0",,,,,,,,,,,,,N,0,0,1,0,1.0,FF,1.0,,SL1,,2021/02/12 08:00:00,2021/02/19 08:40:00,200400,,,,,,,
220,DK,K7246,M-8ME42,30.0,36,478-409EA300,1,25110,20251027,2025-10-27 00:00:00,D409,2511,5,478,K7246,2025-10-20 00:00:00,,2025-10-20 00:00:00,,2025-10-21 00:00:00,,,,2025-10-22 00:00:00,,2025-10-23 00:00:00,,2025-10-24 00:00:00,,,,F000005154,K7246:SL1:1,78-405EA300       3611,K7246,,,1.0,2021-02-12 08:00:00,,2021-02-19 08:40:00,200400.0,,,,"M,S,0",,,,,,,,,,,,,N,0,0,1,0,1.0,S,1.0,,SL1,,2021/02/12 08:00:00,2021/02/19 08:40:00,200400,,,,,,,
221,DK,K7246,M-8ME42,30.0,36,78-405EA300,1,25110,20251027,2025-10-27 00:00:00,D405,2511,5,78,K7246,2025-10-20 00:00:00,,2025-10-20 00:00:00,,2025-10-21 00:00:00,,,,2025-10-22 00:00:00,,2025-10-23 00:00:00,,2025-10-24 00:00:00,,,,F000005155,K7246:SL1:1,78-405EA300       3611,K7246,,,1.0,2021-02-12 08:00:00,,2021-02-19 08:40:00,200400.0,,,,"M,S,0",,,,,,,,,,,,,N,0,0,1,0,1.0,S,1.0,,SL1,,2021/02/12 08:00:00,2021/02/19 08:40:00,200400,,,,,,,
222,DK,K7247,M-8ME42,30.0,36,78-405EA300,1,25110,20251027,2025-10-27 00:00:00,D405,2511,5,78,K7247,2025-10-20 00:00:00,,2025-10-20 00:00:00,,2025-10-21 00:00:00,,,,2025-10-22 00:00:00,,2025-10-23 00:00:00,,2025-10-24 00:00:00,,,,F000005156,K7247:SL1:1,78-405EA300       3611,K7247,,,1.0,2021-02-12 08:00:00,,2021-02-19 08:40:00,200400.0,,,,"M,S,0",,,,,,,,,,,,,N,0,0,1,0,1.0,S,1.0,,SL1,,2021/02/12 08:00:00,2021/02/19 08:40:00,200400,,,,,,,
223,DK,K7247,M-8ME42,30.0,36,478-409EA300,1,25110,20251027,2025-10-27 00:00:00,D409,2511,5,478,K7247,2025-10-20 00:00:00,,2025-10-20 00:00:00,,2025-10-21 00:00:00,,,,2025-10-22 00:00:00,,2025-10-23 00:00:00,,2025-10-24 00:00:00,,,,F000005157,K7247:SL1:1,78-405EA300       3611,K7247,,,1.0,2021-02-12 08:00:00,,2021-02-19 08:40:00,200400.0,,,,"M,S,0",,,,,,,,,,,,,N,0,0,1,0,1.0,S,1.0,,SL1,,2021/02/12 08:00:00,2021/02/19 08:40:00,200400,,,,,,,
224,DK,K7248,M-8ME42,30.0,36,478-409EA300,1,25110,20251027,2025-10-27 00:00:00,D409,2511,5,478,K7248,2025-10-20 00:00:00,,2025-10-20 00:00:00,,2025-10-21 00:00:00,,,,2025-10-22 00:00:00,,2025-10-23 00:00:00,,2025-10-24 00:00:00,,,,F000005158,K7248:SL1:1,78-405EA300       3611,K7248,,,1.0,2021-02-12 08:00:00,,2021-02-19 08:40:00,200400.0,,,,"M,S,0",,,,,,,,,,,,,N,0,0,1,0,1.0,S,1.0,,SL1,,2021/02/12 08:00:00,2021/02/19 08:40:00,200400,,,,,,,
225,DK,K7248,M-8ME42,30.0,36,78-405EA300,1,25110,20251027,2025-10-27 00:00:00,D405,2511,5,78,K7248,2025-10-20 00:00:00,,2025-10-20 00:00:00,,2025-10-21 00:00:00,,,,2025-10-22 00:00:00,,2025-10-23 00:00:00,,2025-10-24 00:00:00,,,,F000005159,K7248:SL1:1,78-405EA300       3611,K7248,,,1.0,2021-02-12 08:00:00,,2021-02-19 08:40:00,200400.0,,,,"M,S,0",,,,,,,,,,,,,N,0,0,1,0,1.0,S,1.0,,SL1,,2021/02/12 08:00:00,2021/02/19 08:40:00,200400,,,,,,,
226,DK,K7249,M-8ME22,30.0,40,78-405EA300,1,25110,20251112,2025-11-12 00:00:00,D405,2511,5,78,K7249,2025-11-05 00:00:00,,2025-11-05 00:00:00,,2025-11-06 00:00:00,,,,2025-11-07 00:00:00,,2025-11-10 00:00:00,,2025-11-11 00:00:00,,,,F000005160,K7249:SL1:1,78-405EA300       4011,K7249,,,1.0,2021-02-19 19:20:00,,2021-02-27 20:00:00,200400.0,,,,"M,Y,0",,,,,,,,,,,,,N,0,0,1,0,1.0,Y,1.0,,SL1,,2021/02/19 19:20:00,2021/02/27 20:00:00,200400,,,,,,,
227,DK,K7250,LEC2,30.0,24,355-409300,1,25110,20251029,2025-10-29 00:00:00,D409,2511,5,355,K7250,2025-10-22 00:00:00,,2025-10-23 00:00:00,,2025-10-24 00:00:00,,,,2025-10-27 00:00:00,,2025-10-28 00:00:00,,2025-10-28 00:00:00,,,,F000005161,,,,,,,,,,,,,,,,,,,,,,,,,,,,,,,,,,,,,,,,,,,,,,,
228,DK,K7258,M-SDR,38.0,18,478-409AA380,1,25110,20251029,2025-10-29 00:00:00,D409,2511,5,478,K7258,2025-10-23 00:00:00,,2025-10-23 00:00:00,,2025-10-24 00:00:00,,,,2025-10-27 00:00:00,,2025-10-28 00:00:00,,2025-10-28 00:00:00,,,,F000005162,K7258:SL1:1,78-405A380        1811,K7258,,,1.0,2021-02-12 08:00:00,,2021-02-18 16:25:00,185700.0,,,,"M,BL,0",,,,,,,,,,,,,N,0,0,1,0,1.0,BL,1.0,,SL1,,2021/02/12 08:00:00,2021/02/18 16:25:00,185700,,,,,,,
229,DK,K7258,M-SDR,38.0,18,78-405A380,1,25110,20251029,2025-10-29 00:00:00,D405,2511,5,78,K7258,2025-10-23 00:00:00,,2025-10-23 00:00:00,,2025-10-24 00:00:00,,,,2025-10-27 00:00:00,,2025-10-28 00:00:00,,2025-10-28 00:00:00,,,,F000005163,K7258:SL1:1,78-405A380        1811,K7258,,,1.0,2021-02-12 08:00:00,,2021-02-18 16:25:00,185700.0,,,,"M,BL,0",,,,,,,,,,,,,N,0,0,1,0,1.0,BL,1.0,,SL1,,2021/02/12 08:00:00,2021/02/18 16:25:00,185700,,,,,,,
23,DK,L011,OD6B-M-8MES,34.0,32,78-405A340,1,25116,20251106,2025-11-07 00:00:00,D405,2511,4,78,L011,2025-10-30 00:00:00,,2025-10-30 00:00:00,,2025-10-31 00:00:00,,,,2025-11-04 00:00:00,,2025-11-05 00:00:00,,2025-11-06 00:00:00,,,,F000002919,L011:SL1:1,78-405A340        3211,L011,,,1.0,2021-02-12 08:00:00,,2021-02-22 09:54:00,244440.0,,,,"M,BL,0",,,,,,,,,,,,,N,0,0,1,0,1.0,BL,1.0,,SL1,,2021/02/12 08:00:00,2021/02/22 09:54:00,244440,,,,,,,
230,DK,K7259,M-SDR,38.0,18,478-409AA380,1,25110,20251029,2025-10-29 00:00:00,D409,2511,5,478,K7259,2025-10-23 00:00:00,,2025-10-23 00:00:00,,2025-10-24 00:00:00,,,,2025-10-27 00:00:00,,2025-10-28 00:00:00,,2025-10-28 00:00:00,,,,F000005164,K7259:SL1:1,78-405A380        1811,K7259,,,1.0,2021-02-12 08:00:00,,2021-02-18 16:25:00,185700.0,,,,"M,BL,0",,,,,,,,,,,,,N,0,0,1,0,1.0,BL,1.0,,SL1,,2021/02/12 08:00:00,2021/02/18 16:25:00,185700,,,,,,,
231,DK,K7259,M-SDR,38.0,18,78-405A380,1,25110,20251029,2025-10-29 00:00:00,D405,2511,5,78,K7259,2025-10-23 00:00:00,,2025-10-23 00:00:00,,2025-10-24 00:00:00,,,,2025-10-27 00:00:00,,2025-10-28 00:00:00,,2025-10-28 00:00:00,,,,F000005165,K7259:SL1:1,78-405A380        1811,K7259,,,1.0,2021-02-12 08:00:00,,2021-02-18 16:25:00,185700.0,,,,"M,BL,0",,,,,,,,,,,,,N,0,0,1,0,1.0,BL,1.0,,SL1,,2021/02/12 08:00:00,2021/02/18 16:25:00,185700,,,,,,,
232,DK,K7260,OD6B-M-8ERS,30.0,16,78-405A300,1,25110,20251022,2025-10-22 00:00:00,D405,2511,5,78,K7260,2025-10-16 00:00:00,,2025-10-16 00:00:00,,2025-10-17 00:00:00,,,,2025-10-20 00:00:00,,2025-10-21 00:00:00,,2025-10-21 00:00:00,,,,F000005166,K7260:SL1:1,78-405A300        1611,K7260,,,1.0,2021-02-12 08:00:00,,2021-02-17 16:28:00,146280.0,,,,"M,FF,0",,,,,,,,,,,,,N,0,0,1,0,1.0,FF,1.0,,SL1,,2021/02/12 08:00:00,2021/02/17 16:28:00,146280,,,,,,,
233,DK,K7260,OD6B-M-8ERS,30.0,16,478-409AA300,1,25110,20251022,2025-10-22 00:00:00,D409,2511,5,478,K7260,2025-10-16 00:00:00,,2025-10-16 00:00:00,,2025-10-17 00:00:00,,,,2025-10-20 00:00:00,,2025-10-21 00:00:00,,2025-10-21 00:00:00,,,,F000005167,K7260:SL1:1,78-405A300        1611,K7260,,,1.0,2021-02-12 08:00:00,,2021-02-17 16:28:00,146280.0,,,,"M,FF,0",,,,,,,,,,,,,N,0,0,1,0,1.0,FF,1.0,,SL1,,2021/02/12 08:00:00,2021/02/17 16:28:00,146280,,,,,,,
234,DK,K7261,OD6B-M-8ERS,30.0,16,78-405A300,1,25110,20251022,2025-10-22 00:00:00,D405,2511,5,78,K7261,2025-10-16 00:00:00,,2025-10-16 00:00:00,,2025-10-17 00:00:00,,,,2025-10-20 00:00:00,,2025-10-21 00:00:00,,2025-10-21 00:00:00,,,,F000005168,K7261:SL1:1,78-405A300        1611,K7261,,,1.0,2021-02-12 08:00:00,,2021-02-17 16:28:00,146280.0,,,,"M,FF,0",,,,,,,,,,,,,N,0,0,1,0,1.0,FF,1.0,,SL1,,2021/02/12 08:00:00,2021/02/17 16:28:00,146280,,,,,,,
235,DK,K7261,OD6B-M-8ERS,30.0,16,478-409AA300,1,25110,20251022,2025-10-22 00:00:00,D409,2511,5,478,K7261,2025-10-16 00:00:00,,2025-10-16 00:00:00,,2025-10-17 00:00:00,,,,2025-10-20 00:00:00,,2025-10-21 00:00:00,,2025-10-21 00:00:00,,,,F000005169,K7261:SL1:1,78-405A300        1611,K7261,,,1.0,2021-02-12 08:00:00,,2021-02-17 16:28:00,146280.0,,,,"M,FF,0",,,,,,,,,,,,,N,0,0,1,0,1.0,FF,1.0,,SL1,,2021/02/12 08:00:00,2021/02/17 16:28:00,146280,,,,,,,
236,DK,K7262,OD6B-M-8ERS,30.0,16,78-405A300,1,25110,20251022,2025-10-22 00:00:00,D405,2511,5,78,K7262,2025-10-16 00:00:00,,2025-10-16 00:00:00,,2025-10-17 00:00:00,,,,2025-10-20 00:00:00,,2025-10-21 00:00:00,,2025-10-21 00:00:00,,,,F000005170,K7262:SL1:1,78-405A300        1611,K7262,,,1.0,2021-02-12 08:00:00,,2021-02-17 16:28:00,146280.0,,,,"M,FF,0",,,,,,,,,,,,,N,0,0,1,0,1.0,FF,1.0,,SL1,,2021/02/12 08:00:00,2021/02/17 16:28:00,146280,,,,,,,
237,DK,K7262,OD6B-M-8ERS,30.0,16,478-409AA300,1,25110,20251022,2025-10-22 00:00:00,D409,2511,5,478,K7262,2025-10-16 00:00:00,,2025-10-16 00:00:00,,2025-10-17 00:00:00,,,,2025-10-20 00:00:00,,2025-10-21 00:00:00,,2025-10-21 00:00:00,,,,F000005171,K7262:SL1:1,78-405A300        1611,K7262,,,1.0,2021-02-12 08:00:00,,2021-02-17 16:28:00,146280.0,,,,"M,FF,0",,,,,,,,,,,,,N,0,0,1,0,1.0,FF,1.0,,SL1,,2021/02/12 08:00:00,2021/02/17 16:28:00,146280,,,,,,,
238,DK,K7263,OD6B-M-8ERS,30.0,16,478-409AA300,1,25110,20251022,2025-10-22 00:00:00,D409,2511,5,478,K7263,2025-10-16 00:00:00,,2025-10-16 00:00:00,,2025-10-17 00:00:00,,,,2025-10-20 00:00:00,,2025-10-21 00:00:00,,2025-10-21 00:00:00,,,,F000005172,K7263:SL1:1,78-405A300        1611,K7263,,,1.0,2021-02-12 08:00:00,,2021-02-17 16:28:00,146280.0,,,,"M,FF,0",,,,,,,,,,,,,N,0,0,1,0,1.0,FF,1.0,,SL1,,2021/02/12 08:00:00,2021/02/17 16:28:00,146280,,,,,,,
239,DK,K7263,OD6B-M-8ERS,30.0,16,78-405A300,1,25110,20251022,2025-10-22 00:00:00,D405,2511,5,78,K7263,2025-10-16 00:00:00,,2025-10-16 00:00:00,,2025-10-17 00:00:00,,,,2025-10-20 00:00:00,,2025-10-21 00:00:00,,2025-10-21 00:00:00,,,,F000005173,K7263:SL1:1,78-405A300        1611,K7263,,,1.0,2021-02-12 08:00:00,,2021-02-17 16:28:00,146280.0,,,,"M,FF,0",,,,,,,,,,,,,N,0,0,1,0,1.0,FF,1.0,,SL1,,2021/02/12 08:00:00,2021/02/17 16:28:00,146280,,,,,,,
24,DK,L011,OD6B-M-8MES,34.0,32,478-409AA340,1,25116,20251106,2025-11-07 00:00:00,D409,2511,4,478,L011,2025-10-30 00:00:00,,2025-10-30 00:00:00,,2025-10-31 00:00:00,,,,2025-11-04 00:00:00,,2025-11-05 00:00:00,,2025-11-06 00:00:00,,,,F000002920,L011:SL1:1,78-405A340        3211,L011,,,1.0,2021-02-12 08:00:00,,2021-02-22 09:54:00,244440.0,,,,"M,BL,0",,,,,,,,,,,,,N,0,0,1,0,1.0,BL,1.0,,SL1,,2021/02/12 08:00:00,2021/02/22 09:54:00,244440,,,,,,,
240,DK,K7264,OD6B-M-8ERS,30.0,16,478-409AA300,1,25110,20251022,2025-10-22 00:00:00,D409,2511,5,478,K7264,2025-10-16 00:00:00,,2025-10-16 00:00:00,,2025-10-17 00:00:00,,,,2025-10-20 00:00:00,,2025-10-21 00:00:00,,2025-10-21 00:00:00,,,,F000005174,K7264:SL1:1,78-405A300        1611,K7264,,,1.0,2021-02-12 08:00:00,,2021-02-17 16:28:00,146280.0,,,,"M,FF,0",,,,,,,,,,,,,N,0,0,1,0,1.0,FF,1.0,,SL1,,2021/02/12 08:00:00,2021/02/17 16:28:00,146280,,,,,,,
241,DK,K7264,OD6B-M-8ERS,30.0,16,78-405A300,1,25110,20251022,2025-10-22 00:00:00,D405,2511,5,78,K7264,2025-10-16 00:00:00,,2025-10-16 00:00:00,,2025-10-17 00:00:00,,,,2025-10-20 00:00:00,,2025-10-21 00:00:00,,2025-10-21 00:00:00,,,,F000005175,K7264:SL1:1,78-405A300        1611,K7264,,,1.0,2021-02-12 08:00:00,,2021-02-17 16:28:00,146280.0,,,,"M,FF,0",,,,,,,,,,,,,N,0,0,1,0,1.0,FF,1.0,,SL1,,2021/02/12 08:00:00,2021/02/17 16:28:00,146280,,,,,,,
242,DK,K7265,OD6B-M-8ERS,30.0,16,478-409AA300,1,25110,20251022,2025-10-22 00:00:00,D409,2511,5,478,K7265,2025-10-16 00:00:00,,2025-10-16 00:00:00,,2025-10-17 00:00:00,,,,2025-10-20 00:00:00,,2025-10-21 00:00:00,,2025-10-21 00:00:00,,,,F000005176,K7265:SL1:1,78-405A300        1611,K7265,,,1.0,2021-02-12 08:00:00,,2021-02-17 16:28:00,146280.0,,,,"M,FF,0",,,,,,,,,,,,,N,0,0,1,0,1.0,FF,1.0,,SL1,,2021/02/12 08:00:00,2021/02/17 16:28:00,146280,,,,,,,
243,DK,K7265,OD6B-M-8ERS,30.0,16,78-405A300,1,25110,20251022,2025-10-22 00:00:00,D405,2511,5,78,K7265,2025-10-16 00:00:00,,2025-10-16 00:00:00,,2025-10-17 00:00:00,,,,2025-10-20 00:00:00,,2025-10-21 00:00:00,,2025-10-21 00:00:00,,,,F000005177,K7265:SL1:1,78-405A300        1611,K7265,,,1.0,2021-02-12 08:00:00,,2021-02-17 16:28:00,146280.0,,,,"M,FF,0",,,,,,,,,,,,,N,0,0,1,0,1.0,FF,1.0,,SL1,,2021/02/12 08:00:00,2021/02/17 16:28:00,146280,,,,,,,
244,DK,K7266,OD6B-M-8ERS,30.0,16,78-405A300,1,25110,20251022,2025-10-22 00:00:00,D405,2511,5,78,K7266,2025-10-16 00:00:00,,2025-10-16 00:00:00,,2025-10-17 00:00:00,,,,2025-10-20 00:00:00,,2025-10-21 00:00:00,,2025-10-21 00:00:00,,,,F000005178,K7266:SL1:1,78-405A300        1611,K7266,,,1.0,2021-02-12 08:00:00,,2021-02-17 16:28:00,146280.0,,,,"M,FF,0",,,,,,,,,,,,,N,0,0,1,0,1.0,FF,1.0,,SL1,,2021/02/12 08:00:00,2021/02/17 16:28:00,146280,,,,,,,
245,DK,K7266,OD6B-M-8ERS,30.0,16,478-409AA300,1,25110,20251022,2025-10-22 00:00:00,D409,2511,5,478,K7266,2025-10-16 00:00:00,,2025-10-16 00:00:00,,2025-10-17 00:00:00,,,,2025-10-20 00:00:00,,2025-10-21 00:00:00,,2025-10-21 00:00:00,,,,F000005179,K7266:SL1:1,78-405A300        1611,K7266,,,1.0,2021-02-12 08:00:00,,2021-02-17 16:28:00,146280.0,,,,"M,FF,0",,,,,,,,,,,,,N,0,0,1,0,1.0,FF,1.0,,SL1,,2021/02/12 08:00:00,2021/02/17 16:28:00,146280,,,,,,,
246,DK,K7267,OD6B-M-8ERS,30.0,16,478-409AA300,1,25110,20251022,2025-10-22 00:00:00,D409,2511,5,478,K7267,2025-10-16 00:00:00,,2025-10-16 00:00:00,,2025-10-17 00:00:00,,,,2025-10-20 00:00:00,,2025-10-21 00:00:00,,2025-10-21 00:00:00,,,,F000005180,K7267:SL1:1,78-405A300        1611,K7267,,,1.0,2021-02-12 08:00:00,,2021-02-17 16:28:00,146280.0,,,,"M,FF,0",,,,,,,,,,,,,N,0,0,1,0,1.0,FF,1.0,,SL1,,2021/02/12 08:00:00,2021/02/17 16:28:00,146280,,,,,,,
247,DK,K7267,OD6B-M-8ERS,30.0,16,78-405A300,1,25110,20251022,2025-10-22 00:00:00,D405,2511,5,78,K7267,2025-10-16 00:00:00,,2025-10-16 00:00:00,,2025-10-17 00:00:00,,,,2025-10-20 00:00:00,,2025-10-21 00:00:00,,2025-10-21 00:00:00,,,,F000005181,K7267:SL1:1,78-405A300        1611,K7267,,,1.0,2021-02-12 08:00:00,,2021-02-17 16:28:00,146280.0,,,,"M,FF,0",,,,,,,,,,,,,N,0,0,1,0,1.0,FF,1.0,,SL1,,2021/02/12 08:00:00,2021/02/17 16:28:00,146280,,,,,,,
248,DK,K7268,OD6B-M-8ERS,30.0,16,478-409AA300,1,25110,20251022,2025-10-22 00:00:00,D409,2511,5,478,K7268,2025-10-16 00:00:00,,2025-10-16 00:00:00,,2025-10-17 00:00:00,,,,2025-10-20 00:00:00,,2025-10-21 00:00:00,,2025-10-21 00:00:00,,,,F000005182,K7268:SL1:1,78-405A300        1611,K7268,,,1.0,2021-02-12 08:00:00,,2021-02-17 16:28:00,146280.0,,,,"M,FF,0",,,,,,,,,,,,,N,0,0,1,0,1.0,FF,1.0,,SL1,,2021/02/12 08:00:00,2021/02/17 16:28:00,146280,,,,,,,
249,DK,K7268,OD6B-M-8ERS,30.0,16,78-405A300,1,25110,20251022,2025-10-22 00:00:00,D405,2511,5,78,K7268,2025-10-16 00:00:00,,2025-10-16 00:00:00,,2025-10-17 00:00:00,,,,2025-10-20 00:00:00,,2025-10-21 00:00:00,,2025-10-21 00:00:00,,,,F000005183,K7268:SL1:1,78-405A300        1611,K7268,,,1.0,2021-02-12 08:00:00,,2021-02-17 16:28:00,146280.0,,,,"M,FF,0",,,,,,,,,,,,,N,0,0,1,0,1.0,FF,1.0,,SL1,,2021/02/12 08:00:00,2021/02/17 16:28:00,146280,,,,,,,
25,DK,L012,OD6B-M-8MES,34.0,32,478-409AA340,1,25116,20251106,2025-11-07 00:00:00,D409,2511,4,478,L012,2025-10-30 00:00:00,,2025-10-30 00:00:00,,2025-10-31 00:00:00,,,,2025-11-04 00:00:00,,2025-11-05 00:00:00,,2025-11-06 00:00:00,,,,F000002957,L012:SL1:1,78-405A340        3211,L012,,,1.0,2021-02-12 08:00:00,,2021-02-22 09:54:00,244440.0,,,,"M,BL,0",,,,,,,,,,,,,N,0,0,1,0,1.0,BL,1.0,,SL1,,2021/02/12 08:00:00,2021/02/22 09:54:00,244440,,,,,,,
250,DK,K7269,OD6B-M-8ERS,30.0,16,78-405A300,1,25110,20251022,2025-10-22 00:00:00,D405,2511,5,78,K7269,2025-10-16 00:00:00,,2025-10-16 00:00:00,,2025-10-17 00:00:00,,,,2025-10-20 00:00:00,,2025-10-21 00:00:00,,2025-10-21 00:00:00,,,,F000005184,K7269:SL1:1,78-405A300        1611,K7269,,,1.0,2021-02-12 08:00:00,,2021-02-17 16:28:00,146280.0,,,,"M,FF,0",,,,,,,,,,,,,N,0,0,1,0,1.0,FF,1.0,,SL1,,2021/02/12 08:00:00,2021/02/17 16:28:00,146280,,,,,,,
251,DK,K7269,OD6B-M-8ERS,30.0,16,478-409AA300,1,25110,20251022,2025-10-22 00:00:00,D409,2511,5,478,K7269,2025-10-16 00:00:00,,2025-10-16 00:00:00,,2025-10-17 00:00:00,,,,2025-10-20 00:00:00,,2025-10-21 00:00:00,,2025-10-21 00:00:00,,,,F000005185,K7269:SL1:1,78-405A300        1611,K7269,,,1.0,2021-02-12 08:00:00,,2021-02-17 16:28:00,146280.0,,,,"M,FF,0",,,,,,,,,,,,,N,0,0,1,0,1.0,FF,1.0,,SL1,,2021/02/12 08:00:00,2021/02/17 16:28:00,146280,,,,,,,
252,DK,K7270,OD6B-M-8ERS,30.0,24,78-405A300,1,25110,20251029,2025-10-29 00:00:00,D405,2511,5,78,K7270,2025-10-23 00:00:00,,2025-10-23 00:00:00,,2025-10-24 00:00:00,,,,2025-10-27 00:00:00,,2025-10-28 00:00:00,,2025-10-28 00:00:00,,,,F000005186,K7270:SL1:1,78-405A300        2411,K7270,,,1.0,2021-02-12 08:00:00,,2021-02-18 13:44:00,176040.0,,,,"M,FF,0",,,,,,,,,,,,,N,0,0,1,0,1.0,FF,1.0,,SL1,,2021/02/12 08:00:00,2021/02/18 13:44:00,176040,,,,,,,
253,DK,K7270,OD6B-M-8ERS,30.0,24,478-409AA300,1,25110,20251029,2025-10-29 00:00:00,D409,2511,5,478,K7270,2025-10-23 00:00:00,,2025-10-23 00:00:00,,2025-10-24 00:00:00,,,,2025-10-27 00:00:00,,2025-10-28 00:00:00,,2025-10-28 00:00:00,,,,F000005187,K7270:SL1:1,78-405A300        2411,K7270,,,1.0,2021-02-12 08:00:00,,2021-02-18 13:44:00,176040.0,,,,"M,FF,0",,,,,,,,,,,,,N,0,0,1,0,1.0,FF,1.0,,SL1,,2021/02/12 08:00:00,2021/02/18 13:44:00,176040,,,,,,,
254,DK,K7271,OD6B-M-8ERS,30.0,24,478-409AA300,1,25110,20251029,2025-10-29 00:00:00,D409,2511,5,478,K7271,2025-10-23 00:00:00,,2025-10-23 00:00:00,,2025-10-24 00:00:00,,,,2025-10-27 00:00:00,,2025-10-28 00:00:00,,2025-10-28 00:00:00,,,,F000005188,K7271:SL1:1,78-405A300        2411,K7271,,,1.0,2021-02-12 08:00:00,,2021-02-18 13:44:00,176040.0,,,,"M,FF,0",,,,,,,,,,,,,N,0,0,1,0,1.0,FF,1.0,,SL1,,2021/02/12 08:00:00,2021/02/18 13:44:00,176040,,,,,,,
255,DK,K7271,OD6B-M-8ERS,30.0,24,78-405A300,1,25110,20251029,2025-10-29 00:00:00,D405,2511,5,78,K7271,2025-10-23 00:00:00,,2025-10-23 00:00:00,,2025-10-24 00:00:00,,,,2025-10-27 00:00:00,,2025-10-28 00:00:00,,2025-10-28 00:00:00,,,,F000005189,K7271:SL1:1,78-405A300        2411,K7271,,,1.0,2021-02-12 08:00:00,,2021-02-18 13:44:00,176040.0,,,,"M,FF,0",,,,,,,,,,,,,N,0,0,1,0,1.0,FF,1.0,,SL1,,2021/02/12 08:00:00,2021/02/18 13:44:00,176040,,,,,,,
256,DK,K7272,OD6B-M-8ERS,30.0,24,478-409AA300,1,25110,20251029,2025-10-29 00:00:00,D409,2511,5,478,K7272,2025-10-23 00:00:00,,2025-10-23 00:00:00,,2025-10-24 00:00:00,,,,2025-10-27 00:00:00,,2025-10-28 00:00:00,,2025-10-28 00:00:00,,,,F000005190,K7272:SL1:1,78-405A300        2411,K7272,,,1.0,2021-02-12 08:00:00,,2021-02-18 13:44:00,176040.0,,,,"M,FF,0",,,,,,,,,,,,,N,0,0,1,0,1.0,FF,1.0,,SL1,,2021/02/12 08:00:00,2021/02/18 13:44:00,176040,,,,,,,
257,DK,K7272,OD6B-M-8ERS,30.0,24,78-405A300,1,25110,20251029,2025-10-29 00:00:00,D405,2511,5,78,K7272,2025-10-23 00:00:00,,2025-10-23 00:00:00,,2025-10-24 00:00:00,,,,2025-10-27 00:00:00,,2025-10-28 00:00:00,,2025-10-28 00:00:00,,,,F000005191,K7272:SL1:1,78-405A300        2411,K7272,,,1.0,2021-02-12 08:00:00,,2021-02-18 13:44:00,176040.0,,,,"M,FF,0",,,,,,,,,,,,,N,0,0,1,0,1.0,FF,1.0,,SL1,,2021/02/12 08:00:00,2021/02/18 13:44:00,176040,,,,,,,
258,DK,K7273,OD6B-M-8ERS,30.0,24,478-409AA300,1,25110,20251029,2025-10-29 00:00:00,D409,2511,5,478,K7273,2025-10-23 00:00:00,,2025-10-23 00:00:00,,2025-10-24 00:00:00,,,,2025-10-27 00:00:00,,2025-10-28 00:00:00,,2025-10-28 00:00:00,,,,F000005192,K7273:SL1:1,78-405A300        2411,K7273,,,1.0,2021-02-12 08:00:00,,2021-02-18 13:44:00,176040.0,,,,"M,FF,0",,,,,,,,,,,,,N,0,0,1,0,1.0,FF,1.0,,SL1,,2021/02/12 08:00:00,2021/02/18 13:44:00,176040,,,,,,,
259,DK,K7273,OD6B-M-8ERS,30.0,24,78-405A300,1,25110,20251029,2025-10-29 00:00:00,D405,2511,5,78,K7273,2025-10-23 00:00:00,,2025-10-23 00:00:00,,2025-10-24 00:00:00,,,,2025-10-27 00:00:00,,2025-10-28 00:00:00,,2025-10-28 00:00:00,,,,F000005193,K7273:SL1:1,78-405A300        2411,K7273,,,1.0,2021-02-12 08:00:00,,2021-02-18 13:44:00,176040.0,,,,"M,FF,0",,,,,,,,,,,,,N,0,0,1,0,1.0,FF,1.0,,SL1,,2021/02/12 08:00:00,2021/02/18 13:44:00,176040,,,,,,,
26,DK,L012,OD6B-M-8MES,34.0,32,78-405A340,1,25116,20251106,2025-11-07 00:00:00,D405,2511,4,78,L012,2025-10-30 00:00:00,,2025-10-30 00:00:00,,2025-10-31 00:00:00,,,,2025-11-04 00:00:00,,2025-11-05 00:00:00,,2025-11-06 00:00:00,,,,F000002958,L012:SL1:1,78-405A340        3211,L012,,,1.0,2021-02-12 08:00:00,,2021-02-22 09:54:00,244440.0,,,,"M,BL,0",,,,,,,,,,,,,N,0,0,1,0,1.0,BL,1.0,,SL1,,2021/02/12 08:00:00,2021/02/22 09:54:00,244440,,,,,,,
260,DK,K7274,OD6B-M-8ERS,30.0,24,478-409AA300,1,25110,20251029,2025-10-29 00:00:00,D409,2511,5,478,K7274,2025-10-23 00:00:00,,2025-10-23 00:00:00,,2025-10-24 00:00:00,,,,2025-10-27 00:00:00,,2025-10-28 00:00:00,,2025-10-28 00:00:00,,,,F000005194,K7274:SL1:1,78-405A300        2411,K7274,,,1.0,2021-02-12 08:00:00,,2021-02-18 13:44:00,176040.0,,,,"M,FF,0",,,,,,,,,,,,,N,0,0,1,0,1.0,FF,1.0,,SL1,,2021/02/12 08:00:00,2021/02/18 13:44:00,176040,,,,,,,
261,DK,K7274,OD6B-M-8ERS,30.0,24,78-405A300,1,25110,20251029,2025-10-29 00:00:00,D405,2511,5,78,K7274,2025-10-23 00:00:00,,2025-10-23 00:00:00,,2025-10-24 00:00:00,,,,2025-10-27 00:00:00,,2025-10-28 00:00:00,,2025-10-28 00:00:00,,,,F000005195,K7274:SL1:1,78-405A300        2411,K7274,,,1.0,2021-02-12 08:00:00,,2021-02-18 13:44:00,176040.0,,,,"M,FF,0",,,,,,,,,,,,,N,0,0,1,0,1.0,FF,1.0,,SL1,,2021/02/12 08:00:00,2021/02/18 13:44:00,176040,,,,,,,
262,DK,K7275,OD6B-M-8ERS,30.0,24,78-405A300,1,25110,20251029,2025-10-29 00:00:00,D405,2511,5,78,K7275,2025-10-23 00:00:00,,2025-10-23 00:00:00,,2025-10-24 00:00:00,,,,2025-10-27 00:00:00,,2025-10-28 00:00:00,,2025-10-28 00:00:00,,,,F000005196,K7275:SL1:1,78-405A300        2411,K7275,,,1.0,2021-02-12 08:00:00,,2021-02-18 13:44:00,176040.0,,,,"M,FF,0",,,,,,,,,,,,,N,0,0,1,0,1.0,FF,1.0,,SL1,,2021/02/12 08:00:00,2021/02/18 13:44:00,176040,,,,,,,
263,DK,K7275,OD6B-M-8ERS,30.0,24,478-409AA300,1,25110,20251029,2025-10-29 00:00:00,D409,2511,5,478,K7275,2025-10-23 00:00:00,,2025-10-23 00:00:00,,2025-10-24 00:00:00,,,,2025-10-27 00:00:00,,2025-10-28 00:00:00,,2025-10-28 00:00:00,,,,F000005197,K7275:SL1:1,78-405A300        2411,K7275,,,1.0,2021-02-12 08:00:00,,2021-02-18 13:44:00,176040.0,,,,"M,FF,0",,,,,,,,,,,,,N,0,0,1,0,1.0,FF,1.0,,SL1,,2021/02/12 08:00:00,2021/02/18 13:44:00,176040,,,,,,,
264,DK,K7276,OD6B-M-8ERS,30.0,24,78-405A300,1,25110,20251029,2025-10-29 00:00:00,D405,2511,5,78,K7276,2025-10-23 00:00:00,,2025-10-23 00:00:00,,2025-10-24 00:00:00,,,,2025-10-27 00:00:00,,2025-10-28 00:00:00,,2025-10-28 00:00:00,,,,F000005198,K7276:SL1:1,78-405A300        2411,K7276,,,1.0,2021-02-12 08:00:00,,2021-02-18 13:44:00,176040.0,,,,"M,FF,0",,,,,,,,,,,,,N,0,0,1,0,1.0,FF,1.0,,SL1,,2021/02/12 08:00:00,2021/02/18 13:44:00,176040,,,,,,,
265,DK,K7276,OD6B-M-8ERS,30.0,24,478-409AA300,1,25110,20251029,2025-10-29 00:00:00,D409,2511,5,478,K7276,2025-10-23 00:00:00,,2025-10-23 00:00:00,,2025-10-24 00:00:00,,,,2025-10-27 00:00:00,,2025-10-28 00:00:00,,2025-10-28 00:00:00,,,,F000005199,K7276:SL1:1,78-405A300        2411,K7276,,,1.0,2021-02-12 08:00:00,,2021-02-18 13:44:00,176040.0,,,,"M,FF,0",,,,,,,,,,,,,N,0,0,1,0,1.0,FF,1.0,,SL1,,2021/02/12 08:00:00,2021/02/18 13:44:00,176040,,,,,,,
266,DK,K7277,OD6B-M-8ERS,30.0,24,78-405A300,1,25110,20251029,2025-10-29 00:00:00,D405,2511,5,78,K7277,2025-10-23 00:00:00,,2025-10-23 00:00:00,,2025-10-24 00:00:00,,,,2025-10-27 00:00:00,,2025-10-28 00:00:00,,2025-10-28 00:00:00,,,,F000005200,K7277:SL1:1,78-405A300        2411,K7277,,,1.0,2021-02-12 08:00:00,,2021-02-18 13:44:00,176040.0,,,,"M,FF,0",,,,,,,,,,,,,N,0,0,1,0,1.0,FF,1.0,,SL1,,2021/02/12 08:00:00,2021/02/18 13:44:00,176040,,,,,,,
267,DK,K7277,OD6B-M-8ERS,30.0,24,478-409AA300,1,25110,20251029,2025-10-29 00:00:00,D409,2511,5,478,K7277,2025-10-23 00:00:00,,2025-10-23 00:00:00,,2025-10-24 00:00:00,,,,2025-10-27 00:00:00,,2025-10-28 00:00:00,,2025-10-28 00:00:00,,,,F000005201,K7277:SL1:1,78-405A300        2411,K7277,,,1.0,2021-02-12 08:00:00,,2021-02-18 13:44:00,176040.0,,,,"M,FF,0",,,,,,,,,,,,,N,0,0,1,0,1.0,FF,1.0,,SL1,,2021/02/12 08:00:00,2021/02/18 13:44:00,176040,,,,,,,
268,DK,K7278,OD6B-M-8ERS,30.0,24,478-409AA300,1,25110,20251029,2025-10-29 00:00:00,D409,2511,5,478,K7278,2025-10-23 00:00:00,,2025-10-23 00:00:00,,2025-10-24 00:00:00,,,,2025-10-27 00:00:00,,2025-10-28 00:00:00,,2025-10-28 00:00:00,,,,F000005202,K7278:SL1:1,78-405A300        2411,K7278,,,1.0,2021-02-12 08:00:00,,2021-02-18 13:44:00,176040.0,,,,"M,FF,0",,,,,,,,,,,,,N,0,0,1,0,1.0,FF,1.0,,SL1,,2021/02/12 08:00:00,2021/02/18 13:44:00,176040,,,,,,,
269,DK,K7278,OD6B-M-8ERS,30.0,24,78-405A300,1,25110,20251029,2025-10-29 00:00:00,D405,2511,5,78,K7278,2025-10-23 00:00:00,,2025-10-23 00:00:00,,2025-10-24 00:00:00,,,,2025-10-27 00:00:00,,2025-10-28 00:00:00,,2025-10-28 00:00:00,,,,F000005203,K7278:SL1:1,78-405A300        2411,K7278,,,1.0,2021-02-12 08:00:00,,2021-02-18 13:44:00,176040.0,,,,"M,FF,0",,,,,,,,,,,,,N,0,0,1,0,1.0,FF,1.0,,SL1,,2021/02/12 08:00:00,2021/02/18 13:44:00,176040,,,,,,,
27,DK,L013,OD6B-M-8MES,34.0,32,78-405A340,1,25116,20251106,2025-11-07 00:00:00,D405,2511,4,78,L013,2025-10-30 00:00:00,,2025-10-30 00:00:00,,2025-10-31 00:00:00,,,,2025-11-04 00:00:00,,2025-11-05 00:00:00,,2025-11-06 00:00:00,,,,F000002996,L013:SL1:1,78-405A340        3211,L013,,,1.0,2021-02-12 08:00:00,,2021-02-22 09:54:00,244440.0,,,,"M,BL,0",,,,,,,,,,,,,N,0,0,1,0,1.0,BL,1.0,,SL1,,2021/02/12 08:00:00,2021/02/22 09:54:00,244440,,,,,,,
270,DK,K7279,OD6B-M-8ERS,30.0,24,478-409AA300,1,25110,20251029,2025-10-29 00:00:00,D409,2511,5,478,K7279,2025-10-23 00:00:00,,2025-10-23 00:00:00,,2025-10-24 00:00:00,,,,2025-10-27 00:00:00,,2025-10-28 00:00:00,,2025-10-28 00:00:00,,,,F000005204,K7279:SL1:1,78-405A300        2411,K7279,,,1.0,2021-02-12 08:00:00,,2021-02-18 13:44:00,176040.0,,,,"M,FF,0",,,,,,,,,,,,,N,0,0,1,0,1.0,FF,1.0,,SL1,,2021/02/12 08:00:00,2021/02/18 13:44:00,176040,,,,,,,
271,DK,K7279,OD6B-M-8ERS,30.0,24,78-405A300,1,25110,20251029,2025-10-29 00:00:00,D405,2511,5,78,K7279,2025-10-23 00:00:00,,2025-10-23 00:00:00,,2025-10-24 00:00:00,,,,2025-10-27 00:00:00,,2025-10-28 00:00:00,,2025-10-28 00:00:00,,,,F000005205,K7279:SL1:1,78-405A300        2411,K7279,,,1.0,2021-02-12 08:00:00,,2021-02-18 13:44:00,176040.0,,,,"M,FF,0",,,,,,,,,,,,,N,0,0,1,0,1.0,FF,1.0,,SL1,,2021/02/12 08:00:00,2021/02/18 13:44:00,176040,,,,,,,
272,DK,K7280,OD6B-M-8ERS,34.0,18,478-409AA340,1,25110,20251112,2025-11-12 00:00:00,D409,2511,5,478,K7280,2025-11-06 00:00:00,,2025-11-06 00:00:00,,2025-11-07 00:00:00,,,,2025-11-10 00:00:00,,2025-11-11 00:00:00,,2025-11-11 00:00:00,,,,F000005206,K7280:SL1:1,78-405A340        1811,K7280,,,1.0,2021-02-22 11:25:00,,2021-02-27 20:00:00,185700.0,,,,"M,HH,0",,,,,,,,,,,,,N,0,0,1,0,1.0,HH,1.0,,SL1,,2021/02/22 11:25:00,2021/02/27 20:00:00,185700,,,,,,,
273,DK,K7280,OD6B-M-8ERS,34.0,18,78-405A340,1,25110,20251112,2025-11-12 00:00:00,D405,2511,5,78,K7280,2025-11-06 00:00:00,,2025-11-06 00:00:00,,2025-11-07 00:00:00,,,,2025-11-10 00:00:00,,2025-11-11 00:00:00,,2025-11-11 00:00:00,,,,F000005207,K7280:SL1:1,78-405A340        1811,K7280,,,1.0,2021-02-22 11:25:00,,2021-02-27 20:00:00,185700.0,,,,"M,HH,0",,,,,,,,,,,,,N,0,0,1,0,1.0,HH,1.0,,SL1,,2021/02/22 11:25:00,2021/02/27 20:00:00,185700,,,,,,,
274,DK,K7281,OD6B-M-8ERS,34.0,18,78-405A340,1,25110,20251112,2025-11-12 00:00:00,D405,2511,5,78,K7281,2025-11-06 00:00:00,,2025-11-06 00:00:00,,2025-11-07 00:00:00,,,,2025-11-10 00:00:00,,2025-11-11 00:00:00,,2025-11-11 00:00:00,,,,F000005208,K7281:SL1:1,78-405A340        1811,K7281,,,1.0,2021-02-22 11:25:00,,2021-02-27 20:00:00,185700.0,,,,"M,YS,0",,,,,,,,,,,,,N,0,0,1,0,1.0,YS,1.0,,SL1,,2021/02/22 11:25:00,2021/02/27 20:00:00,185700,,,,,,,
275,DK,K7281,OD6B-M-8ERS,34.0,18,478-409AA340,1,25110,20251112,2025-11-12 00:00:00,D409,2511,5,478,K7281,2025-11-06 00:00:00,,2025-11-06 00:00:00,,2025-11-07 00:00:00,,,,2025-11-10 00:00:00,,2025-11-11 00:00:00,,2025-11-11 00:00:00,,,,F000005209,K7281:SL1:1,78-405A340        1811,K7281,,,1.0,2021-02-22 11:25:00,,2021-02-27 20:00:00,185700.0,,,,"M,YS,0",,,,,,,,,,,,,N,0,0,1,0,1.0,YS,1.0,,SL1,,2021/02/22 11:25:00,2021/02/27 20:00:00,185700,,,,,,,
276,DK,K7282,OD6B-M-8ERS,34.0,18,78-405A340,1,25110,20251112,2025-11-12 00:00:00,D405,2511,5,78,K7282,2025-11-06 00:00:00,,2025-11-06 00:00:00,,2025-11-07 00:00:00,,,,2025-11-10 00:00:00,,2025-11-11 00:00:00,,2025-11-11 00:00:00,,,,F000005210,K7282:SL1:1,78-405A340        1811,K7282,,,1.0,2021-02-22 11:25:00,,2021-02-27 20:00:00,185700.0,,,,"M,S,0",,,,,,,,,,,,,N,0,0,1,0,1.0,S,1.0,,SL1,,2021/02/22 11:25:00,2021/02/27 20:00:00,185700,,,,,,,
277,DK,K7282,OD6B-M-8ERS,34.0,18,478-409AA340,1,25110,20251112,2025-11-12 00:00:00,D409,2511,5,478,K7282,2025-11-06 00:00:00,,2025-11-06 00:00:00,,2025-11-07 00:00:00,,,,2025-11-10 00:00:00,,2025-11-11 00:00:00,,2025-11-11 00:00:00,,,,F000005211,K7282:SL1:1,78-405A340        1811,K7282,,,1.0,2021-02-22 11:25:00,,2021-02-27 20:00:00,185700.0,,,,"M,S,0",,,,,,,,,,,,,N,0,0,1,0,1.0,S,1.0,,SL1,,2021/02/22 11:25:00,2021/02/27 20:00:00,185700,,,,,,,
278,DK,K7283,OD6B-M-8ERS,34.0,18,78-405A340,1,25110,20251112,2025-11-12 00:00:00,D405,2511,5,78,K7283,2025-11-06 00:00:00,,2025-11-06 00:00:00,,2025-11-07 00:00:00,,,,2025-11-10 00:00:00,,2025-11-11 00:00:00,,2025-11-11 00:00:00,,,,F000005212,K7283:SL1:1,78-405A340        1811,K7283,,,1.0,2021-02-15 15:40:00,,2021-02-22 11:25:00,185700.0,,,,"M,HH,0",,,,,,,,,,,,,N,0,0,1,0,1.0,HH,1.0,,SL1,,2021/02/15 15:40:00,2021/02/22 11:25:00,185700,,,,,,,
279,DK,K7283,OD6B-M-8ERS,34.0,18,478-409AA340,1,25110,20251112,2025-11-12 00:00:00,D409,2511,5,478,K7283,2025-11-06 00:00:00,,2025-11-06 00:00:00,,2025-11-07 00:00:00,,,,2025-11-10 00:00:00,,2025-11-11 00:00:00,,2025-11-11 00:00:00,,,,F000005213,K7283:SL1:1,78-405A340        1811,K7283,,,1.0,2021-02-15 15:40:00,,2021-02-22 11:25:00,185700.0,,,,"M,HH,0",,,,,,,,,,,,,N,0,0,1,0,1.0,HH,1.0,,SL1,,2021/02/15 15:40:00,2021/02/22 11:25:00,185700,,,,,,,
28,DK,L013,OD6B-M-8MES,34.0,32,478-409AA340,1,25116,20251106,2025-11-07 00:00:00,D409,2511,4,478,L013,2025-10-30 00:00:00,,2025-10-30 00:00:00,,2025-10-31 00:00:00,,,,2025-11-04 00:00:00,,2025-11-05 00:00:00,,2025-11-06 00:00:00,,,,F000002997,L013:SL1:1,78-405A340        3211,L013,,,1.0,2021-02-12 08:00:00,,2021-02-22 09:54:00,244440.0,,,,"M,BL,0",,,,,,,,,,,,,N,0,0,1,0,1.0,BL,1.0,,SL1,,2021/02/12 08:00:00,2021/02/22 09:54:00,244440,,,,,,,
280,DK,K7284,OD6B-M-8ERS,34.0,18,478-409AA340,1,25110,20251112,2025-11-12 00:00:00,D409,2511,5,478,K7284,2025-11-06 00:00:00,,2025-11-06 00:00:00,,2025-11-07 00:00:00,,,,2025-11-10 00:00:00,,2025-11-11 00:00:00,,2025-11-11 00:00:00,,,,F000005214,K7284:SL1:1,78-405A340        1811,K7284,,,1.0,2021-02-15 15:40:00,,2021-02-22 11:25:00,185700.0,,,,"M,YS,0",,,,,,,,,,,,,N,0,0,1,0,1.0,YS,1.0,,SL1,,2021/02/15 15:40:00,2021/02/22 11:25:00,185700,,,,,,,
281,DK,K7284,OD6B-M-8ERS,34.0,18,78-405A340,1,25110,20251112,2025-11-12 00:00:00,D405,2511,5,78,K7284,2025-11-06 00:00:00,,2025-11-06 00:00:00,,2025-11-07 00:00:00,,,,2025-11-10 00:00:00,,2025-11-11 00:00:00,,2025-11-11 00:00:00,,,,F000005215,K7284:SL1:1,78-405A340        1811,K7284,,,1.0,2021-02-15 15:40:00,,2021-02-22 11:25:00,185700.0,,,,"M,YS,0",,,,,,,,,,,,,N,0,0,1,0,1.0,YS,1.0,,SL1,,2021/02/15 15:40:00,2021/02/22 11:25:00,185700,,,,,,,
282,DK,K7317,M-9ME22,30.0,32,478-409AA300,1,25110,20251112,2025-11-12 00:00:00,D409,2511,5,478,K7317,2025-11-05 00:00:00,,2025-11-05 00:00:00,,2025-11-06 00:00:00,,,,2025-11-07 00:00:00,,2025-11-10 00:00:00,,2025-11-11 00:00:00,,,,F000005216,K7317:SL1:1,78-405A300        3211,K7317,,,1.0,2021-02-19 19:20:00,,2021-02-27 20:00:00,200400.0,,,,"M,PW,0",,,,,,,,,,,,,N,0,0,1,0,1.0,PW,1.0,,SL1,,2021/02/19 19:20:00,2021/02/27 20:00:00,200400,,,,,,,
283,DK,K7317,M-9ME22,30.0,32,78-405A300,1,25110,20251112,2025-11-12 00:00:00,D405,2511,5,78,K7317,2025-11-05 00:00:00,,2025-11-05 00:00:00,,2025-11-06 00:00:00,,,,2025-11-07 00:00:00,,2025-11-10 00:00:00,,2025-11-11 00:00:00,,,,F000005217,K7317:SL1:1,78-405A300        3211,K7317,,,1.0,2021-02-19 19:20:00,,2021-02-27 20:00:00,200400.0,,,,"M,PW,0",,,,,,,,,,,,,N,0,0,1,0,1.0,PW,1.0,,SL1,,2021/02/19 19:20:00,2021/02/27 20:00:00,200400,,,,,,,
284,DK,K7318,M-9ME22,30.0,32,478-409AA300,1,25110,20251112,2025-11-12 00:00:00,D409,2511,5,478,K7318,2025-11-05 00:00:00,,2025-11-05 00:00:00,,2025-11-06 00:00:00,,,,2025-11-07 00:00:00,,2025-11-10 00:00:00,,2025-11-11 00:00:00,,,,F000005218,K7318:SL1:1,78-405A300        3211,K7318,,,1.0,2021-02-19 19:20:00,,2021-02-27 20:00:00,200400.0,,,,"M,BB,0",,,,,,,,,,,,,N,0,0,1,0,1.0,BB,1.0,,SL1,,2021/02/19 19:20:00,2021/02/27 20:00:00,200400,,,,,,,
285,DK,K7318,M-9ME22,30.0,32,78-405A300,1,25110,20251112,2025-11-12 00:00:00,D405,2511,5,78,K7318,2025-11-05 00:00:00,,2025-11-05 00:00:00,,2025-11-06 00:00:00,,,,2025-11-07 00:00:00,,2025-11-10 00:00:00,,2025-11-11 00:00:00,,,,F000005219,K7318:SL1:1,78-405A300        3211,K7318,,,1.0,2021-02-19 19:20:00,,2021-02-27 20:00:00,200400.0,,,,"M,BB,0",,,,,,,,,,,,,N,0,0,1,0,1.0,BB,1.0,,SL1,,2021/02/19 19:20:00,2021/02/27 20:00:00,200400,,,,,,,
286,DK,K7319,M-9ME22,30.0,32,478-409AA300,1,25110,20251112,2025-11-12 00:00:00,D409,2511,5,478,K7319,2025-11-05 00:00:00,,2025-11-05 00:00:00,,2025-11-06 00:00:00,,,,2025-11-07 00:00:00,,2025-11-10 00:00:00,,2025-11-11 00:00:00,,,,F000005220,K7319:SL1:1,78-405A300        3211,K7319,,,1.0,2021-02-19 19:20:00,,2021-02-27 20:00:00,200400.0,,,,"M,GG,0",,,,,,,,,,,,,N,0,0,1,0,1.0,GG,1.0,,SL1,,2021/02/19 19:20:00,2021/02/27 20:00:00,200400,,,,,,,
287,DK,K7319,M-9ME22,30.0,32,78-405A300,1,25110,20251112,2025-11-12 00:00:00,D405,2511,5,78,K7319,2025-11-05 00:00:00,,2025-11-05 00:00:00,,2025-11-06 00:00:00,,,,2025-11-07 00:00:00,,2025-11-10 00:00:00,,2025-11-11 00:00:00,,,,F000005221,K7319:SL1:1,78-405A300        3211,K7319,,,1.0,2021-02-19 19:20:00,,2021-02-27 20:00:00,200400.0,,,,"M,GG,0",,,,,,,,,,,,,N,0,0,1,0,1.0,GG,1.0,,SL1,,2021/02/19 19:20:00,2021/02/27 20:00:00,200400,,,,,,,
29,DK,L014,OD6B-M-8MES,34.0,32,478-409AA340,1,25116,20251106,2025-11-07 00:00:00,D409,2511,4,478,L014,2025-10-30 00:00:00,,2025-10-30 00:00:00,,2025-10-31 00:00:00,,,,2025-11-04 00:00:00,,2025-11-05 00:00:00,,2025-11-06 00:00:00,,,,F000003033,L014:SL1:1,78-405A340        3211,L014,,,1.0,2021-02-12 08:00:00,,2021-02-22 09:54:00,244440.0,,,,"M,BL,0",,,,,,,,,,,,,N,0,0,1,0,1.0,BL,1.0,,SL1,,2021/02/12 08:00:00,2021/02/22 09:54:00,244440,,,,,,,
3,DK,L001,OD6B-M-7ES,30.0,32,78-405A300,1,25112,20251022,2025-10-23 00:00:00,D405,2511,4,78,L001,2025-10-16 00:00:00,,2025-10-16 00:00:00,,2025-10-17 00:00:00,,,,2025-10-20 00:00:00,,2025-10-21 00:00:00,,2025-10-22 00:00:00,,,,F000002540,L001:SL1:1,78-405A300        3211,L001,,,1.0,2021-02-12 08:00:00,,2021-02-19 08:40:00,200400.0,,,,"M,FF,0",,,,,,,,,,,,,N,0,0,1,0,1.0,FF,1.0,,SL1,,2021/02/12 08:00:00,2021/02/19 08:40:00,200400,,,,,,,
30,DK,L014,OD6B-M-8MES,34.0,32,78-405A340,1,25116,20251106,2025-11-07 00:00:00,D405,2511,4,78,L014,2025-10-30 00:00:00,,2025-10-30 00:00:00,,2025-10-31 00:00:00,,,,2025-11-04 00:00:00,,2025-11-05 00:00:00,,2025-11-06 00:00:00,,,,F000003034,L014:SL1:1,78-405A340        3211,L014,,,1.0,2021-02-12 08:00:00,,2021-02-22 09:54:00,244440.0,,,,"M,BL,0",,,,,,,,,,,,,N,0,0,1,0,1.0,BL,1.0,,SL1,,2021/02/12 08:00:00,2021/02/22 09:54:00,244440,,,,,,,
31,DK,L015,OD6B-M-8MES,34.0,32,478-409AA340,1,25116,20251106,2025-11-07 00:00:00,D409,2511,4,478,L015,2025-10-30 00:00:00,,2025-10-30 00:00:00,,2025-10-31 00:00:00,,,,2025-11-04 00:00:00,,2025-11-05 00:00:00,,2025-11-06 00:00:00,,,,F000003071,L015:SL1:1,78-405A340        3211,L015,,,1.0,2021-02-12 08:00:00,,2021-02-22 09:54:00,244440.0,,,,"M,BL,0",,,,,,,,,,,,,N,0,0,1,0,1.0,BL,1.0,,SL1,,2021/02/12 08:00:00,2021/02/22 09:54:00,244440,,,,,,,
32,DK,L015,OD6B-M-8MES,34.0,32,78-405A340,1,25116,20251106,2025-11-07 00:00:00,D405,2511,4,78,L015,2025-10-30 00:00:00,,2025-10-30 00:00:00,,2025-10-31 00:00:00,,,,2025-11-04 00:00:00,,2025-11-05 00:00:00,,2025-11-06 00:00:00,,,,F000003073,L015:SL1:1,78-405A340        3211,L015,,,1.0,2021-02-12 08:00:00,,2021-02-22 09:54:00,244440.0,,,,"M,BL,0",,,,,,,,,,,,,N,0,0,1,0,1.0,BL,1.0,,SL1,,2021/02/12 08:00:00,2021/02/22 09:54:00,244440,,,,,,,
33,DK,L016,OD6B-M-8MES,34.0,32,478-409AA340,1,25117,20251110,2025-11-11 00:00:00,D409,2511,4,478,L016,2025-11-04 00:00:00,,2025-11-04 00:00:00,,2025-11-05 00:00:00,,,,2025-11-06 00:00:00,,2025-11-07 00:00:00,,2025-11-10 00:00:00,,,,F000003109,L016:SL1:1,78-405A340        3211,L016,,,1.0,2021-02-12 09:31:00,,2021-02-22 11:25:00,244440.0,,,,"M,S,0",,,,,,,,,,,,,N,0,0,1,0,1.0,S,1.0,,SL1,,2021/02/12 09:31:00,2021/02/22 11:25:00,244440,,,,,,,
34,DK,L016,OD6B-M-8MES,34.0,32,78-405A340,1,25117,20251110,2025-11-11 00:00:00,D405,2511,4,78,L016,2025-11-04 00:00:00,,2025-11-04 00:00:00,,2025-11-05 00:00:00,,,,2025-11-06 00:00:00,,2025-11-07 00:00:00,,2025-11-10 00:00:00,,,,F000003111,L016:SL1:1,78-405A340        3211,L016,,,1.0,2021-02-12 09:31:00,,2021-02-22 11:25:00,244440.0,,,,"M,S,0",,,,,,,,,,,,,N,0,0,1,0,1.0,S,1.0,,SL1,,2021/02/12 09:31:00,2021/02/22 11:25:00,244440,,,,,,,
35,DK,L017,OD6B-M-8MES,34.0,32,78-405A340,1,25117,20251110,2025-11-11 00:00:00,D405,2511,4,78,L017,2025-11-04 00:00:00,,2025-11-04 00:00:00,,2025-11-05 00:00:00,,,,2025-11-06 00:00:00,,2025-11-07 00:00:00,,2025-11-10 00:00:00,,,,F000003147,L017:SL1:1,78-405A340        3211,L017,,,1.0,2021-02-12 08:00:00,,2021-02-22 09:54:00,244440.0,,,,"M,BL,0",,,,,,,,,,,,,N,0,0,1,0,1.0,BL,1.0,,SL1,,2021/02/12 08:00:00,2021/02/22 09:54:00,244440,,,,,,,
36,DK,L017,OD6B-M-8MES,34.0,32,478-409AA340,1,25117,20251110,2025-11-11 00:00:00,D409,2511,4,478,L017,2025-11-04 00:00:00,,2025-11-04 00:00:00,,2025-11-05 00:00:00,,,,2025-11-06 00:00:00,,2025-11-07 00:00:00,,2025-11-10 00:00:00,,,,F000003148,L017:SL1:1,78-405A340        3211,L017,,,1.0,2021-02-12 08:00:00,,2021-02-22 09:54:00,244440.0,,,,"M,BL,0",,,,,,,,,,,,,N,0,0,1,0,1.0,BL,1.0,,SL1,,2021/02/12 08:00:00,2021/02/22 09:54:00,244440,,,,,,,
37,DK,L018,OD6B-M-8MES,34.0,32,478-409AA340,1,25117,20251110,2025-11-11 00:00:00,D409,2511,4,478,L018,2025-11-04 00:00:00,,2025-11-04 00:00:00,,2025-11-05 00:00:00,,,,2025-11-06 00:00:00,,2025-11-07 00:00:00,,2025-11-10 00:00:00,,,,F000003185,L018:SL1:1,78-405A340        3211,L018,,,1.0,2021-02-12 08:00:00,,2021-02-22 09:54:00,244440.0,,,,"M,BL,0",,,,,,,,,,,,,N,0,0,1,0,1.0,BL,1.0,,SL1,,2021/02/12 08:00:00,2021/02/22 09:54:00,244440,,,,,,,
38,DK,L018,OD6B-M-8MES,34.0,32,78-405A340,1,25117,20251110,2025-11-11 00:00:00,D405,2511,4,78,L018,2025-11-04 00:00:00,,2025-11-04 00:00:00,,2025-11-05 00:00:00,,,,2025-11-06 00:00:00,,2025-11-07 00:00:00,,2025-11-10 00:00:00,,,,F000003186,L018:SL1:1,78-405A340        3211,L018,,,1.0,2021-02-12 08:00:00,,2021-02-22 09:54:00,244440.0,,,,"M,BL,0",,,,,,,,,,,,,N,0,0,1,0,1.0,BL,1.0,,SL1,,2021/02/12 08:00:00,2021/02/22 09:54:00,244440,,,,,,,
39,DK,L019,OD6B-M-8MES,34.0,32,78-405A340,1,25117,20251110,2025-11-11 00:00:00,D405,2511,4,78,L019,2025-11-04 00:00:00,,2025-11-04 00:00:00,,2025-11-05 00:00:00,,,,2025-11-06 00:00:00,,2025-11-07 00:00:00,,2025-11-10 00:00:00,,,,F000003223,L019:SL1:1,78-405A340        3211,L019,,,1.0,2021-02-12 08:00:00,,2021-02-22 09:54:00,244440.0,,,,"M,BL,0",,,,,,,,,,,,,N,0,0,1,0,1.0,BL,1.0,,SL1,,2021/02/12 08:00:00,2021/02/22 09:54:00,244440,,,,,,,
4,DK,L001,OD6B-M-7ES,30.0,32,478-409AA300,1,25112,20251022,2025-10-23 00:00:00,D409,2511,4,478,L001,2025-10-16 00:00:00,,2025-10-16 00:00:00,,2025-10-17 00:00:00,,,,2025-10-20 00:00:00,,2025-10-21 00:00:00,,2025-10-22 00:00:00,,,,F000002541,L001:SL1:1,78-405A300        3211,L001,,,1.0,2021-02-12 08:00:00,,2021-02-19 08:40:00,200400.0,,,,"M,FF,0",,,,,,,,,,,,,N,0,0,1,0,1.0,FF,1.0,,SL1,,2021/02/12 08:00:00,2021/02/19 08:40:00,200400,,,,,,,
40,DK,L019,OD6B-M-8MES,34.0,32,478-409AA340,1,25117,20251110,2025-11-11 00:00:00,D409,2511,4,478,L019,2025-11-04 00:00:00,,2025-11-04 00:00:00,,2025-11-05 00:00:00,,,,2025-11-06 00:00:00,,2025-11-07 00:00:00,,2025-11-10 00:00:00,,,,F000003225,L019:SL1:1,78-405A340        3211,L019,,,1.0,2021-02-12 08:00:00,,2021-02-22 09:54:00,244440.0,,,,"M,BL,0",,,,,,,,,,,,,N,0,0,1,0,1.0,BL,1.0,,SL1,,2021/02/12 08:00:00,2021/02/22 09:54:00,244440,,,,,,,
41,DK,L020,OD6B-M-8MES,34.0,32,478-409AA340,1,25117,20251110,2025-11-11 00:00:00,D409,2511,4,478,L020,2025-11-04 00:00:00,,2025-11-04 00:00:00,,2025-11-05 00:00:00,,,,2025-11-06 00:00:00,,2025-11-07 00:00:00,,2025-11-10 00:00:00,,,,F000003261,L020:SL1:1,78-405A340        3211,L020,,,1.0,2021-02-12 08:00:00,,2021-02-22 09:54:00,244440.0,,,,"M,BL,0",,,,,,,,,,,,,N,0,0,1,0,1.0,BL,1.0,,SL1,,2021/02/12 08:00:00,2021/02/22 09:54:00,244440,,,,,,,
42,DK,L020,OD6B-M-8MES,34.0,32,78-405A340,1,25117,20251110,2025-11-11 00:00:00,D405,2511,4,78,L020,2025-11-04 00:00:00,,2025-11-04 00:00:00,,2025-11-05 00:00:00,,,,2025-11-06 00:00:00,,2025-11-07 00:00:00,,2025-11-10 00:00:00,,,,F000003262,L020:SL1:1,78-405A340        3211,L020,,,1.0,2021-02-12 08:00:00,,2021-02-22 09:54:00,244440.0,,,,"M,BL,0",,,,,,,,,,,,,N,0,0,1,0,1.0,BL,1.0,,SL1,,2021/02/12 08:00:00,2021/02/22 09:54:00,244440,,,,,,,
43,DK,L021,OD6B-M-8ERS,30.0,28,78-405A300,1,25113,20251027,2025-10-28 00:00:00,D405,2511,4,78,L021,2025-10-22 00:00:00,,2025-10-22 00:00:00,,2025-10-23 00:00:00,,,,2025-10-24 00:00:00,,2025-10-27 00:00:00,,2025-10-27 00:00:00,,,,F000003299,L021:SL1:1,78-405A300        2811,L021,,,1.0,2021-02-12 08:00:00,,2021-02-19 08:40:00,200400.0,,,,"M,FF,0",,,,,,,,,,,,,N,0,0,1,0,1.0,FF,1.0,,SL1,,2021/02/12 08:00:00,2021/02/19 08:40:00,200400,,,,,,,
44,DK,L021,OD6B-M-8ERS,30.0,28,478-409AA300,1,25113,20251027,2025-10-28 00:00:00,D409,2511,4,478,L021,2025-10-22 00:00:00,,2025-10-22 00:00:00,,2025-10-23 00:00:00,,,,2025-10-24 00:00:00,,2025-10-27 00:00:00,,2025-10-27 00:00:00,,,,F000003300,L021:SL1:1,78-405A300        2811,L021,,,1.0,2021-02-12 08:00:00,,2021-02-19 08:40:00,200400.0,,,,"M,FF,0",,,,,,,,,,,,,N,0,0,1,0,1.0,FF,1.0,,SL1,,2021/02/12 08:00:00,2021/02/19 08:40:00,200400,,,,,,,
45,DK,L022,OD6B-M-8ERS,30.0,28,78-405A300,1,25113,20251027,2025-10-28 00:00:00,D405,2511,4,78,L022,2025-10-22 00:00:00,,2025-10-22 00:00:00,,2025-10-23 00:00:00,,,,2025-10-24 00:00:00,,2025-10-27 00:00:00,,2025-10-27 00:00:00,,,,F000003336,L022:SL1:1,78-405A300        2811,L022,,,1.0,2021-02-12 08:00:00,,2021-02-19 08:40:00,200400.0,,,,"M,FF,0",,,,,,,,,,,,,N,0,0,1,0,1.0,FF,1.0,,SL1,,2021/02/12 08:00:00,2021/02/19 08:40:00,200400,,,,,,,
46,DK,L022,OD6B-M-8ERS,30.0,28,478-409AA300,1,25113,20251027,2025-10-28 00:00:00,D409,2511,4,478,L022,2025-10-22 00:00:00,,2025-10-22 00:00:00,,2025-10-23 00:00:00,,,,2025-10-24 00:00:00,,2025-10-27 00:00:00,,2025-10-27 00:00:00,,,,F000003337,L022:SL1:1,78-405A300        2811,L022,,,1.0,2021-02-12 08:00:00,,2021-02-19 08:40:00,200400.0,,,,"M,FF,0",,,,,,,,,,,,,N,0,0,1,0,1.0,FF,1.0,,SL1,,2021/02/12 08:00:00,2021/02/19 08:40:00,200400,,,,,,,
47,DK,L023,OD6B-M-8ERS,30.0,28,478-409AA300,1,25113,20251027,2025-10-28 00:00:00,D409,2511,4,478,L023,2025-10-22 00:00:00,,2025-10-22 00:00:00,,2025-10-23 00:00:00,,,,2025-10-24 00:00:00,,2025-10-27 00:00:00,,2025-10-27 00:00:00,,,,F000003375,L023:SL1:1,78-405A300        2811,L023,,,1.0,2021-02-12 08:00:00,,2021-02-19 08:40:00,200400.0,,,,"M,FF,0",,,,,,,,,,,,,N,0,0,1,0,1.0,FF,1.0,,SL1,,2021/02/12 08:00:00,2021/02/19 08:40:00,200400,,,,,,,
48,DK,L023,OD6B-M-8ERS,30.0,28,78-405A300,1,25113,20251027,2025-10-28 00:00:00,D405,2511,4,78,L023,2025-10-22 00:00:00,,2025-10-22 00:00:00,,2025-10-23 00:00:00,,,,2025-10-24 00:00:00,,2025-10-27 00:00:00,,2025-10-27 00:00:00,,,,F000003376,L023:SL1:1,78-405A300        2811,L023,,,1.0,2021-02-12 08:00:00,,2021-02-19 08:40:00,200400.0,,,,"M,FF,0",,,,,,,,,,,,,N,0,0,1,0,1.0,FF,1.0,,SL1,,2021/02/12 08:00:00,2021/02/19 08:40:00,200400,,,,,,,
49,DK,L024,OD6B-M-8ERS,30.0,28,478-409AA300,1,25113,20251027,2025-10-28 00:00:00,D409,2511,4,478,L024,2025-10-22 00:00:00,,2025-10-22 00:00:00,,2025-10-23 00:00:00,,,,2025-10-24 00:00:00,,2025-10-27 00:00:00,,2025-10-27 00:00:00,,,,F000003412,L024:SL1:1,78-405A300        2811,L024,,,1.0,2021-02-12 08:00:00,,2021-02-19 08:40:00,200400.0,,,,"M,FF,0",,,,,,,,,,,,,N,0,0,1,0,1.0,FF,1.0,,SL1,,2021/02/12 08:00:00,2021/02/19 08:40:00,200400,,,,,,,
5,DK,L002,OD6B-M-7ES,30.0,32,78-405A300,1,25112,20251022,2025-10-23 00:00:00,D405,2511,4,78,L002,2025-10-16 00:00:00,,2025-10-16 00:00:00,,2025-10-17 00:00:00,,,,2025-10-20 00:00:00,,2025-10-21 00:00:00,,2025-10-22 00:00:00,,,,F000002577,L002:SL1:1,78-405A300        3211,L002,,,1.0,2021-02-12 08:00:00,,2021-02-19 08:40:00,200400.0,,,,"M,FF,0",,,,,,,,,,,,,N,0,0,1,0,1.0,FF,1.0,,SL1,,2021/02/12 08:00:00,2021/02/19 08:40:00,200400,,,,,,,
50,DK,L024,OD6B-M-8ERS,30.0,28,78-405A300,1,25113,20251027,2025-10-28 00:00:00,D405,2511,4,78,L024,2025-10-22 00:00:00,,2025-10-22 00:00:00,,2025-10-23 00:00:00,,,,2025-10-24 00:00:00,,2025-10-27 00:00:00,,2025-10-27 00:00:00,,,,F000003413,L024:SL1:1,78-405A300        2811,L024,,,1.0,2021-02-12 08:00:00,,2021-02-19 08:40:00,200400.0,,,,"M,FF,0",,,,,,,,,,,,,N,0,0,1,0,1.0,FF,1.0,,SL1,,2021/02/12 08:00:00,2021/02/19 08:40:00,200400,,,,,,,
51,DK,L025,OD6B-M-8ERS,30.0,28,478-409AA300,1,25113,20251027,2025-10-28 00:00:00,D409,2511,4,478,L025,2025-10-22 00:00:00,,2025-10-22 00:00:00,,2025-10-23 00:00:00,,,,2025-10-24 00:00:00,,2025-10-27 00:00:00,,2025-10-27 00:00:00,,,,F000003451,L025:SL1:1,78-405A300        2811,L025,,,1.0,2021-02-12 08:00:00,,2021-02-19 08:40:00,200400.0,,,,"M,FF,0",,,,,,,,,,,,,N,0,0,1,0,1.0,FF,1.0,,SL1,,2021/02/12 08:00:00,2021/02/19 08:40:00,200400,,,,,,,
52,DK,L025,OD6B-M-8ERS,30.0,28,78-405A300,1,25113,20251027,2025-10-28 00:00:00,D405,2511,4,78,L025,2025-10-22 00:00:00,,2025-10-22 00:00:00,,2025-10-23 00:00:00,,,,2025-10-24 00:00:00,,2025-10-27 00:00:00,,2025-10-27 00:00:00,,,,F000003452,L025:SL1:1,78-405A300        2811,L025,,,1.0,2021-02-12 08:00:00,,2021-02-19 08:40:00,200400.0,,,,"M,FF,0",,,,,,,,,,,,,N,0,0,1,0,1.0,FF,1.0,,SL1,,2021/02/12 08:00:00,2021/02/19 08:40:00,200400,,,,,,,
53,DK,L026,OD6B-M-8ERS,30.0,28,478-409AA300,1,25115,20251104,2025-11-05 00:00:00,D409,2511,4,478,L026,2025-10-29 00:00:00,,2025-10-29 00:00:00,,2025-10-30 00:00:00,,,,2025-10-31 00:00:00,,2025-11-04 00:00:00,,2025-11-04 00:00:00,,,,F000003490,L026:SL1:1,78-405A300        2811,L026,,,1.0,2021-02-19 19:20:00,,2021-02-27 20:00:00,200400.0,,,,"M,PF,0",,,,,,,,,,,,,N,0,0,1,0,1.0,PF,1.0,,SL1,,2021/02/19 19:20:00,2021/02/27 20:00:00,200400,,,,,,,
54,DK,L026,OD6B-M-8ERS,30.0,28,78-405A300,1,25115,20251104,2025-11-05 00:00:00,D405,2511,4,78,L026,2025-10-29 00:00:00,,2025-10-29 00:00:00,,2025-10-30 00:00:00,,,,2025-10-31 00:00:00,,2025-11-04 00:00:00,,2025-11-04 00:00:00,,,,F000003491,L026:SL1:1,78-405A300        2811,L026,,,1.0,2021-02-19 19:20:00,,2021-02-27 20:00:00,200400.0,,,,"M,PF,0",,,,,,,,,,,,,N,0,0,1,0,1.0,PF,1.0,,SL1,,2021/02/19 19:20:00,2021/02/27 20:00:00,200400,,,,,,,
55,DK,L027,OD6B-M-8ERS,30.0,28,78-405A300,1,25115,20251104,2025-11-05 00:00:00,D405,2511,4,78,L027,2025-10-29 00:00:00,,2025-10-29 00:00:00,,2025-10-30 00:00:00,,,,2025-10-31 00:00:00,,2025-11-04 00:00:00,,2025-11-04 00:00:00,,,,F000003527,L027:SL1:1,78-405A300        2811,L027,,,1.0,2021-02-12 18:40:00,,2021-02-19 19:20:00,200400.0,,,,"M,FF,0",,,,,,,,,,,,,N,0,0,1,0,1.0,FF,1.0,,SL1,,2021/02/12 18:40:00,2021/02/19 19:20:00,200400,,,,,,,
56,DK,L027,OD6B-M-8ERS,30.0,28,478-409AA300,1,25115,20251104,2025-11-05 00:00:00,D409,2511,4,478,L027,2025-10-29 00:00:00,,2025-10-29 00:00:00,,2025-10-30 00:00:00,,,,2025-10-31 00:00:00,,2025-11-04 00:00:00,,2025-11-04 00:00:00,,,,F000003528,L027:SL1:1,78-405A300        2811,L027,,,1.0,2021-02-12 18:40:00,,2021-02-19 19:20:00,200400.0,,,,"M,FF,0",,,,,,,,,,,,,N,0,0,1,0,1.0,FF,1.0,,SL1,,2021/02/12 18:40:00,2021/02/19 19:20:00,200400,,,,,,,
57,DK,L028,OD6B-M-8ERS,30.0,28,78-405A300,1,25115,20251104,2025-11-05 00:00:00,D405,2511,4,78,L028,2025-10-29 00:00:00,,2025-10-29 00:00:00,,2025-10-30 00:00:00,,,,2025-10-31 00:00:00,,2025-11-04 00:00:00,,2025-11-04 00:00:00,,,,F000003566,L028:SL1:1,78-405A300        2811,L028,,,1.0,2021-02-12 18:40:00,,2021-02-19 19:20:00,200400.0,,,,"M,PW,0",,,,,,,,,,,,,N,0,0,1,0,1.0,PW,1.0,,SL1,,2021/02/12 18:40:00,2021/02/19 19:20:00,200400,,,,,,,
58,DK,L028,OD6B-M-8ERS,30.0,28,478-409AA300,1,25115,20251104,2025-11-05 00:00:00,D409,2511,4,478,L028,2025-10-29 00:00:00,,2025-10-29 00:00:00,,2025-10-30 00:00:00,,,,2025-10-31 00:00:00,,2025-11-04 00:00:00,,2025-11-04 00:00:00,,,,F000003567,L028:SL1:1,78-405A300        2811,L028,,,1.0,2021-02-12 18:40:00,,2021-02-19 19:20:00,200400.0,,,,"M,PW,0",,,,,,,,,,,,,N,0,0,1,0,1.0,PW,1.0,,SL1,,2021/02/12 18:40:00,2021/02/19 19:20:00,200400,,,,,,,
59,DK,L029,OD6B-M-8ERS,30.0,28,78-405A300,1,25115,20251104,2025-11-05 00:00:00,D405,2511,4,78,L029,2025-10-29 00:00:00,,2025-10-29 00:00:00,,2025-10-30 00:00:00,,,,2025-10-31 00:00:00,,2025-11-04 00:00:00,,2025-11-04 00:00:00,,,,F000003603,L029:SL1:1,78-405A300        2811,L029,,,1.0,2021-02-12 18:40:00,,2021-02-19 19:20:00,200400.0,,,,"M,BB,0",,,,,,,,,,,,,N,0,0,1,0,1.0,BB,1.0,,SL1,,2021/02/12 18:40:00,2021/02/19 19:20:00,200400,,,,,,,
6,DK,L002,OD6B-M-7ES,30.0,32,478-409AA300,1,25112,20251022,2025-10-23 00:00:00,D409,2511,4,478,L002,2025-10-16 00:00:00,,2025-10-16 00:00:00,,2025-10-17 00:00:00,,,,2025-10-20 00:00:00,,2025-10-21 00:00:00,,2025-10-22 00:00:00,,,,F000002578,L002:SL1:1,78-405A300        3211,L002,,,1.0,2021-02-12 08:00:00,,2021-02-19 08:40:00,200400.0,,,,"M,FF,0",,,,,,,,,,,,,N,0,0,1,0,1.0,FF,1.0,,SL1,,2021/02/12 08:00:00,2021/02/19 08:40:00,200400,,,,,,,
60,DK,L029,OD6B-M-8ERS,30.0,28,478-409AA300,1,25115,20251104,2025-11-05 00:00:00,D409,2511,4,478,L029,2025-10-29 00:00:00,,2025-10-29 00:00:00,,2025-10-30 00:00:00,,,,2025-10-31 00:00:00,,2025-11-04 00:00:00,,2025-11-04 00:00:00,,,,F000003604,L029:SL1:1,78-405A300        2811,L029,,,1.0,2021-02-12 18:40:00,,2021-02-19 19:20:00,200400.0,,,,"M,BB,0",,,,,,,,,,,,,N,0,0,1,0,1.0,BB,1.0,,SL1,,2021/02/12 18:40:00,2021/02/19 19:20:00,200400,,,,,,,
61,DK,L030,OD6B-M-8ERS,30.0,28,78-405A300,1,25115,20251104,2025-11-05 00:00:00,D405,2511,4,78,L030,2025-10-29 00:00:00,,2025-10-29 00:00:00,,2025-10-30 00:00:00,,,,2025-10-31 00:00:00,,2025-11-04 00:00:00,,2025-11-04 00:00:00,,,,F000003640,L030:SL1:1,78-405A300        2811,L030,,,1.0,2021-02-12 18:40:00,,2021-02-19 19:20:00,200400.0,,,,"M,GG,0",,,,,,,,,,,,,N,0,0,1,0,1.0,GG,1.0,,SL1,,2021/02/12 18:40:00,2021/02/19 19:20:00,200400,,,,,,,
62,DK,L030,OD6B-M-8ERS,30.0,28,478-409AA300,1,25115,20251104,2025-11-05 00:00:00,D409,2511,4,478,L030,2025-10-29 00:00:00,,2025-10-29 00:00:00,,2025-10-30 00:00:00,,,,2025-10-31 00:00:00,,2025-11-04 00:00:00,,2025-11-04 00:00:00,,,,F000003643,L030:SL1:1,78-405A300        2811,L030,,,1.0,2021-02-12 18:40:00,,2021-02-19 19:20:00,200400.0,,,,"M,GG,0",,,,,,,,,,,,,N,0,0,1,0,1.0,GG,1.0,,SL1,,2021/02/12 18:40:00,2021/02/19 19:20:00,200400,,,,,,,
63,DK,L031,OD5B-M-9ME42,34.0,22,78-405A340,1,25111,20251020,2025-10-21 00:00:00,D405,2511,4,78,L031,2025-10-15 00:00:00,,2025-10-15 00:00:00,,2025-10-16 00:00:00,,,,2025-10-17 00:00:00,,2025-10-20 00:00:00,,2025-10-20 00:00:00,,,,F000003660,L031:SL1:1,78-405A340        2211,L031,,,1.0,2021-02-12 08:00:00,,2021-02-19 13:34:00,215040.0,,,,"M,BL,0",,,,,,,,,,,,,N,0,0,1,0,1.0,BL,1.0,,SL1,,2021/02/12 08:00:00,2021/02/19 13:34:00,215040,,,,,,,
64,DK,L031,OD5B-M-9ME42,34.0,22,478-409AA340,1,25111,20251020,2025-10-21 00:00:00,D409,2511,4,478,L031,2025-10-15 00:00:00,,2025-10-15 00:00:00,,2025-10-16 00:00:00,,,,2025-10-17 00:00:00,,2025-10-20 00:00:00,,2025-10-20 00:00:00,,,,F000003661,L031:SL1:1,78-405A340        2211,L031,,,1.0,2021-02-12 08:00:00,,2021-02-19 13:34:00,215040.0,,,,"M,BL,0",,,,,,,,,,,,,N,0,0,1,0,1.0,BL,1.0,,SL1,,2021/02/12 08:00:00,2021/02/19 13:34:00,215040,,,,,,,
65,DK,L032,OD5B-M-9ME42,34.0,22,78-405A340,1,25111,20251020,2025-10-21 00:00:00,D405,2511,4,78,L032,2025-10-15 00:00:00,,2025-10-15 00:00:00,,2025-10-16 00:00:00,,,,2025-10-17 00:00:00,,2025-10-20 00:00:00,,2025-10-20 00:00:00,,,,F000003686,L032:SL1:1,78-405A340        2211,L032,,,1.0,2021-02-12 08:00:00,,2021-02-19 13:34:00,215040.0,,,,"M,BL,0",,,,,,,,,,,,,N,0,0,1,0,1.0,BL,1.0,,SL1,,2021/02/12 08:00:00,2021/02/19 13:34:00,215040,,,,,,,
66,DK,L032,OD5B-M-9ME42,34.0,22,478-409AA340,1,25111,20251020,2025-10-21 00:00:00,D409,2511,4,478,L032,2025-10-15 00:00:00,,2025-10-15 00:00:00,,2025-10-16 00:00:00,,,,2025-10-17 00:00:00,,2025-10-20 00:00:00,,2025-10-20 00:00:00,,,,F000003687,L032:SL1:1,78-405A340        2211,L032,,,1.0,2021-02-12 08:00:00,,2021-02-19 13:34:00,215040.0,,,,"M,BL,0",,,,,,,,,,,,,N,0,0,1,0,1.0,BL,1.0,,SL1,,2021/02/12 08:00:00,2021/02/19 13:34:00,215040,,,,,,,
67,DK,L033,OD5B-M-9ME42,34.0,22,478-409AA340,1,25111,20251020,2025-10-21 00:00:00,D409,2511,4,478,L033,2025-10-15 00:00:00,,2025-10-15 00:00:00,,2025-10-16 00:00:00,,,,2025-10-17 00:00:00,,2025-10-20 00:00:00,,2025-10-20 00:00:00,,,,F000003715,L033:SL1:1,78-405A340        2211,L033,,,1.0,2021-02-12 08:00:00,,2021-02-19 13:34:00,215040.0,,,,"M,BL,0",,,,,,,,,,,,,N,0,0,1,0,1.0,BL,1.0,,SL1,,2021/02/12 08:00:00,2021/02/19 13:34:00,215040,,,,,,,
68,DK,L033,OD5B-M-9ME42,34.0,22,78-405A340,1,25111,20251020,2025-10-21 00:00:00,D405,2511,4,78,L033,2025-10-15 00:00:00,,2025-10-15 00:00:00,,2025-10-16 00:00:00,,,,2025-10-17 00:00:00,,2025-10-20 00:00:00,,2025-10-20 00:00:00,,,,F000003716,L033:SL1:1,78-405A340        2211,L033,,,1.0,2021-02-12 08:00:00,,2021-02-19 13:34:00,215040.0,,,,"M,BL,0",,,,,,,,,,,,,N,0,0,1,0,1.0,BL,1.0,,SL1,,2021/02/12 08:00:00,2021/02/19 13:34:00,215040,,,,,,,
69,DK,L034,OD5B-M-9ME42,34.0,22,478-409AA340,1,25111,20251020,2025-10-21 00:00:00,D409,2511,4,478,L034,2025-10-15 00:00:00,,2025-10-15 00:00:00,,2025-10-16 00:00:00,,,,2025-10-17 00:00:00,,2025-10-20 00:00:00,,2025-10-20 00:00:00,,,,F000003742,L034:SL1:1,78-405A340        2211,L034,,,1.0,2021-02-12 08:00:00,,2021-02-19 13:34:00,215040.0,,,,"M,BL,0",,,,,,,,,,,,,N,0,0,1,0,1.0,BL,1.0,,SL1,,2021/02/12 08:00:00,2021/02/19 13:34:00,215040,,,,,,,
7,DK,L003,OD6B-M-7ES,30.0,32,78-405A300,1,25112,20251022,2025-10-23 00:00:00,D405,2511,4,78,L003,2025-10-16 00:00:00,,2025-10-16 00:00:00,,2025-10-17 00:00:00,,,,2025-10-20 00:00:00,,2025-10-21 00:00:00,,2025-10-22 00:00:00,,,,F000002615,L003:SL1:1,78-405A300        3211,L003,,,1.0,2021-02-12 08:00:00,,2021-02-19 08:40:00,200400.0,,,,"M,FF,0",,,,,,,,,,,,,N,0,0,1,0,1.0,FF,1.0,,SL1,,2021/02/12 08:00:00,2021/02/19 08:40:00,200400,,,,,,,
70,DK,L034,OD5B-M-9ME42,34.0,22,78-405A340,1,25111,20251020,2025-10-21 00:00:00,D405,2511,4,78,L034,2025-10-15 00:00:00,,2025-10-15 00:00:00,,2025-10-16 00:00:00,,,,2025-10-17 00:00:00,,2025-10-20 00:00:00,,2025-10-20 00:00:00,,,,F000003743,L034:SL1:1,78-405A340        2211,L034,,,1.0,2021-02-12 08:00:00,,2021-02-19 13:34:00,215040.0,,,,"M,BL,0",,,,,,,,,,,,,N,0,0,1,0,1.0,BL,1.0,,SL1,,2021/02/12 08:00:00,2021/02/19 13:34:00,215040,,,,,,,
71,DK,L035,M-6ER42,36.0,16,78-405A360,1,25112,20251022,2025-10-23 00:00:00,D405,2511,4,78,L035,2025-10-17 00:00:00,,2025-10-17 00:00:00,,2025-10-20 00:00:00,,,,2025-10-21 00:00:00,,2025-10-22 00:00:00,,2025-10-22 00:00:00,,,,F000003770,L035:SL1:1,78-405A360        1611,L035,,,1.0,2021-02-12 08:00:00,,2021-02-18 16:25:00,185700.0,,,,"M,BL,0",,,,,,,,,,,,,N,0,0,1,0,1.0,BL,1.0,,SL1,,2021/02/12 08:00:00,2021/02/18 16:25:00,185700,,,,,,,
72,DK,L035,M-6ER42,36.0,16,478-409AA360,1,25112,20251022,2025-10-23 00:00:00,D409,2511,4,478,L035,2025-10-17 00:00:00,,2025-10-17 00:00:00,,2025-10-20 00:00:00,,,,2025-10-21 00:00:00,,2025-10-22 00:00:00,,2025-10-22 00:00:00,,,,F000003775,L035:SL1:1,78-405A360        1611,L035,,,1.0,2021-02-12 08:00:00,,2021-02-18 16:25:00,185700.0,,,,"M,BL,0",,,,,,,,,,,,,N,0,0,1,0,1.0,BL,1.0,,SL1,,2021/02/12 08:00:00,2021/02/18 16:25:00,185700,,,,,,,
73,DK,L036,M-6ER42,36.0,16,478-409AA360,1,25112,20251022,2025-10-23 00:00:00,D409,2511,4,478,L036,2025-10-17 00:00:00,,2025-10-17 00:00:00,,2025-10-20 00:00:00,,,,2025-10-21 00:00:00,,2025-10-22 00:00:00,,2025-10-22 00:00:00,,,,F000003800,L036:SL1:1,78-405A360        1611,L036,,,1.0,2021-02-12 08:00:00,,2021-02-18 16:25:00,185700.0,,,,"M,BL,0",,,,,,,,,,,,,N,0,0,1,0,1.0,BL,1.0,,SL1,,2021/02/12 08:00:00,2021/02/18 16:25:00,185700,,,,,,,
74,DK,L036,M-6ER42,36.0,16,78-405A360,1,25112,20251022,2025-10-23 00:00:00,D405,2511,4,78,L036,2025-10-17 00:00:00,,2025-10-17 00:00:00,,2025-10-20 00:00:00,,,,2025-10-21 00:00:00,,2025-10-22 00:00:00,,2025-10-22 00:00:00,,,,F000003801,L036:SL1:1,78-405A360        1611,L036,,,1.0,2021-02-12 08:00:00,,2021-02-18 16:25:00,185700.0,,,,"M,BL,0",,,,,,,,,,,,,N,0,0,1,0,1.0,BL,1.0,,SL1,,2021/02/12 08:00:00,2021/02/18 16:25:00,185700,,,,,,,
75,DK,L037,M-9ME22,30.0,28,478-409AA300,1,25114,20251029,2025-10-30 00:00:00,D409,2511,4,478,L037,2025-10-24 00:00:00,,2025-10-24 00:00:00,,2025-10-27 00:00:00,,,,2025-10-28 00:00:00,,2025-10-29 00:00:00,,2025-10-29 00:00:00,,,,F000003837,L037:SL1:1,78-405A300        2811,L037,,,1.0,2021-02-12 18:40:00,,2021-02-19 19:20:00,200400.0,,,,"M,PF,0",,,,,,,,,,,,,N,0,0,1,0,1.0,PF,1.0,,SL1,,2021/02/12 18:40:00,2021/02/19 19:20:00,200400,,,,,,,
76,DK,L037,M-9ME22,30.0,28,78-405A300,1,25114,20251029,2025-10-30 00:00:00,D405,2511,4,78,L037,2025-10-24 00:00:00,,2025-10-24 00:00:00,,2025-10-27 00:00:00,,,,2025-10-28 00:00:00,,2025-10-29 00:00:00,,2025-10-29 00:00:00,,,,F000003838,L037:SL1:1,78-405A300        2811,L037,,,1.0,2021-02-12 18:40:00,,2021-02-19 19:20:00,200400.0,,,,"M,PF,0",,,,,,,,,,,,,N,0,0,1,0,1.0,PF,1.0,,SL1,,2021/02/12 18:40:00,2021/02/19 19:20:00,200400,,,,,,,
77,DK,L038,M-9ME22,30.0,28,478-409AA300,1,25114,20251029,2025-10-30 00:00:00,D409,2511,4,478,L038,2025-10-24 00:00:00,,2025-10-24 00:00:00,,2025-10-27 00:00:00,,,,2025-10-28 00:00:00,,2025-10-29 00:00:00,,2025-10-29 00:00:00,,,,F000003866,L038:SL1:1,78-405A300        2811,L038,,,1.0,2021-02-12 08:00:00,,2021-02-19 08:40:00,200400.0,,,,"M,FF,0",,,,,,,,,,,,,N,0,0,1,0,1.0,FF,1.0,,SL1,,2021/02/12 08:00:00,2021/02/19 08:40:00,200400,,,,,,,
78,DK,L038,M-9ME22,30.0,28,78-405A300,1,25114,20251029,2025-10-30 00:00:00,D405,2511,4,78,L038,2025-10-24 00:00:00,,2025-10-24 00:00:00,,2025-10-27 00:00:00,,,,2025-10-28 00:00:00,,2025-10-29 00:00:00,,2025-10-29 00:00:00,,,,F000003867,L038:SL1:1,78-405A300        2811,L038,,,1.0,2021-02-12 08:00:00,,2021-02-19 08:40:00,200400.0,,,,"M,FF,0",,,,,,,,,,,,,N,0,0,1,0,1.0,FF,1.0,,SL1,,2021/02/12 08:00:00,2021/02/19 08:40:00,200400,,,,,,,
79,DK,L039,M-9ME22,30.0,28,78-405A300,1,25114,20251029,2025-10-30 00:00:00,D405,2511,4,78,L039,2025-10-24 00:00:00,,2025-10-24 00:00:00,,2025-10-27 00:00:00,,,,2025-10-28 00:00:00,,2025-10-29 00:00:00,,2025-10-29 00:00:00,,,,F000003895,L039:SL1:1,78-405A300        2811,L039,,,1.0,2021-02-12 08:00:00,,2021-02-19 08:40:00,200400.0,,,,"M,FF,0",,,,,,,,,,,,,N,0,0,1,0,1.0,FF,1.0,,SL1,,2021/02/12 08:00:00,2021/02/19 08:40:00,200400,,,,,,,
8,DK,L003,OD6B-M-7ES,30.0,32,478-409AA300,1,25112,20251022,2025-10-23 00:00:00,D409,2511,4,478,L003,2025-10-16 00:00:00,,2025-10-16 00:00:00,,2025-10-17 00:00:00,,,,2025-10-20 00:00:00,,2025-10-21 00:00:00,,2025-10-22 00:00:00,,,,F000002616,L003:SL1:1,78-405A300        3211,L003,,,1.0,2021-02-12 08:00:00,,2021-02-19 08:40:00,200400.0,,,,"M,FF,0",,,,,,,,,,,,,N,0,0,1,0,1.0,FF,1.0,,SL1,,2021/02/12 08:00:00,2021/02/19 08:40:00,200400,,,,,,,
80,DK,L039,M-9ME22,30.0,28,478-409AA300,1,25114,20251029,2025-10-30 00:00:00,D409,2511,4,478,L039,2025-10-24 00:00:00,,2025-10-24 00:00:00,,2025-10-27 00:00:00,,,,2025-10-28 00:00:00,,2025-10-29 00:00:00,,2025-10-29 00:00:00,,,,F000003896,L039:SL1:1,78-405A300        2811,L039,,,1.0,2021-02-12 08:00:00,,2021-02-19 08:40:00,200400.0,,,,"M,FF,0",,,,,,,,,,,,,N,0,0,1,0,1.0,FF,1.0,,SL1,,2021/02/12 08:00:00,2021/02/19 08:40:00,200400,,,,,,,
81,DK,L040,M-9ME22,30.0,28,478-409AA300,1,25114,20251029,2025-10-30 00:00:00,D409,2511,4,478,L040,2025-10-24 00:00:00,,2025-10-24 00:00:00,,2025-10-27 00:00:00,,,,2025-10-28 00:00:00,,2025-10-29 00:00:00,,2025-10-29 00:00:00,,,,F000003924,L040:SL1:1,78-405A300        2811,L040,,,1.0,2021-02-12 08:00:00,,2021-02-19 08:40:00,200400.0,,,,"M,FF,0",,,,,,,,,,,,,N,0,0,1,0,1.0,FF,1.0,,SL1,,2021/02/12 08:00:00,2021/02/19 08:40:00,200400,,,,,,,
82,DK,L040,M-9ME22,30.0,28,78-405A300,1,25114,20251029,2025-10-30 00:00:00,D405,2511,4,78,L040,2025-10-24 00:00:00,,2025-10-24 00:00:00,,2025-10-27 00:00:00,,,,2025-10-28 00:00:00,,2025-10-29 00:00:00,,2025-10-29 00:00:00,,,,F000003925,L040:SL1:1,78-405A300        2811,L040,,,1.0,2021-02-12 08:00:00,,2021-02-19 08:40:00,200400.0,,,,"M,FF,0",,,,,,,,,,,,,N,0,0,1,0,1.0,FF,1.0,,SL1,,2021/02/12 08:00:00,2021/02/19 08:40:00,200400,,,,,,,
83,DK,L041,M-9ME22,30.0,28,478-409AA300,1,25114,20251029,2025-10-30 00:00:00,D409,2511,4,478,L041,2025-10-24 00:00:00,,2025-10-24 00:00:00,,2025-10-27 00:00:00,,,,2025-10-28 00:00:00,,2025-10-29 00:00:00,,2025-10-29 00:00:00,,,,F000003953,L041:SL1:1,78-405A300        2811,L041,,,1.0,2021-02-12 08:00:00,,2021-02-19 08:40:00,200400.0,,,,"M,FF,0",,,,,,,,,,,,,N,0,0,1,0,1.0,FF,1.0,,SL1,,2021/02/12 08:00:00,2021/02/19 08:40:00,200400,,,,,,,
84,DK,L041,M-9ME22,30.0,28,78-405A300,1,25114,20251029,2025-10-30 00:00:00,D405,2511,4,78,L041,2025-10-24 00:00:00,,2025-10-24 00:00:00,,2025-10-27 00:00:00,,,,2025-10-28 00:00:00,,2025-10-29 00:00:00,,2025-10-29 00:00:00,,,,F000003954,L041:SL1:1,78-405A300        2811,L041,,,1.0,2021-02-12 08:00:00,,2021-02-19 08:40:00,200400.0,,,,"M,FF,0",,,,,,,,,,,,,N,0,0,1,0,1.0,FF,1.0,,SL1,,2021/02/12 08:00:00,2021/02/19 08:40:00,200400,,,,,,,
85,DK,L042,M-9ME22,30.0,28,78-405A300,1,25114,20251029,2025-10-30 00:00:00,D405,2511,4,78,L042,2025-10-24 00:00:00,,2025-10-24 00:00:00,,2025-10-27 00:00:00,,,,2025-10-28 00:00:00,,2025-10-29 00:00:00,,2025-10-29 00:00:00,,,,F000003982,L042:SL1:1,78-405A300        2811,L042,,,1.0,2021-02-12 08:00:00,,2021-02-19 08:40:00,200400.0,,,,"M,FF,0",,,,,,,,,,,,,N,0,0,1,0,1.0,FF,1.0,,SL1,,2021/02/12 08:00:00,2021/02/19 08:40:00,200400,,,,,,,
86,DK,L042,M-9ME22,30.0,28,478-409AA300,1,25114,20251029,2025-10-30 00:00:00,D409,2511,4,478,L042,2025-10-24 00:00:00,,2025-10-24 00:00:00,,2025-10-27 00:00:00,,,,2025-10-28 00:00:00,,2025-10-29 00:00:00,,2025-10-29 00:00:00,,,,F000003983,L042:SL1:1,78-405A300        2811,L042,,,1.0,2021-02-12 08:00:00,,2021-02-19 08:40:00,200400.0,,,,"M,FF,0",,,,,,,,,,,,,N,0,0,1,0,1.0,FF,1.0,,SL1,,2021/02/12 08:00:00,2021/02/19 08:40:00,200400,,,,,,,
87,DK,L043,M-9ME22,30.0,28,78-405A300,1,25114,20251029,2025-10-30 00:00:00,D405,2511,4,78,L043,2025-10-24 00:00:00,,2025-10-24 00:00:00,,2025-10-27 00:00:00,,,,2025-10-28 00:00:00,,2025-10-29 00:00:00,,2025-10-29 00:00:00,,,,F000004011,L043:SL1:1,78-405A300        2811,L043,,,1.0,2021-02-12 08:00:00,,2021-02-19 08:40:00,200400.0,,,,"M,FF,0",,,,,,,,,,,,,N,0,0,1,0,1.0,FF,1.0,,SL1,,2021/02/12 08:00:00,2021/02/19 08:40:00,200400,,,,,,,
88,DK,L043,M-9ME22,30.0,28,478-409AA300,1,25114,20251029,2025-10-30 00:00:00,D409,2511,4,478,L043,2025-10-24 00:00:00,,2025-10-24 00:00:00,,2025-10-27 00:00:00,,,,2025-10-28 00:00:00,,2025-10-29 00:00:00,,2025-10-29 00:00:00,,,,F000004012,L043:SL1:1,78-405A300        2811,L043,,,1.0,2021-02-12 08:00:00,,2021-02-19 08:40:00,200400.0,,,,"M,FF,0",,,,,,,,,,,,,N,0,0,1,0,1.0,FF,1.0,,SL1,,2021/02/12 08:00:00,2021/02/19 08:40:00,200400,,,,,,,
89,DK,L044,M-SDR,38.0,24,78-405A380,1,25115,20251104,2025-11-05 00:00:00,D405,2511,4,78,L044,2025-10-29 00:00:00,,2025-10-29 00:00:00,,2025-10-30 00:00:00,,,,2025-10-31 00:00:00,,2025-11-04 00:00:00,,2025-11-04 00:00:00,,,,F000004037,L044:SL1:1,78-405A380        2411,L044,,,1.0,2021-02-15 10:50:00,,2021-02-22 16:24:00,215040.0,,,,"M,P,0",,,,,,,,,,,,,N,0,0,1,0,1.0,P,1.0,,SL1,,2021/02/15 10:50:00,2021/02/22 16:24:00,215040,,,,,,,
9,DK,L004,OD6B-M-7ES,30.0,32,78-405A300,1,25112,20251022,2025-10-23 00:00:00,D405,2511,4,78,L004,2025-10-16 00:00:00,,2025-10-16 00:00:00,,2025-10-17 00:00:00,,,,2025-10-20 00:00:00,,2025-10-21 00:00:00,,2025-10-22 00:00:00,,,,F000002653,L004:SL1:1,78-405A300        3211,L004,,,1.0,2021-02-12 08:00:00,,2021-02-19 08:40:00,200400.0,,,,"M,FF,0",,,,,,,,,,,,,N,0,0,1,0,1.0,FF,1.0,,SL1,,2021/02/12 08:00:00,2021/02/19 08:40:00,200400,,,,,,,
90,DK,L044,M-SDR,38.0,24,478-409AA380,1,25115,20251104,2025-11-05 00:00:00,D409,2511,4,478,L044,2025-10-29 00:00:00,,2025-10-29 00:00:00,,2025-10-30 00:00:00,,,,2025-10-31 00:00:00,,2025-11-04 00:00:00,,2025-11-04 00:00:00,,,,F000004038,L044:SL1:1,78-405A380        2411,L044,,,1.0,2021-02-15 10:50:00,,2021-02-22 16:24:00,215040.0,,,,"M,P,0",,,,,,,,,,,,,N,0,0,1,0,1.0,P,1.0,,SL1,,2021/02/15 10:50:00,2021/02/22 16:24:00,215040,,,,,,,
91,DK,L045,M-SDR,38.0,24,478-409AA380,1,25115,20251104,2025-11-05 00:00:00,D409,2511,4,478,L045,2025-10-29 00:00:00,,2025-10-29 00:00:00,,2025-10-30 00:00:00,,,,2025-10-31 00:00:00,,2025-11-04 00:00:00,,2025-11-04 00:00:00,,,,F000004063,L045:SL1:1,78-405A380        2411,L045,,,1.0,2021-02-15 10:50:00,,2021-02-22 16:24:00,215040.0,,,,"M,W,0",,,,,,,,,,,,,N,0,0,1,0,1.0,W,1.0,,SL1,,2021/02/15 10:50:00,2021/02/22 16:24:00,215040,,,,,,,
92,DK,L045,M-SDR,38.0,24,78-405A380,1,25115,20251104,2025-11-05 00:00:00,D405,2511,4,78,L045,2025-10-29 00:00:00,,2025-10-29 00:00:00,,2025-10-30 00:00:00,,,,2025-10-31 00:00:00,,2025-11-04 00:00:00,,2025-11-04 00:00:00,,,,F000004064,L045:SL1:1,78-405A380        2411,L045,,,1.0,2021-02-15 10:50:00,,2021-02-22 16:24:00,215040.0,,,,"M,W,0",,,,,,,,,,,,,N,0,0,1,0,1.0,W,1.0,,SL1,,2021/02/15 10:50:00,2021/02/22 16:24:00,215040,,,,,,,
93,DK,L046,M-LEC4BTFY4,34.0,18,5610-409AA340,1,25116,20251106,2025-11-07 00:00:00,D409,2511,4,5610,L046,2025-10-31 00:00:00,,2025-10-31 00:00:00,,2025-11-04 00:00:00,,,,2025-11-05 00:00:00,,2025-11-06 00:00:00,,2025-11-06 00:00:00,,,,F000004100,L046:SL1:1,6207-405AA340     1811,L046,,,1.0,2021-02-17 09:12:00,,2021-02-27 20:00:00,312480.0,,,,"M,CC,0",,,,,,,,,,,,,N,0,0,1,0,1.0,CC,1.0,,SL1,,2021/02/17 09:12:00,2021/02/27 20:00:00,312480,,,,,,,
94,DK,L046,M-LEC4BTFY4,34.0,18,6207-405AA340,1,25116,20251106,2025-11-07 00:00:00,D405,2511,4,6207,L046,2025-10-30 00:00:00,,2025-10-31 00:00:00,,2025-11-04 00:00:00,,,,2025-11-05 00:00:00,,2025-11-06 00:00:00,,2025-11-06 00:00:00,,2025-10-30 00:00:00,,F000004101,L046:SL1:1,6207-405AA340     1811,L046,,,1.0,2021-02-17 09:12:00,,2021-02-27 20:00:00,312480.0,,,,"M,CC,0",,,,,,,,,,,,,N,0,0,1,0,1.0,CC,1.0,,SL1,,2021/02/17 09:12:00,2021/02/27 20:00:00,312480,,,,,,,
95,DK,L047,M-LEC4BTFY4,34.0,18,6207-405AA340,1,25116,20251106,2025-11-07 00:00:00,D405,2511,4,6207,L047,2025-10-30 00:00:00,,2025-10-31 00:00:00,,2025-11-04 00:00:00,,,,2025-11-05 00:00:00,,2025-11-06 00:00:00,,2025-11-06 00:00:00,,2025-10-30 00:00:00,,F000004138,L047:SL1:1,6207-405AA340     1811,L047,,,1.0,2021-02-17 09:12:00,,2021-02-27 20:00:00,312480.0,,,,"M,F,0",,,,,,,,,,,,,N,0,0,1,0,1.0,F,1.0,,SL1,,2021/02/17 09:12:00,2021/02/27 20:00:00,312480,,,,,,,
96,DK,L047,M-LEC4BTFY4,34.0,18,5610-409AA340,1,25116,20251106,2025-11-07 00:00:00,D409,2511,4,5610,L047,2025-10-31 00:00:00,,2025-10-31 00:00:00,,2025-11-04 00:00:00,,,,2025-11-05 00:00:00,,2025-11-06 00:00:00,,2025-11-06 00:00:00,,,,F000004139,L047:SL1:1,6207-405AA340     1811,L047,,,1.0,2021-02-17 09:12:00,,2021-02-27 20:00:00,312480.0,,,,"M,F,0",,,,,,,,,,,,,N,0,0,1,0,1.0,F,1.0,,SL1,,2021/02/17 09:12:00,2021/02/27 20:00:00,312480,,,,,,,
97,DK,L048,OD6B-M-FY6S,34.0,18,5211-405AB340,1,25115,20251104,2025-11-05 00:00:00,D405,2511,4,5211,L048,2025-10-29 00:00:00,,2025-10-29 00:00:00,,2025-10-30 00:00:00,,,,2025-10-31 00:00:00,,2025-11-04 00:00:00,,2025-11-04 00:00:00,,,,F000004180,L048:SL1:1,5211-405AB340     1811,L048,,,1.0,2021-02-12 13:45:00,,2021-02-18 18:06:00,173460.0,,,,"M,N,0",,,,,,,,,,,,,N,0,0,1,0,1.0,N,1.0,,SL1,,2021/02/12 13:45:00,2021/02/18 18:06:00,173460,,,,,,,
98,DK,L048,OD6B-M-FY6S,34.0,18,5211-409AA340,1,25115,20251104,2025-11-05 00:00:00,D409,2511,4,5211,L048,2025-10-29 00:00:00,,2025-10-29 00:00:00,,2025-10-30 00:00:00,,,,2025-10-31 00:00:00,,2025-11-04 00:00:00,,2025-11-04 00:00:00,,,,F000004182,L048:SL1:1,5211-405AB340     1811,L048,,,1.0,2021-02-12 13:45:00,,2021-02-18 18:06:00,173460.0,,,,"M,N,0",,,,,,,,,,,,,N,0,0,1,0,1.0,N,1.0,,SL1,,2021/02/12 13:45:00,2021/02/18 18:06:00,173460,,,,,,,
99,DK,L049,OD5B-M-9ME22,34.0,28,78-405A340,1,25118,20251112,2025-11-13 00:00:00,D405,2511,4,78,L049,2025-11-07 00:00:00,,2025-11-07 00:00:00,,2025-11-10 00:00:00,,,,2025-11-11 00:00:00,,2025-11-12 00:00:00,,2025-11-12 00:00:00,,,,F000004209,L049:SL1:1,78-405A340        2811,L049,,,1.0,2021-02-18 18:06:00,,2021-02-27 20:00:00,244440.0,,,,"M,BL,0",,,,,,,,,,,,,N,0,0,1,0,1.0,BL,1.0,,SL1,,2021/02/18 18:06:00,2021/02/27 20:00:00,244440,,,,,,,
