FINAL_ITEM_CODE,PRODUCT_TYP
5154-502EA33,7
6210-602ED34,7
5154-641AA33,7
790-502BA26,7
6108-502AA36,7
5154-602EB33,7
5154-602BA33,7
1155-102AB,7
1044-430EA,7
1044-404AD,7
101-440FA38,7
1355-440AA24,7
101-440DA38,7
101-440EA38,7
600-502AD30,7
1035-417AA26,7
5172-502AA33,7
1035-417AA30,7
1551-401CB30,7
161-406JB31,7
1035-418AA30,7
100-501NA26,7
100-501NA28,7
100-501NA30,7
130-501BA14,7
100-501NA3038,7
3562-502ZA34,7
100-501NA3234,7
100-501NA34,7
100-501NA36,7
100-501NA42,7
1831-501DB38,7
100-501PA30,7
101-440B30,7
12Q-411BA31,7
G-6501GC,7
5172-601AA32,7
6109-502AA36,7
5530-501BA36,7
355-40930,7
6108-606AA36,7
6108-601AA36,7
201-502BA14,7
6109-502FA34,7
6108-641AA36,7
6108-602AA36,7
5530-501CA36,7
6108-602EA36,7
6108-602CA36,7
6108-602DA36,7
5173-502AB34,7
5521-601AA23,7
603-60838,7
3166-608AA16,7
580-652AA38,7
4117-601FA36,7
5172-501AA32,7
582-502RA38,7
582-601EA38,7
3139-502FB34,7
3557-502AA34,7
6104-409CA38,7
810-409B34,7
600-652AA14,7
600-65230,7
6213-601AA38,7
5520-502YA,7
5520-502SA,7
5128-602BB33,7
5128-602AB33,7
5128-601AA38,7
5128-601AA33,7
3164-502AA34,7
3165-502AA30,7
5165-502AC30,7
5128-502EA33,7
5128-502AA33,7
3157-502AA26,7
5128-502AA30,7
5128-501AA38,7
479-501AB30,7
5128-501AA33,7
5128-501AA30,7
3153-502EB32,7
485-641BB30,7
4109-502FA30,7
485-602EB30,7
485-502JA30,7
C352-501AA34,7
1731-406DA16,7
479-602BC36,7
479-602BC34,7
479-602AB36,7
479-602AB30,7
479-601AB36,7
479-502EA38,7
479-501AB36,7
478-641BA36,7
5142-641AA30,7
478-641AC34,7
6105-602AB38,7
478-602EC34,7
478-602BC34,7
478-602AC34,7
5179-502EB34,7
478-502AC34,7
478-502EC34,7
5142-502AA38,7
1355-406AB24,7
1831-501CA34,7
478-409AA40,7
5529-602AB38,7
474-602CC38,7
474-602XA38,7
352B-602BB30,7
5156-405AA07,7
4207-651AB30,7
4207-608AB30,7
1831-501DB30,7
4207-502AA30,7
4120-652AA30,7
3139-608AC36,7
4120-601EA30,7
3157-601EA26,7
4120-502AA30,7
4108-601EB30,7
12Q-411GA33,7
3652-651AA34,7
3652-608AA34,7
3166-608AA23,7
3652-601AA34,7
5128-502EA30,7
3652-502JA34,7
3652-501CA34,7
3652-501BA34,7
3652-432AA34,7
335-405AA38,7
4115-601EA34,7
3326-601EA34,7
3326-501BA34,7
3326-501AA34,7
3239-410EA34,5
3239-501AA30,7
3237-651AC34,7
3237-651AC30,7
12Q-411GA31,7
3237-608AB30,7
748-608AA20,7
3237-608AA34,7
3237-601EA34,7
3237-601EA30,7
3237-432AB30,7
1751-411AA12,7
1731-501ZGA20,7
1531-501ZQA38,7
161-402MA38,7
12Q-411BAB42,7
12Q-411BA40,7
100-501NA38,7
161-406JB33,7
C815-406CA34,7
5121-501AA38,7
3166-608AA17,7
3237-502AA34,7
SPL-3010-502CA34,7
3147-502JA30,7
5165-641AA32,7
3237-502AA30,7
3153-502EB34,7
3153-502EB30,7
3145-502EA32,7
161-406JB36,7
161-406DF42,7
161-406DF40,7
1532-440DA30,7
1632-401AA26,7
1931-103AA30,7
3239-410EA30,5
1532-431BA26,7
1532-436BC34,7
1632-406AA30,7
1531-406AA38,7
1931-102BA,7
1731-418AA24,7
1731-103AA24,7
161-404BEB,7
161-403GA38,7
1331-211JA,7
1331-210JA,7
1044-404CA,7
1044-430DA,7
2185-211AA,7
1751-411AA20,7
5173-641AA38,7
TS-5259-501AA30,7
TS-5259-418AB30,7
1831-501AA30,7
TS-5259-406CA30,7
TS-5259-401BA30,7
TS-5254BA,7
TS-5253PA,7
TS-5186VA30,7
SPL-1881EB38,7
3242-502AA36,7
600-502NA30,7
K-28801EB,7
K-13801KA,7
K-13801JA,7
G-6501HC,7
G-6501HB,7
G-6501HA,7
G-6501GB,7
G-6501GA,7
G-6402FC,7
C815-406CA30,7
975-608AB30,7
970-40926,7
970-405CB26,7
960-409AA34,7
960-409AA30,7
5142-602AA38,7
3164-502AA36,7
954-601JA30,7
954-601EA30,7
3166-608AA18,7
954-502JA30,7
161-403HA38,7
5520-501AB30,7
954-501B30,7
87-405JA42,7
TS-5275-652AA30,7
87-405EA36,7
87-405EA34,7
87-405EA32,7
87-405EA30,7
826-502JA30,7
TS-5275-601EA30,7
TS-5275-502AA30,7
TS-5259GA01,7
815-60830,7
815-501BA30,7
81-405EA28,7
TS-5259BA06,7
81-405EA26,7
81-405EA20,7
81-405EA17,7
81-405EA16,7
810-410CA34,7
810-410CA30,7
810-409B30,7
TS-5259-501BA30,7
80-451BU,5
78-40533,7
TS-5259-418AC30,7
740-410EA30,7
TS-5259-406CB30,7
TS-5259-401CA30,7
5546-502EB38,7
6215-602DA38,7
6215-602CA38,7
6215-602BA38,7
6215-602AA38,7
5172-601AA34,7
6215-502AA38,7
6213-501BA38,7
6213-501AA38,7
6207-411AB38,7
6207-406BA38,7
5215-502EA34,7
6105-641AA36,7
4117-601FA32,7
6105-606AD38,7
6105-606AD36,7
6105-602EB38,7
6105-602EA36,7
6105-602DB38,7
6105-602DA36,7
6105-602CC38,7
6105-602CB36,7
6105-602AA36,7
6105-601AA38,7
6105-601AA36,7
5165-602AA32,7
6105-502AA38,7
3166-501BA16,7
5542-502AA34,7
5165-502EA32,7
6105-502AA36,7
6105-501CA38,7
6105-501BA38,7
6104-409CA36,7
603-608B30,7
603-60834,7
603-601EA34,7
603-601EA30,7
5165-502EA30,7
603-502JA34,7
600-652AA34,7
600-652AA30,7
78-40538,7
600-652AA20,7
3326-601EA30,7
600-502MA30,7
352B-502EA34,7
582-502RA30,7
600-652BA38,7
3650-601AB34,7
582-502JB17,7
5172-501AA34,7
582-502JB16,7
580-652AA30,7
580-652AA17,7
580-652AA16,7
5543-502AA30,7
5541-502AB38,7
5165-502EA36,7
5541-501BA38,7
5541-501AA38,7
5533-501AA36,7
5532-601AA30,7
5532-501BA30,7
5532-501AA30,7
5530-602BA34,7
5529-602BA34,7
5530-602BA30,7
5530-502AA38,7
5530-502AA34,7
5530-501CA38,7
5517-501CA34,7
5530-501CA34,7
5530-501BA38,7
5530-501BA34,7
1831-406AA34,7
5529-602BA38,7
5529-601AA38,7
5529-601AA34,7
4117-601FA34,7
5529-502AA30,7
5520-502RA,7
5520-502KC,7
5520-502JD,7
5520-502GA,7
5520-502FA,7
5520-502DA,7
5520-502CC,7
5520-502BC,7
1155-403AA48,7
1355-403CB24,7
631-666B30,7
631-60830,7
5520-501BB30,7
631-502PA30,7
6210-501AA34,7
5173-502AB30,7
3153-652AB30,7
3153-601EA42,7
5172-602AA33,7
5172-601AA33,7
5172-501BA33,7
8101-502BC,7
6207-406CA34,7
5172-501AA33,7
5165-641AA36,7
5165-641AA34,7
5165-641AA30,7
5165-602BB30,7
5165-602BA36,7
5165-602BA34,7
1531-501ZQA3238,7
5165-602AA36,7
5165-602AA34,7
5165-602AA30,7
5165-601AA36,7
5165-601AA34,7
5165-601AA30,7
5165-502EA34,7
5165-502AA36,7
5165-502AA34,7
5165-501AB30,7
1831-406AA41,7
5165-501AA36,7
5165-501AA34,7
5163-405BA33,7
5154-641AA36,7
5154-602EA34,7
5154-602BB30,7
5154-602BA34,7
5142-502AA33,7
5518-502AB34,7
5154-601AA34,7
5154-601AA30,7
5154-502EA34,7
5154-502AA30,7
5154-501AA34,7
5154-501AA30,7
5121-602BB30,7
A259-602BA30,7
5142-641AA34,7
1831-501CB30,7
5172-501BA34,7
4109-502JA30,7
5142-602BB30,7
5142-602AA30,7
5142-601AA34,7
5142-601AA30,7
5215-502AA34,7
5142-502AA34,7
5142-502AA30,7
5176-502EB30,7
5142-501NA34,7
5121-641AB30,7
5177-601AA33,7
5121-602AB30,7
5121-601AB30,7
5121-502AA30,7
5121-501AA30,7
3922-502FA30,7
479-641AB30,7
479-602BC30,7
479-602BB34,7
479-602AB34,7
479-601AB38,7
479-601AB34,7
479-601AA33,7
479-601AA30,7
478-502AC38,7
479-502AA34,7
479-501AB38,7
479-501AB34,7
479-501AB33,7
5121-601AB38,7
478-641AC38,7
C352-501BA34,7
120-404CA,7
478-602EC38,7
478-602BC38,7
478-602BC33,7
478-502EC38,7
478-502AC33,7
478-409AA36,7
478-409AA34,7
474-641AC38,7
5154-502EA30,7
1831-501BB26,7
3139-502FB36,7
3139-608AB34,7
474-602CC33,7
474-602CC30,7
474-602BB33,7
474-602BB30,7
474-601AB38,7
474-601AB30,7
1831-501DB36,7
1151-406BA5.5,7
474-601AA33,7
474-502ZA38,7
5213-602CA34,7
5109-602AA33,7
474-502AB33,7
970-40930,7
474-501AB38,7
474-501AB33,7
474-501AB30,7
5534-641AA36,7
5213-602BA34,7
4305-608AA20,7
4305-608AA17,7
4305-608AA16,7
4305-601EA20,7
4305-502FA,7
4305-502EA,7
4305-502DA,7
4117-652AA36,7
4117-601EB34,7
4117-601EB30,7
4115-601EA32,7
4115-601EA30,7
4109-652AA34,7
4109-652AA32,7
1731-103AA14,7
5128-602EB30,7
4109-652AA30,7
3923-652AA26,7
5529-501CA38,7
479-502AB38,7
5529-602EA38,7
5213-602AA34,7
5213-601AA34,7
5213-502AA34,7
5208-501AA34,7
5202-498AA36,7
5142-641AA42,7
5142-641AA40,7
3538-652AA34,7
1731-103BA24,7
3538-652AA30,7
3538-608AA34,7
6108-602EA38,7
3538-608AA30,7
1831-501DC38,7
3167-502AA34,7
3538-601JA34,7
3538-601JA30,7
5142-641AA44,7
4109-601FA30,7
161-406DF36,7
SPL-3011-502AA34,7
3538-502JB30,7
3538-501DA30,7
1831-501BA41,7
3538-501CA34,7
5142-641AA36,7
3636-501CA30,7
3538-501BB34,7
5142-602BA42,7
352B-602JC30,7
3326-501BA30,7
2185-233AA,7
3326-501AA30,7
329-409AA44,7
328-405AA44,7
3239-410EA26,5
3158-601EA17,7
3158-601EA16,7
3153-652AB36,7
1731-401BA14,7
5142-602BB34,7
5142-602BA40,7
352B-602EC34,7
5142-602BA36,7
352B-602EC38,7
3153-608AA36,7
3153-608AA34,7
352B-641AB34,7
5142-602AA42,7
78-409E33,7
3153-608AA30,7
3153-601EB36,7
1731-406DA15,7
3153-601EB30,7
5142-602AA40,7
3153-502JB36,7
3153-502JB34,7
3153-502JB32,7
3153-502JB30,7
5142-602AA36,7
5142-601BA42,7
5142-601BA40,7
3145-652AB30,7
3145-652AA34,7
3145-502BA34,7
3145-502BA32,7
3145-502BA30,7
2190-259BA2500-1A,7
4108-601FA26,7
3139-652AC30,7
3139-652AA28,7
5142-502AA42,7
3139-608AC30,7
3139-608AA28,7
3139-601EB30,7
3139-601EA34,7
3139-601EA28,7
3139-502BA34,7
5142-502AA40,7
3139-502BA30,7
3139-502BA28,7
3164-502EA32,7
5142-502AA36,7
201-602GA13,7
161-441AD34,7
1831-102AA,7
201-602FA13,7
3164-608AA38,7
201-602EA13,7
201-602DA13,7
4121-608AA21,7
201-602CA13,7
161-406SB34,7
201-602BA13,7
201-602AA13,7
1636-431AA30,7
161-403DA38,7
201-502BA13,7
19B-501ZGC17,7
1751-406BC21,7
B336-641BA38,7
5520-502AA38,7
5533-501AA38,7
5520-601AB38,7
5520-501BB38,7
3242-601EA36,7
B336-602BB38,7
B336-602EC38,7
1731-501ZGA19,7
1531-501ZQA30,7
1355-401GA24,7
1731-501ZEA17,7
1731-501ZEA16,7
1731-418AA18,7
1731-417BA24,7
1731-417BA18,7
1731-406BA20,7
1731-401BA24,7
1731-401BA18,7
5142-601AA36,7
1731-103AA18,7
1731-102BA,7
1731-102AA,7
171-406PA34,7
5142-501NA36,7
5142-501BA42,7
170-414AA,7
5142-501BA40,7
3153-608AA32,7
1635-406AA30,7
1635-401AA38,7
3153-652AB32,7
5145-602EA19,7
1635-401AA30,7
1631-401AB38,7
1631-401AB30,7
1631-111FA,7
1631-111NA,7
3153-601EB32,7
1631-111MA,7
1636-401BA30,7
1631-111DA,7
161-404BFA,7
1631-111CA,7
1631-111BA,7
1631-111AA,7
1631-103BA38,7
1631-103AB38,7
1631-103AB30,7
1631-102EA,7
1631-102DB,7
1631-102BD,7
1631-102AD,7
161-441BA38,7
3139-608AC32,7
479-602EB34,7
161-406RE36,7
161-406RE34,7
161-406QE30,7
161-402EC34,7
1231-103GB38,7
1231-103HA38,7
1231-103JA38,7
1231-142CA,7
1231-142DA,7
12-426LB30,7
12-426LB38,7
12Q-411AA30,7
12Q-411BA33,7
12Q-411BA34,7
12Q-411BA36,7
12Q-411BA38,7
12Q-411FA38,7
12Q-411GA38,7
1551-401BA38,7
1151-440AA,7
1044-440EA30,7
1531-501ZQA32,7
K-13801LA,7
12Q-411MB36,7
1331-102LA02,7
1331-102MA02,7
1331-102RA,7
1331-102UA,7
1331-102VA,7
1331-140BA30,7
1331-210HB,7
1331-211HB,7
582-601EA30,7
1331-401FB30,7
1331-401FB38,7
6204-602MB34,7
1531-406AA28,7
1531-406AA30,7
1531-406AA3038,7
1531-406AA32,7
1531-406AA3238,7
1531-406AA34,7
1531-406AA36,7
6201-602CA34,7
6201-602AA34,7
1531-417BA30,7
1531-417BA38,7
1531-418AA30,7
1531-418AA38,7
1831-501BB38,7
1531-501EA30,7
1531-501ZQA28,7
1531-501ZQA3038,7
1531-501ZQA36,7
1531-501ZQA34,7
1551-401AA30,7
1551-401AA38,7
1551-401CA30,7
1551-401CA38,7
161-402CA38,7
161-402CA30,7
1631-111KA,7
161-403CA30,7
161-403CA38,7
161-404AAC,7
161-404ABC,7
161-404ACC,7
161-406CF30,7
161-406DF31,7
1731-406BA17,7
161-406DF33,7
161-406DF34,7
161-406DF38,7
161-406JB34,7
5154-601AA33,7
810-652B34,7
3153-502KB30,7
5154-501AA33,7
826-502JA34,7
815-60834,7
5517-502ZA38,7
6104-606AA38,7
5128-601AA30,7
12-303,7
12-302,7
1631-111QA,7
1631-111RA,7
479-602EB38,7
1931-102AA,7
2185-210AA,7
5165-602AA48,7
5128-502EA38,7
5128-602BB30,7
5128-602BB38,7
5128-602CB38,7
5128-602EB33,7
5128-602AB30,7
4109-601EA30,7
5128-602EA38,7
E474-602EC34,7
954-502EA30,7
5520-501BB36,7
5142-501NA30,7
474-502AB30,7
3923-502AA26,7
3538-502JB34,7
1051-501BB33,7
1731-501ZEA20,7
19B-501ZGC16,7
3538-501CA30,7
1731-406BA16,7
5521-502AA24,7
1551-401AB30,7
1551-401DA38,7
6210-601AA34,7
5520-502PA,7
5529-502EA30,7
479-602FA38,7
6210-501BA34,7
6207-411AA34,7
474-641AB30,7
6210-602FB34,7
6210-502EA34,7
3242-651AB36,7
6210-602GA34,7
6210-602HB34,7
6210-602JB34,7
3242-608AC34,7
6210-606AA34,7
1731-102AB,7
1731-102BB,7
1731-111AA,7
1731-111BA,7
474-641AC34,7
474-641AB38,7
479-641AC34,7
478-641AB33,7
1751-440AC12,7
5145-602AA09,7
1751-414AA12,7
5145-601AA19,7
5145-601AA09,7
5145-601AA13,7
6210-602AC34,7
6210-602BC34,7
6210-602CB34,7
59-405A9,7
5145-501AA09,7
59-409B10,7
59-409B9,7
474-501AB36,7
1751-403AA17,7
1751-103AA17,7
3550-652AA34,7
474-601AB36,7
1751-411AA09,7
1751-406BC09,7
1751-401BB17,7
6108-602BA36,7
474-641AC36,7
1751-401BB24,7
1751-411AA15,7
1751-411AA17,7
1751-103AA24,7
1751-403AA24,7
1751-414AA17,7
5142-501BA44,7
5145-501AA18,7
5521-602HA24,7
5145-501AA15,7
5145-501AA17,7
5530-502EA38,7
1751-411AA18,7
6105-641AA38,7
479-641BA36,7
1751-414AA24,7
5145-601AA17,7
5145-601AA15,7
5145-601AA18,7
3157-601FA30,7
1151-401AA,7
1751-440AC24,7
3154-601EB22,7
5145-602AA15,7
5145-602AA17,7
6104-602DA38,7
6204-602MA34,7
5546-502EA38,7
3550-502BA34,7
3550-601JB34,7
474-602BA36,7
474-502AA36,7
474-602CC36,7
3242-502BA36,7
478-602AC33,7
5145-502JA15,7
5145-502JA09,7
5157-602BA34,7
5157-602AA34,7
59-602GB18,7
3164-652AA34,7
3164-652AA30,7
5145-502JA17,7
5145-502JA18,7
5145-602BA09,7
5145-602CA09,7
5145-602GA09,7
1751-402BA12,7
1751-443AA17,7
1751-443AA24,7
1751-404BA,7
1751-404AB,7
1751-402BA17,7
1751-402BA24,7
810-65230,7
3153-652AB34,7
5529-502AA34,7
59-602GB17,7
5169-502AA36,7
59-602GB15,7
59-602DA17,7
59-602DA15,7
5145-602AA18,7
603-601EA26,7
603-608B26,7
600-502AD26,7
600-502AD34,7
600-652AA26,7
1751-406BC15,7
1751-406BC17,7
1751-406BD18,7
3557-601AB34,7
5154-641AA30,7
3164-601EA30,7
5154-641AA34,7
603-601GA30,7
K-29901GA,7
5145-502EA09,7
81-405EA14,7
5145-602EA09,7
1831-501CB32,7
101-440BB38,7
100-501NA32,7
1035-418AA26,7
161-406RE38,7
3153-601EB34,7
4207-601EA30,7
5172-641AA33,7
5172-602BA33,7
5172-602CA33,7
1151-443AA,7
1151-102AA,7
1151-102BA,7
1151-103AA,7
1151-406AA,7
1151-406BA07,7
1151-414AA,7
1151-501AA,7
1151-501BA07,7
12Q-411AA26,7
12Q-411MB34,7
12Q-411MB38,7
1355-414AA,7
1355-417AB24,7
1531-102DA,7
1531-102EB,7
1531-103BA24,7
1731-501ZEA19,7
208-409CA18,7
259-405A26,7
4305-608AA19,7
TS-5275-608AA30,7
SPL-2521CA30,7
KF30-00901AA,7
SPL-2521DA,7
3164-502EB30,7
1751-411AA19,7
81-405EA19,7
5154-602EA30,7
6104-409CA34,7
59-409B8,7
59-405A8,7
59-405A10,7
600-652AA19,7
5542-405AA30,5
1355-401EA24,7
1632-401AA30,7
1532-431BA30,7
1751-411AA08,7
161-406CEB26,7
171-406LA34,7
1731-406BA19,7
1751-406BC08,7
1751-406BD20,7
5520-502AA30,7
1532-440AA34,7
1151-501BA5.5,7
3242-501AA34,7
3650-501BA34,7
3650-501CA34,7
3923-501AA20,7
5529-501BA38,7
3906-501AA20,7
474-501AB34,7
5145-501AA20,7
5126-501AA26,7
5126-601AA26,7
5145-501AA08,7
5172-501AA30,7
5520-501BA34,7
5540-501AA38,7
474-602CC34,7
478-502EC33,7
474-602DA30,7
474-602DA34,7
162-417AA38,7
162-418AA38,7
1751-406BC12,7
3139-608AA26,7
3650-608AA34,7
3164-502ZA36,7
3923-608AA20,7
3239-608AB30,7
3242-502AA34,7
3650-502JB30,7
3650-502JA34,7
5145-502JA12,7
3906-502JA20,7
12Q-411KA34,7
3922-502EB26,7
3923-502AA20,7
6210-501CA34,7
1155-413AB48,7
5533-501AA34,7
5534-501BA38,7
3242-601EA34,7
3650-601AA34,7
3906-601EA20,7
3922-601EA26,7
3923-601EA20,7
5145-601AA11,7
5145-601AA08,7
5145-601AA20,7
5172-601AA30,7
5176-601AA30,7
5176-601AA34,7
5521-601AB17,7
5534-601AA38,7
6105-601AA34,7
5527-501AA18,7
3659-432AA34,7
3242-651AC34,7
1731-406DA21,7
3650-651AA34,7
3922-601FA32,7
3922-652AB26,7
1731-406DA12,7
3923-652AA20,7
5156-601AB5.5,7
5172-641AA30,7
3166-601EA17,7
1831-501BB36,7
5165-601AA44,7
5534-641AA38,7
6105-641AA34,7
5542-641AA30,7
580-65230,7
748-666AA20,7
6108-641AA38,7
6108-601AA38,7
525-601EA30,7
525-608AA30,7
3166-501BA18,7
525-652AA30,7
5527-501BB18,7
5529-501CA36,7
5529-501BA36,7
1151-402AA,7
335-405AA33,7
1355-402AA24,7
1355-404BA,7
5145-502EA08,7
5145-502JA20,7
5145-502JA26,7
5145-602AA08,7
5145-602CA08,7
5145-602EA08,7
5145-602GA08,7
5145-602AA20,7
5147-602AA26,7
5147-602GA26,7
5156-502AA07,7
5156-502BA07,7
5156-502CA07,7
5156-502EA07,7
5156-602EA07,7
5172-502AB30,7
5172-602AA30,7
5172-602BA30,7
5176-502AA30,7
5176-502AA34,7
5165-602BA32,7
5217-602AA34,7
5534-602BA36,7
5534-602AA36,7
5217-602BA34,7
5534-601AA36,7
5217-602CA34,7
5520-502EA38,7
1831-406AA30,7
5521-502AB18,7
5534-501BA36,7
5521-602AC18,7
120-404DA,7
5521-602BB18,7
5534-502AD38,7
5529-602AA34,7
5534-602AB38,7
5534-602BA38,7
5542-502AA30,7
59-602GB20,7
6105-502AA34,7
6105-602DA34,7
6105-606AA34,7
6108-502FA36,7
6109-502AA38,7
6108-606AA38,7
6108-602AA38,7
6108-602BA38,7
6108-602CA38,7
6108-602DA38,7
945-502JA30,7
6105-602AA34,7
6105-602CA34,7
6105-602EA34,7
TS-5259HA01,5
TS-5259PA01,5
TS-5267-03601AB0580,5
TS-5267-03602AB0580,5
TS-5247-03901AD,5
TS-5247-03901BC,5
2185-236AA,7
1331-259PA2200,7
1651-237BA,7
1531-406AA40,7
5154-502AA34,7
3139-601EA40,7
3139-652AA40,7
1331-102VB,7
3139-608AA40,7
21A2-111AA,7
3139-652AC34,7
SPL-3011-502AA30,7
5142-641AB38,7
87-405EA40,7
3139-502BA40,7
5142-602BB38,7
161-406JB38,7
1831-501DA41,7
100-501NA40,7
3139-502FA34,7
1531-501ZQA40,7
5142-601AB38,7
5142-501NA38,7
1531-406AA26,7
1531-501ZQA26,7
3139-601EA36,7
3139-502BA36,7
3139-608AB36,7
3153-601EB26,7
5176-602AB34,7
3153-608AA26,7
3139-652AC36,7
3153-652AB26,7
3153-502JB26,7
171-406LA36,7
1151-401BA48,7
1151-406CA44,7
1155-141AA48,7
1155-141BA48,7
1155-141CA48,7
1155-402AA48,7
1155-413AA48,7
1155-414AA48,7
1155-440AA48,7
120-404KA,7
121-411BA44,7
12Q-411HA33,7
1531-102QA,7
1531-103JA20,7
1531-501EA26,7
1535-401AA20,7
5165-602AA44,7
161-406CF42,7
161-406PE33,7
162-309DA,7
171-406PA14,7
1731-417CA18,7
3145-502CA30,7
3538-501AA14,7
3538-501BA14,7
5142-602AA33,7
3538-601EA14,7
3538-608AA14,7
3538-652AA14,7
5121-405AA42,7
5121-502AA40,7
5121-501AA42,7
5121-501BA44,7
5121-601AA42,7
5121-601BA44,7
5310-501AA33,7
5310-501BA33,7
479-602EB30,7
5310-601AA33,7
5520-502XA,7
560-601AA26,7
560-60826,7
560-66626,7
1831-501BB34,7
6213-501AA30,7
6213-501BA30,7
6213-601AA30,7
960-409AA26,7
KF30-01101AA,7
3538-502JA14,7
1151-420AA48,7
3153-601FA30,7
5121-502AA42,7
5154-502AA36,7
5154-502EA36,7
3167-502AA30,7
5121-502JA48,7
1831-406AA32,7
6213-502AA30,7
790-502AA26,7
5310-502EA33,7
5177-502AA33,7
5121-602CA48,7
5121-602BA48,7
5121-602AA48,7
4115-601FA30,7
5121-602AA44,7
5121-602CA44,7
5121-602BA44,7
5177-602BA33,7
352B-602BB34,7
5121-602BA42,7
5534-502AA36,7
5310-602KA33,7
5310-602GA33,7
5310-602EA33,7
5310-602LA33,7
5310-602HA33,7
4305-608AA14,7
6104-602DB30,7
3242-608AB36,7
6213-602GA30,7
6213-602HA30,7
6213-602JA30,7
5121-502JA44,7
5121-602AA42,7
161-406PE34,7
478-602AC36,7
C352-601AA34,7
478-602AC30,7
478-602BC30,7
478-409FA34,7
3922-502KA30,7
3922-502JB26,7
78-405FA34,7
5177-602AA33,7
5177-501AA33,7
4305-502HA,7
4305-601EA14,7
3139-601FA34,7
1151-406CA48,7
121-411BA48,7
12Q-411MC31,7
161-402PA31,7
161-441AD31,7
1831-102BA,7
1831-103AA30,7
1831-401AA30,7
1831-401AA36,7
3654-601AA34,7
3558-690AA34,7
3654-601AA30,7
1831-418AA30,7
1831-418AA36,7
1831-501AA34,7
1831-501BA30,7
1831-501BA34,7
5520-502CD,7
1931-102AB,7
1931-111BA,7
2185-210AB,7
2185-211AB,7
3238-502AA34,7
3164-502AA30,7
5109-602BA33,7
5529-501BA30,7
161-406UA38,7
1635-406AA24,7
161-406JB32,7
3164-608AA34,7
5121-501BA48,7
5121-641AA42,7
5121-641AA44,7
1151-401CB48,7
5121-601BA48,7
5121-641AA48,7
6207-406BA3138,7
6207-602BC34,7
87-405EA38,7
G-6501JA,7
G-6501VDB,7
3166-501BA24,7
3139-652AC32,7
3139-502BA32,7
3139-502FA32,7
3139-601EA32,7
1931-102BB,7
1531-406AA42,7
C815-406CA26,7
1532-440FA34,7
6105-602FB38,7
5145-602AA12,7
5145-602BA12,7
5145-602CA12,7
5145-602GA12,7
1531-501ZQA42,7
3324-501BA26,7
5145-501AA12,7
815-501BA26,7
882-501BA34,7
3153-502EA42,7
474-502EA38,7
5109-502AA33,7
TS-5385HA300,7
826-502EA26,7
352B-602BB33,7
352B-602EC33,7
474-602BB38,7
474-602EB38,7
220-40933,7
3153-608AA42,7
815-60826,7
3238-608AA34,7
3238-601EA34,7
5145-601AA12,7
954-601EA26,7
3242-432AA34,7
3238-432AB34,7
3238-651AC34,7
78-405FA33,7
810-409B26,7
810-410CA26,7
810-652B26,7
3153-652AA42,7
5142-602BA44,7
5142-502AA44,7
5142-601BA44,7
5128-502AA38,7
5142-602AA44,7
12Q-411GA34,7
5128-602AA38,7
1931-401AA30,7
6214-502CA34,7
C352-501AA30,7
C352-501BA30,7
C352-601AB30,7
2190-211AA,7
2190-210AA,7
G-6503JA,7
478-641AB30,7
4109-502KA30,7
478-502AC30,7
161-406PE30,7
352B-602EC30,7
352B-502AA30,7
474-601AB34,7
12Q-411FA34,7
5157-502AA34,7
3164-502BA34,7
100-406A30,7
59-405A12,7
59-409B12,7
B336-602BB30,7
B336-602EC30,7
B336-641AB30,7
4117-652AA30,7
4117-652AA34,7
4117-601FA30,7
4117-601EA32,7
4117-652AA32,7
1751-411AA21,7
1831-103AA36,7
12Q-411GA36,7
5529-501BA34,7
5529-501CA34,7
335-501EB30,7
335-501DA30,7
B336-502EB30,7
5308-601AA30,7
12-304C,7
1831-501AA32,7
1831-501BA32,7
1532-440AA36,7
1631-111EA,7
5540-501AA36,7
5520-502LA,7
3158-601EA15,7
1731-406BA14,7
SPL-2950DA22,7
1731-406DA22,7
1731-417BA14,7
1731-418AA14,7
1731-501ZGA14,7
1731-501ZEA14,7
1731-501ZJA22,7
1731-501ZKB22,7
1831-401AA42,7
1831-406AA38,7
4121-652AA21,7
1831-418AA42,7
1831-501AA38,7
1831-501BA38,7
1831-501CA32,7
3139-608BA32,7
3153-652AB38,7
3154-502AA,7
3154-502CA,7
3154-502DA,7
3154-502FA,7
3164-502AA32,7
3164-601EA38,7
608-652AC30,7
3154-608AB22,7
5121-502EA30,7
3154-652AB22,7
3164-502AA38,7
3242-432AA30,7
3242-432AA36,7
3242-501AA36,7
5156-602AA5.5,7
6105-502FA34,7
3538-502FA34,7
3550-502EA34,7
19B-406ZA22,7
3139-601EA26,7
3139-608BA30,7
3145-502BA26,7
5176-502EB34,7
5154-602AA30,7
4305-608AB15,7
3145-652AA26,7
352B-502AA33,7
5142-501AB33,7
3145-502EB38,7
5142-601AA33,7
5142-602BB33,7
5142-641AA33,7
C352-601AA33,7
2185-211BA,7
3164-502AA40,7
5165-502AA38,7
6207-502SB34,7
5165-602AA38,7
5165-602BA38,7
6207-602AD34,7
5520-502HA,7
3164-608AA36,7
1751-406CA19,7
6207-602DC34,7
6207-602FE34,7
6207-602GD34,7
6207-602HD34,7
6207-602JD34,7
6207-602KB34,7
6207-602NA34,7
6207-602PA34,7
1051-501BA38,7
161-402FC34,7
1831-406AA36,7
1831-406AA40,7
1831-501AA36,7
1831-501AA40,7
1831-501BA36,7
1831-501BA40,7
3153-652AB40,7
3557-652AA30,7
3164-601EA40,7
3164-608AA32,7
21A2-103AA30,7
3164-502EB34,7
3164-608AA40,7
5610-601AB34,7
3922-601FA30,7
3922-652AB30,7
5142-501AA38,7
5165-501AA38,7
5165-601AA38,7
5165-641AA38,7
5312-501AA33,7
5312-501BA33,7
6207-501BB34,7
6207-501CA34,7
6207-601AC34,7
G-6501JB,7
K-17201D,7
G-6503KA,7
2185-210BA,7
3164-502EA36,7
1931-102AC,7
1931-102BC,7
KF20-03601EA0560,7
KF20-03602EA0560,7
1155-440AB48,7
3139-608BA34,7
5520-502KD,7
1531-406AA2230,7
1531-501ZQA2230,7
1631-111QB,7
1731-501ZGA22,7
1931-111BB,7
3139-502BA38,7
3139-601EA38,7
3139-608AA38,7
3139-652AC38,7
3504-409AA26,7
1331-210HA,7
1331-211HA,7
4305-608AA22,7
5154-501AA36,7
5154-601AA36,7
5154-602BA36,7
1831-501DB32,7
5154-602EA36,7
600-652AA22,7
81-405EA22,7
5534-502AE38,7
1532-440AA30,7
3242-501AA30,7
3242-601EB30,7
3242-608AD30,7
3242-651AD30,7
2190-259BA2200-1A,7
1931-401AA36,7
1931-401AA42,7
3242-502BA30,7
1831-103AB30,7
1831-103AB36,7
5529-501AA30,7
580-652AA41,7
1331-259PB2500,4
1331-259PB2200,4
1331-259PB2650,4
3650-601AA30,7
3650-651AB30,7
1532-436BC30,7
171-406PA30,7
3650-501BA30,7
3650-608AB30,7
3659-432AA30,7
5542-602AA34,7
100-406DA26,7
5542-641AA34,7
G-6501JC,7
2190-259BA2350,4
1831-102BB,7
5176-641AA30,7
631-502RA26,7
3153-502JC34,7
1731-103BA18,7
1731-401CA18,7
1731-501ZJA18,7
1731-501ZKA18,7
1831-501CA30,7
3139-601FA30,7
3154-502BA,7
3164-502EA26,7
3154-601EA18,7
3154-652AA18,7
5121-602EB30,7
5165-502AA40,7
5154-502AA38,7
580-65226,7
2190-259BA2350-1A,7
5154-641AA38,7
5154-602AA38,7
5154-601AA38,7
5154-501AA38,7
5154-602BA38,7
479-641AC38,7
3164-608AA30,7
1355-406AB18,7
5546-501AA38,7
3154-608AA18,7
4305-601EA19,7
4305-601EA22,7
5121-602LA30,7
5121-602FA30,7
3242-502BA34,7
5539-602BA38,7
478-602AC38,7
161-406CF38,7
479-602AB38,7
3650-608AA26,7
3659-432AA26,7
5521-602CA24,7
3650-601AA26,7
3650-502JB26,7
171-406PA26,7
3650-501CA26,7
3650-501BB26,7
1532-436BC26,7
3650-651AA26,7
1831-501BA42,7
335-501EB33,7
B336-641AB33,7
335-501DA33,7
12Q-411BA32,7
3164-608AA42,7
4113-502KA30,7
1831-103AA42,7
1831-501AA42,7
B336-602EC33,7
3164-502AA42,7
3164-601EA42,7
1831-406AA42,7
B336-602BB33,7
5308-601AA33,7
B336-502AB33,7
3153-502JB38,7
3153-601EB38,7
3153-608AA38,7
3153-502JA42,7
888-651AA30,7
2185-233AB,7
5165-602AA42,7
1551-401CB38,7
1831-501AA26,7
5121-641AB38,7
1831-501BA26,7
3164-502YA34,7
3164-502AA26,7
888-601JA30,7
3164-608AA26,7
5517-501BB34,7
12Q-411AA38,7
3654-651AA30,7
5517-641AA34,7
6104-502AB34,7
6104-601AA34,7
6104-602AA34,7
6104-602DA34,7
6104-602EA34,7
6104-602CB34,7
6104-606AD34,7
K-13801E,7
5520-601AB30,7
6108-601AA34,7
5545-501AA30,7
6108-606AA34,7
6108-641AA34,7
1931-401AB42,7
5213-602EA30,7
3557-601AA34,7
5108-641AA42,7
3557-652AA34,7
5545-502BA30,7
5545-502GA30,7
3139-601FA36,7
6108-602AA34,7
6108-602BA34,7
6108-602CA34,7
6108-602DA34,7
6108-602EA34,7
SPL-2798-406AA32,7
3557-608AA34,7
171-406RA34,7
3557-501AA34,7
5545-502HA30,7
5545-502JA30,7
5545-502EA30,7
3164-502ZA30,7
352B-602FA30,7
SPL-2832-406AA30,7
SPL-1881AB38,7
65-40533,7
KF20-03602EB0800,7
KF20-03601EB0800,7
1831-501DA32,7
3166-601EA22,7
3166-608AA22,7
3166-502FA,7
3166-502DA,7
335-405AA34,7
3166-652AA22,7
5165-501AA44,7
3166-501BA22,7
3922-652AA32,7
3922-502KA32,7
3101-502EA38,7
8101-502CC,7
8101-502FA,7
8101-502DA,7
8101-502KC,7
SPL-1635-401AA38,7
115-103CA38,7
1631-111LA,7
1631-141AA,7
5108-502EB38,7
5108-602BB38,7
5108-602EC38,7
5108-641AB38,7
KF20-03901BA,7
5179-502EA34,7
TS-5391AA26,7
100-501AB30,7
201-409BA15,7
478-409BA33,7
1231-103DB38,7
1231-142AB,7
1331-102GA,7
1531-309CA,7
1331-102EA,7
5180-502EA30,7
5180-602CA30,7
5180-602BA30,7
120-404HA,7
120-404JA,7
120-404LA,7
G-6501GD,7
1161-411AA48,7
1155-111AA,7
1151-406DA48,7
1155-402BA48,7
6105-501AA48,7
6105-501BA48,7
6105-601AA48,7
1751-406BC10,7
1751-406BC11,7
3145-502BA38,7
1831-501DA30,7
5142-501NA32,7
5142-502AA32,7
5142-601AA32,7
5142-602AA32,7
5142-602BB32,7
5142-641AA32,7
5145-501AA10,7
5145-502JA10,7
5145-501AA19,7
485-502JA34,7
5145-502JA19,7
59-602DA13,7
59-602GA13,7
600-502ZA30,7
1751-406BC16,7
5534-602EA38,7
1751-406BC13,7
1751-406BD19,7
1751-406BC14,7
1751-411AA16,7
1751-411AA10,7
1751-411AA14,7
1751-411AA13,7
1751-411AA11,7
59-602DA19,7
59-602GB16,7
59-602GB19,7
5145-602AA13,7
5145-602AA11,7
5145-602AA10,7
5145-602AA19,7
5145-602AA16,7
5145-602AA14,7
5145-602BA14,7
5145-602BA11,7
5145-602BA10,7
5145-602CA11,7
5145-602CA10,7
5145-602GA10,7
5145-602GA11,7
5145-502JA11,7
5145-502JA13,7
5145-502JA14,7
3164-502AB30,7
5145-502JA16,7
5145-601AA16,7
5145-601AA14,7
5145-601AA10,7
5145-501AA11,7
5121-602BA38,7
5145-501AA16,7
5145-501AA14,7
5145-501AA13,7
5121-602AB38,7
59-409B11,7
59-405A11,7
6108-602EB38,7
485-602EB34,7
485-641AC34,7
485-602BA34,7
3538-502EA34,7
5534-502EA38,7
6109-502FA36,7
3662-601AA34,7
2190-259BA2300-1A,7
6105-602CA48,7
6105-602DA48,7
6105-602EA48,7
6105-602AA48,7
6105-641AA48,7
6105-502AA48,7
5172-502AB33,7
K-13801D,7
6105-606AA48,7
3151-652AC30,7
3165-502AA34,7
6105-502FA38,7
1831-501EA34,7
5121-502AA38,7
KF20-03601EB0560,7
KF20-03602EB0560,7
3151-601FA30,7
3151-608AA30,7
3151-502LA30,7
600-65234,7
1355-406AB17,7
1355-406AB20,7
1731-102EA,7
208-409CA17,7
208-409CA20,7
3153-502KA30,7
3157-502AB30,7
5181-502AA19,7
5521-502AB17,7
5521-502AB20,7
5154-602AA36,7
5181-602AA19,7
5181-602BA19,7
5181-602GA19,7
5521-602AC17,7
5521-602AC20,7
5521-602BB17,7
5521-602BB20,7
5541-502EA38,7
582-502ZA30,7
5181-641AA19,7
3157-601EA30,7
5521-601AB19,7
5176-601BB30,7
5527-501AA17,7
5527-501AB20,7
5527-501BB17,7
5527-501BC20,7
1731-111CA,7
1731-111DA,7
1731-111EA,7
1731-102DA,7
4207-502AA34,7
5176-602BA30,7
5176-602AB30,7
5181-501AA19,7
5121-502AA36,7
3652-502EA30,7
5181-601AA19,7
1631-111UA,7
1631-111VA,7
1531-128BA,7
1731-501ZKA24,7
161-406CF40,7
1831-406AA28,7
3153-502KA26,7
3153-502KA28,7
3153-502KA32,7
5121-602AA40,7
5121-602BA40,7
1831-501BA28,7
1831-501DA26,7
1831-501DA28,7
3153-601FA26,7
3153-601FA28,7
3153-601FA32,7
5121-601AA40,7
3153-608AA28,7
3153-652AB28,7
5121-501AA40,7
5121-641AA40,7
3166-501BA17,7
ES61-00301AB,7
ES61-00301BC,7
ES61-00101FA,7
SPL-2841-401AA24,7
1551-401FA38,7
478-502ZA38,7
2185-210AC,7
2185-211AC,7
G-6501JE,7
1831-501DA36,7
1831-501DA42,7
485-641AB36,7
485-502JA36,7
485-602BA36,7
485-602EB36,7
1831-501DA34,7
3164-502EA34,7
5165-501AA40,7
5165-641AA40,7
5165-602BA40,7
5165-602AA40,7
5165-601AA40,7
3662-608AB34,7
3662-601EA34,7
3662-502EA34,7
3662-501BB34,7
3662-501AA34,7
3555-652AA34,7
3153-601FA34,7
3153-502KA34,7
1331-102VC,7
5108-641AB30,7
5165-641AA42,7
5165-501AA42,7
5165-601AA42,7
G-6503GD,7
G-6503KC,7
3558-601EA34,7
KF20-03601EB0850,7
KF20-03602EB0850,7
3558-666AA34,7
3164-502BA30,7
3558-502EA34,7
3650-432AA30,7
5108-502EB30,7
5108-602EC30,7
5165-502AA42,7
5165-602BA42,7
5213-602BA30,7
5213-602CA30,7
4113-601FA30,7
3650-501BB30,7
3650-502FA30,7
5218-502EA30,7
TS-5420AA19,7
12Q-411KB31,7
5213-498AA30,7
5213-501AA30,7
5213-601AA30,7
161-406SB3138,7
161-402JA31,7
1551-401GA38,7
1631-103DA30,7
4206-651AA30,7
4206-601JA30,7
4206-502AA30,7
5165-501AA46,7
K-22601AA,7
1731-111EB,7
1731-111CB,7
1731-111DB,7
1751-103BA24,7
81-405EA18,7
220-40934,7
TS-5523AA300,7
1831-501BB30,7
1831-501BB32,7
1751-406CB19,7
3153-502FA30,7
4109-652AA26,7
4109-601EA26,7
3139-652CA30,7
1831-501DB26,7
479-641AB33,7
3166-652AA16,7
3166-601EA19,7
TS-5426CA26,7
TS-5426BA26,7
479-602BC38,7
4109-502JA26,7
6108-502AA38,7
3164-502EA30,7
479-502AB33,7
479-602AB33,7
479-602BC33,7
3153-502FA26,7
5132-502JA30,7
1731-401DA18,7
3166-601EA16,7
3166-601EA18,7
3166-652AA18,7
3166-652AA19,7
3166-608AA19,7
485-641AC36,7
12Q-411FB38,7
6104-602AA30,7
5520-502RB,7
TS-5426EA26,7
1731-406DA18,7
1731-406DA19,7
6109-502FA38,7
101-440BB30,7
474-502EA30,7
474-602EB30,7
5174-602BA33,7
3164-502AB26,7
5529-602FA38,7
3139-608BA26,7
3139-601FA26,7
970-40918,7
479-501AA3038,7
161-406DG3138,7
4121-502EA21,7
5156-502QA07,7
3164-502XA30,7
970-40919,7
603-502EA26,7
5174-602AA33,7
600-502BA34,7
352B-502AA34,7
5533-602AA34,7
5156-502PA07,7
5156-502NA07,7
5156-502MA07,7
3650-432AB34,7
21A2-111BA,7
21A2-102AA,7
1831-501CA26,7
3139-652CA26,7
5154-602AA34,7
3166-501BA12,7
3166-501BA23,7
3166-601EA24,7
3166-601EA23,7
3166-608AA24,7
1731-406DA23,7
1731-406DA24,7
3166-652AA24,7
3166-652AA23,7
3165-502AB30,7
3147-502JA34,7
1731-103BA14,7
1731-401CA14,7
1731-406DA20,7
1731-501ZKA14,7
5142-602AA34,7
3504-501AA30,7
608-608B30,7
3166-652AA12,7
3166-652AA20,7
3166-652AA21,7
3142-652BA30,7
1751-443BA17,7
5173-641AA34,7
6104-606AE34,7
3166-501BA20,7
1731-501ZEA22,7
3166-501BA21,7
5143-501AA14,7
1831-501DC40,7
3166-608AA20,7
3166-608AA21,7
3166-608AA12,7
3166-601EA12,7
3166-601EA20,7
3166-601EA21,7
3142-601FA30,7
5143-601AA14,7
5173-502EC34,7
1331-102VD,7
5520-502JE,7
5520-502BE,7
3142-502KA30,7
5143-602CA14,7
5143-602BA14,7
3636-501BB34,7
5143-602AA14,7
5143-502JA14,7
1831-401AB42,7
3164-601EA26,7
5165-641AA44,7
6105-602CC42,7
1731-401CA24,7
3166-502CA,7
21A2-211AA,7
3164-502AB32,7
5533-602BA34,7
5173-641AA30,7
3145-652BA30,7
3101-652AA7.6,7
5176-602BA34,7
3101-601EA7.6,7
1731-501AA7.6,7
1731-406BA7.6,7
5310-501AA30,7
5310-601AA30,7
5310-501BA30,7
12Q-411HA31,7
81-4057.6,7
5160-502AA33,7
5160-602AA33,7
5173-502EC30,7
5160-602BA33,7
582-502EA7.6,7
3165-502EA30,7
5310-602MA30,7
5310-602KA30,7
5310-602GA30,7
5310-502AA30,7
474-502AA34,7
474-602BA34,7
5181-641AA22,7
5181-501AA22,7
5181-601AA22,7
171-475DA,7
130-407AA13,7
5310-602NA30,7
1751-411AA22,7
1751-406CB22,7
1751-103BB24,7
2190-259CA2200-1A,7
600-652BA30,7
3504-601AB30,7
1635-401BA38,7
3501-63001BA30,7
1035-406BA30,7
3164-502AB34,7
5518-502AA38,7
3504-608BA30,7
3504-409AA30,7
1751-440AC17,7
201-602BA14,7
5165-502AA44,7
582-502FA30,7
5181-502AA22,7
5181-602GA22,7
5181-602AA22,7
5165-602BA44,7
SPL-2823BA,7
5517-501CA38,7
5517-601AA38,7
3147-502LA30,7
SPL-2823AA,7
KS51-00101AC,7
3504-502JB30,7
1831-406AA26,7
3164-601EA34,7
3164-601EA32,7
3139-652CA34,7
580-652BA30,7
5176-601BB34,7
5176-641AA34,7
1831-501DA3036,7
1831-501BA3036,7
1831-406AA3036,7
3661-432AA30,7
3660-501BB30,7
3538-601EA24,7
1831-501BB42,7
1831-501DB42,7
3538-608AA24,7
3538-652AA24,7
3147-502MA30,7
3538-501AA24,7
3554-652AA34,7
3554-608AA34,7
3554-601EA34,7
3538-501BA24,7
3660-501CA30,7
3660-651AA30,7
582-601FA30,7
3660-608AB30,7
3660-601AA30,7
3660-502AA30,7
5520-502AA34,7
3153-502KB34,7
5165-601AA46,7
3164-502EA42,7
3554-502EA34,7
3538-502JA24,7
1831-501DB28,7
1831-501BB28,7
5165-601AA32,7
5165-501AA32,7
161-406DF32,7
3154-608AA16,7
3154-652AA16,7
1731-501ZJA16,7
3154-601EA16,7
3154-608AA19,7
3154-652AA19,7
1731-501ZJA19,7
3154-601EA19,7
161-406CF36,7
5121-501AA36,7
5121-601AB36,7
5121-641AB36,7
12Q-411AA36,7
3153-502FA28,7
5121-602AB36,7
5121-602BA36,7
5165-502AA32,7
3153-502FB30,7
582-601FA41,7
3164-502ZA38,7
3164-502EB32,7
2190-211AB,7
2190-210AB,7
582-502ZA41,7
582-502FA41,7
5156-502QA5.5,7
5156-502NA5.5,7
5156-502MA5.5,7
5156-502PA5.5,7
603-60841,7
5156-409AA5.5,7
5156-405AA5.5,7
3164-502ZA34,7
600-652BA26,7
1831-501EA26,7
1831-501DB40,7
1831-501BB40,7
12Q-411NB31,7
5517-501BB30,7
5517-641AA30,7
6104-409CA30,7
6104-601AA30,7
12Q-411MB31,7
5517-501AA30,7
6104-602EA30,7
6104-602CB30,7
6104-502AB30,7
3164-502AB36,7
3164-502AB38,7
3164-502AB40,7
600-502BA26,7
603-601GA26,7
3164-601EA36,7
TS-5453BA26,7
TS-5453DA26,7
TS-5453CA26,7
4105-409AA30,7
TS-5454BA34,7
SPL-2890-103AA30,7
SPL-2890-102AA,7
631-60826,7
631-666B26,7
1631-103CA30,7
ES61-00301FA,7
975-652AA30,7
5145-502EA19,7
888-502AB30,7
5143-602CA13,7
5143-602AA13,7
5143-502JA13,7
E474-502JB34,7
E474-602BB34,7
975-502JA30,7
5546-502BA38,7
5546-502CA38,7
5546-502GA38,7
5143-501AA13,7
5143-601AA13,7
201-409DA13,7
201-409DA14,7
560-601BA26,7
1731-406DA17,7
100-406DA30,7
130-407AA14,7
C352-501BA33,7
C352-501AA33,7
975-601EA30,7
975-501CA30,7
975-501BA30,7
TS-5467AA30,7
6104-606AC30,7
1532-440CA34,7
3166-501BA19,7
3166-501BA15,7
3166-601EA15,7
3166-608AA15,7
3166-652AA15,7
4305-608AA21,7
1731-406BA21,7
1731-406BA22,7
81-405EA21,7
1731-501ZEA21,7
1731-501ZGA21,7
4305-601EA21,7
600-652AA21,7
603-601GA38,7
ES61-00301EA,7
2190-259BA2650-1A,7
3239-432AC34,7
3239-651AC34,7
3239-608AA34,7
3239-601EA34,7
1831-501DB41,7
201-602GA14,7
201-602FA14,7
201-602EA14,7
4121-601EA21,7
201-602DA14,7
201-602CA14,7
201-602HA14,7
3166-652AA17,7
2190-259CA2650-1A,7
600-502KA38,7
3239-502AB34,7
3153-502KB32,7
3153-502FB26,7
5530-502EA34,7
5517-602FA30,7
5517-602BA30,7
5517-602GB30,7
3157-502FA30,7
5517-602AA30,7
5517-502AA30,7
5517-602EA30,7
3153-502KB26,7
5517-601AA30,7
3922-601FA34,7
3922-652AA34,7
1631-103CA38,7
12Q-411LA34,7
4207-601EA34,7
4207-608AA34,7
815-501BA34,7
1532-440DA34,7
954-601JA34,7
3237-432AC34,7
954-501BA34,7
4207-651AB34,7
SPL-1881EB33,7
5611-502AA34,7
5610-602BB34,7
3922-502KA34,7
6108-502FA38,7
5610-602AB34,7
5610-602CB34,7
5108-602BC30,7
954-502JA34,7
5165-502EA38,7
SPL-1881AB33,7
TS-5480BA26,7
TS-5480AA26,7
5154-641AA32,7
5154-601AA32,7
5154-501AA32,7
3139-652CA36,7
161-404AEC,7
6110-501AA38,7
6110-601AA38,7
1631-111HB,7
1631-111GA,7
1635-401CA38,7
3557-608AA30,7
5154-602BA32,7
5154-502AA32,7
6110-602DA38,7
6110-502JA38,7
6110-502EA38,7
6110-502BA38,7
6110-502GA38,7
ES61-00601BA,7
ES61-00601AA,7
3557-502EA30,7
479-502EB30,7
3538-502EA30,7
3153-502FA36,7
479-502EB33,7
479-602EB33,7
5168-502AA33,7
5154-602AA32,7
6110-602EA38,7
6110-641AA38,7
6110-602CA38,7
171-406RA30,7
3557-601EA30,7
3557-501AA30,7
6110-602AA38,7
3153-601FA36,7
1831-501CA36,7
1831-501CA38,7
3662-432AA34,7
3139-652CA38,7
3139-608BA38,7
3139-608BA36,7
3139-601FA38,7
3662-652AA34,7
12Q-411JA34,7
5208-601AA34,7
80-406B26,7
5181-601AA20,7
5181-501AA20,7
5181-641AA20,7
5181-641AA17,7
5108-641AA33,7
SPL-3004AA38,7
3557-502BA34,7
5181-502AA17,7
5181-602AA17,7
5181-602AA20,7
5181-602GA20,7
5181-602GA17,7
5108-602EC33,7
5108-602BB33,7
5108-502EB33,7
5208-502JB34,7
5208-602AA34,7
5208-602BB34,7
5208-602CA34,7
5181-502AA20,7
1751-406CB20,7
1751-406CB16,7
1751-406CB17,7
5181-501AA17,7
5181-601AA17,7
479-502AB30,7
115-103CB38,7
1751-401CA24,7
5181-641AA21,7
5181-501AA21,7
5181-501AA18,7
1751-406CB21,7
1751-406CB18,7
5181-641AA18,7
5181-602GA18,7
479-602BD38,7
5181-602BA21,7
5181-602AA21,7
5181-602AA18,7
5181-601AA21,7
5181-601AA18,7
5181-602GA21,7
3239-502AB30,7
3239-432AB30,7
3239-601EA30,7
1532-440CA30,7
3239-651AC30,7
1531-501ZRA34,7
100-501QA34,7
5181-502AA18,7
5181-502AA21,7
3145-502BB34,7
161-406DG31,7
1831-501DB34,7
3558-502AA34,7
478-502AC36,7
1532-440FA30,7
161-402LB34,7
TS-5487BA16,7
3238-601EA30,7
3238-502AA30,7
3238-432AB30,7
1831-501CB34,7
3238-651AC30,7
3238-608AB30,7
5520-601AA34,7
5154-602CA36,7
B336-602BB34,7
B336-602EC34,7
3139-601FA32,7
B336-641AC34,7
3139-652CA32,7
1731-501ZGA18,7
600-652AA18,7
4305-601EA18,7
1731-501ZEA18,7
1731-406BA18,7
4305-608AA18,7
600-652BA34,7
3147-502MA34,7
603-601GA34,7
5612-601AA34,7
5612-602AA34,7
3638-501CA34,7
3654-432AA34,7
5612-602CA34,7
3654-608AA34,7
6214-502AA34,7
6214-501BA34,7
5612-602BA34,7
6214-501AA34,7
3654-651AA34,7
5612-602DA34,7
ES61-00301FC,7
5612-602EB34,7
631-60126,7
631-502NA26,7
TS-5486AA16,7
TS-5469FA38,7
5546-502CB38,7
6207-411AB34,7
3559-601AA34,7
5546-502BB38,7
3558-601AA34,7
3652-501BC30,7
3652-432AA30,7
5546-502CC38,7
5546-502BC38,7
3652-601AA30,7
3652-608AA30,7
3652-651AA30,7
3662-501AA30,7
479-502AB34,7
6104-602EA36,7
6104-601AA36,7
6104-602AA36,7
6104-602CA36,7
6104-602DA36,7
12Q-411FB36,7
3538-502ZA34,7
6104-502AA36,7
5517-501BA36,7
5517-501CA36,7
5517-641AA36,7
474-502AB38,7
TS-5486KA16,7
TS-5486LA16,7
TS-5486MA16,7
TS-5486NA16,7
SPL-2920AA30,7
3154-601EA20,7
3154-608AA20,7
3154-608AB18,7
3154-652AB18,7
SPL-1881AA30,7
600-502BA30,7
3154-652AA20,7
3164-502AB28,7
3164-502EA38,7
3164-601EA28,7
3164-608AA28,7
479-502AB36,7
6104-502EA30,7
6104-602FA30,7
C479-602AA36,7
C479-602AB34,7
C479-602BA36,7
C479-602BD34,7
3145-502BB30,7
19B-406ZA17,7
1731-501ZJA20,7
5546-502CD38,7
5546-502BD38,7
5546-502GB38,7
5546-502EC38,7
1551-401AC30,7
1551-401CC30,7
1551-401CC38,7
1551-401AC38,7
161-403CB30,7
161-403CB38,7
3922-502FA32,7
3636-901AB30,7
E474-502EB30,7
5172-502AC30,7
5143-502JA24,7
5143-501AA24,7
5143-602AA24,7
1751-406BC24,7
5143-601AA24,7
1751-411AA24,7
5143-602BA24,7
5143-602CA24,7
12Q-411GA32,7
5517-601AB34,7
5517-602AB34,7
5517-602BB34,7
5517-602EB34,7
5517-602FB34,7
5517-602GB34,7
5517-602HB34,7
3654-608AA30,7
5518-502AA34,7
2190-259CA2500-1A,7
SPL-2927AA30,7
5165-501BA36,7
1051-501GA38,7
5165-601BA36,7
162-406BB26,7
3557-502EA34,7
3557-601EA34,7
5518-502EA34,7
474-602EA36,7
474-502EA36,7
G-6503KD,7
1551-401FA30,7
5143-501AA20,7
5143-601AA20,7
3114-6101FA26,7
3114-6301AB26,7
3114-6601AA26,7
5143-502JA20,7
5143-602AA20,7
5143-602BA20,7
5143-602CB20,7
3114-5102FA26,7
479-602BD30,7
TS-5539AA30,7
TS-5539BA30,7
161-406RE42,7
161-404ACG,7
1551-401EB38,7
12Q-411FB42,7
6105-641AA42,7
6105-601AA42,7
6104-409BA42,7
5520-501DA42,7
5533-501AA42,7
6105-502FA42,7
5121-602LA36,7
5121-602FA36,7
5121-502EA36,7
479-602BD34,7
6105-602AB42,7
6105-602EB42,7
21A1-259AA1471-1A,7
1631-111PA,7
12Q-411BAC42,7
1331-211JB,7
1331-210JB,7
1631-401AC30,7
SPL-2950AA22,7
3922-601EA30,7
3558-502ZA34,7
3561-601EA34,7
3922-502JD30,7
3248-432AA30,7
2185-211CA,7
2185-210CA,7
5156-502JA07,7
5156-602AA07,7
5167-502EA34,7
5167-602BA34,7
5167-602EA34,7
3139-608AB26,7
4117-601FA26,7
5154-502EA38,7
4117-652AA26,7
1151-401BB48,7
3562-601EA34,7
3562-608AA34,7
3562-652AA34,7
1155-403AB48,7
5520-502EA34,7
6110-502BB38,7
6110-502GB38,7
6110-502JB38,7
3662-502ZA34,7
6105-606AD42,7
5154-602EA38,7
6110-502EB38,7
5213-602EA34,7
1551-401BB38,7
161-403DB38,7
5213-502EA34,7
1331-102PA,7
580-652AA15,7
81-405EA15,7
1731-406BA15,7
3158-601EA19,7
4305-608AB19,7
580-652AA19,7
580-652AA21,7
3158-601EA21,7
161-441AC36,7
161-406SB36,7
161-402JA36,7
12Q-411KA36,7
5213-601AA36,7
5213-501AA36,7
6110-606AA38,7
1731-501ZEA15,7
19B-501ZGD15,7
582-502EA15,7
19B-501ZGD19,7
19B-501ZGD21,7
582-502EA17,7
582-502EA19,7
582-502EA21,7
B336-502EB33,7
5213-602CA36,7
5213-602BA36,7
5213-602AA36,7
5213-502AA36,7
5213-498AA36,7
960-601BB34,7
962-652AA34,7
962-608AB34,7
5532-602AA30,7
5532-602BA30,7
3636-502JA34,7
3536-501BA34,7
1355-402AB24,7
1631-102FA,7
1631-103GA24,7
5527-501AA24,7
5527-501BA24,7
208-409CA24,7
478-602BC36,7
ES61-00301AC,7
5165-501AA33,7
5165-502EA33,7
5165-602AA33,7
1631-111ZA,7
1631-111YA,7
1631-111XA,7
5165-601AA33,7
1631-103EA30,7
1631-102GA,7
1551-401HA30,7
5165-602BA33,7
5165-602CA33,7
5165-641AA33,7
5545-502LC30,7
5545-502GD30,7
5545-502EB30,7
5545-502BD30,7
5545-502JD30,7
5179-641AA34,7
1551-401DB38,7
SPL-1522GAA,7
5181-641AA16,7
5181-501AA16,7
5181-601AA16,7
6111-602CA30,7
6111-602BA30,7
6111-602AA30,7
6111-602DA30,7
6111-502ZA30,7
5181-602BA16,7
5181-502AA16,7
5181-602AA16,7
5181-602GA16,7
631-502NA30,7
SPL-2981-236AA,7
5208-502JC34,7
6210-502FA34,7
3167-601EA30,7
3167-608AA30,7
3167-652AA30,7
5157-602BA30,7
5157-602EA30,7
5183-602AA33,7
5183-502AA33,7
5157-502EA30,7
5183-501AA33,7
5183-602BA33,7
5183-601AA33,7
5108-602BB42,7
478-409BA30,7
161-402NA34,7
3559-601EA34,7
3151-502JB34,7
SPL-2974AA34,7
G-6503HB,7
KF30-00901AB,7
ES61-00101FB,7
5173-502EA38,7
121-411BA46,7
5165-502AA46,7
5165-602AA46,7
5165-602BA46,7
5517-501BA38,7
5165-641AA48,7
1151-406CA46,7
5165-602BA48,7
5165-502AA48,7
5165-641AA46,7
12Q-411FB34,7
5165-501AA48,7
5165-601AA48,7
3652-601AB34,7
6214-601AA34,7
5517-602EA38,7
5517-602BA38,7
5517-602AA38,7
5517-602GA38,7
5517-602HA38,7
3153-502FB28,7
5517-602FA38,7
6213-502AA34,7
6213-602CA34,7
6213-602AA34,7
6104-602DB34,7
6213-602EA34,7
6213-501BA34,7
3654-432AA30,7
3638-501CA30,7
3538-501BC30,7
3662-608AC34,7
3563-652AA34,7
5517-602GC34,7
3563-502ZA34,7
5517-602KA34,7
5518-502CA34,7
3153-502JC26,7
161-403HB38,7
12-305,7
5108-501AA42,7
474-601AA42,7
3562-652AB34,7
5108-602EA42,7
5108-502EA42,7
3562-502ZB34,7
ES61-00301FD,7
ES61-00301BD,7
4104-502FA30,7
3167-601EA34,7
3167-608AA34,7
3167-652AA34,7
4105-666AB30,7
4105-601FA30,7
4105-608AA30,7
SPL-3004BA40,7
SPL-3006AA30,7
TS-5613AA380,7
3650-502GA30,7
1551-401JA38,7
3650-601BA30,7
5218-502EA34,7
SPL-2843-402DA38,7
SPL-2843-401CA38,7
SPL-2843-403FA38,7
SPL-2843-404AA,7
SPL-2843-406AA38,7
SPL-2843-411CA38,7
SPL-2843-414AA,7
SPL-2843-418AA38,7
SPL-2843-440EA38,7
SPL-2843-442,7
SPL-2843-501AA38,7
SPL-2843-601BA38,7
6110-602EB38,7
6110-602DB38,7
6110-602CB38,7
6110-602AB38,7
1636-401EA30,7
1044-430FA,7
3650-501DA30,7
1636-431CA30,7
SPL-2843-102AD,7
SPL-2843-102BD,7
SPL-3008AA30,7
SPL-3010-502AA34,7
SPL-3012-502AA38,7
3139-502BB30,7
3139-502BB34,7
5218-502EA36,7
5145-502EA24,7
59-602GB24,7
5145-601AA24,7
5145-501AA24,7
740-409HA140,7
810-410DA340,7
5170-409AA330,7
355-409300,7
5540-405BA360,7
87-405RA300,7
87-405GA380,7
740-409DA380,7
740-410HA380,7
57-409E300,7
6104-409CA380,7
816-405EA340,7
810-409B340,7
5177-405AA330,7
970-410CA190,7
478-409KA420,7
478-409AA400,7
87-405MA300,7
65-409MA300,7
5306-405AB380,7
335-405AA380,7
3326-405AA340,7
3239-410EA340,7
5181-405AA220,7
279-409DA330,7
279-409A300,7
272-405AA300,7
3239-410EA300,7
5211-409AA360,7
279-409A380,7
975-410AA300,7
975-405AA300,7
970-410CA300,7
970-410CA260,7
970-409260,7
970-405FA300,7
970-405CB260,7
960-409BA300,7
960-409AA340,7
960-409AA300,7
960-409AA160,7
87-405JA420,7
87-405GA360,7
87-405GA340,7
87-405GA300,7
87-405EA360,7
87-405EA340,7
87-405EA320,7
87-405EA300,7
830-409CA260,7
335-405BA340,7
817-410AA300,7
816-405LA300,7
816-405FA340,7
816-405FA300,7
816-405EA300,7
816-405DA340,7
81-409B260,7
81-405GA260,7
81-405EA280,7
81-405EA260,7
81-405EA200,7
81-405EA170,7
81-405EA160,7
810-410DA300,7
810-410CA340,7
810-410CA300,7
810-410CA160,7
810-409B300,7
810-405CA300,7
78-405EA380,7
78-405EA330,7
78-405A380,7
78-405A360,7
78-405A340,7
78-405A330,7
78-405A300,7
78-405330,7
740-410KA420,7
740-410KA360,7
740-410KA340,7
740-410KA320,7
740-410KA300,7
740-410KA260,7
740-410HA300,7
740-410FA340,7
740-410FA300,7
740-410FA260,7
740-410EA360,7
740-410EA340,7
740-410EA320,7
740-410EA300,7
740-410EA280,7
740-410EA260,7
740-410EA200,7
740-410EA170,7
740-410EA160,7
740-409HA360,7
740-409HA340,7
740-409HA320,7
740-409HA300,7
740-409HA280,7
740-409HA260,7
740-409HA200,7
740-409HA170,7
740-409HA160,7
740-409FA420,7
740-409FA360,7
740-409FA340,7
740-409FA300,7
740-409FA260,7
740-409DA300,7
740-409CA340,7
6211-409AA380,7
C272-409AA300,7
87-405LA300,7
87-405GA320,7
3154-405AA150,7
78-405GA420,7
6104-409CA360,7
6104-409AA380,7
78-405A400,7
78-405380,7
59-409DA220,7
59-409DA210,7
57-409D300,7
57-405B300,7
57-405B220,7
57-405B210,7
5540-405AA380,7
78-405300,7
742-410BA300,7
740-410GA300,7
740-409FA320,7
740-409CA300,7
5208-409AB340,7
5208-405AC340,7
5540-405AA360,7
6207-409AA340,7
59-409DA140,7
59-409DA170,7
5163-405BA330,7
5163-405AA330,7
57-405B160,7
57-405B170,7
970-410CA180,7
5215-405AA340,7
478-409EA380,7
478-409EA330,7
478-409AA380,7
478-409AA360,7
478-409AA340,7
478-409AA330,7
478-409AA300,7
970-409300,7
5181-409AA220,7
5211-409AA340,7
5211-405AB340,7
335-405BA330,7
335-409AA380,7
335-409AA340,7
335-409AA330,7
335-409AA300,7
3326-405AA300,7
329-409AA440,7
328-405AA440,7
3239-410EA260,7
78-409E330,7
3145-410AA340,7
65-405MA300,7
279-409A330,7
274-405BA380,7
274-405BA360,7
274-405BA300,7
274-405AB380,7
274-405AB340,7
274-405AB300,7
5163-405BA360,7
335-409EA360,7
960-409BA340,7
5167-409AA330,7
87-405QA380,7
816-405MA300,7
6207-405AA340,7
740-409DA340,7
87-405FA340,7
335-409AA360,7
59-409B100,7
5163-405AA360,7
57-405B180,7
57-405B150,7
59-409DA150,7
3145-410BA340,7
59-409DA180,7
5217-409AA340,7
830-409CA200,7
740-410FA200,7
81-405EA140,7
208-409CA180,7
259-405A260,7
274-405AB180,7
87-405MA340,7
87-405FA300,7
81-405EA190,7
78-405EA300,7
740-410EA190,7
740-409HA190,7
73-409E300,7
6104-409DA480,7
274-405BA340,7
478-409EA300,7
57-405B200,7
6104-409CA340,7
59-409DA260,7
59-409DA200,7
59-405A100,7
5540-405BA380,7
5542-405AA300,7
335-409GA300,7
335-405AA330,7
478-409MA330,7
478-409NA340,7
740-410EA140,7
3154-410AA150,7
5211-405AB360,7
740-410EA400,7
87-405QA400,7
87-405EA400,7
740-409HA400,7
78-405GA440,7
265-409330,7
355-405BA330,7
5121-405AA420,7
5121-405BA440,7
5121-405BA480,7
5121-409AA420,7
5121-409EA440,7
5121-409EA480,7
5540-405BA300,7
57-405B360,7
6204-405AB340,7
6211-409BA300,7
87-405QA300,7
960-405BA260,7
810-410CA140,7
816-405FA140,7
960-405DA260,7
81-405HA260,7
960-409AA260,7
960-410AA260,7
960-409AA140,7
57-405B380,7
57-409D380,7
201-405BA210,7
73-409E380,7
251-409BA210,7
478-409FA340,7
478-409EA340,7
78-405EA340,7
78-405FA340,7
3145-410AA300,7
970-410CA340,7
740-409HA380,7
740-410EA380,7
87-405EA380,7
87-405QA340,7
220-409330,7
478-409FA330,7
5201-405BA330,7
6104-409AA340,7
78-405FA330,7
810-409B260,7
810-410CA260,7
816-405EA260,7
478-409JA440,7
279-409BA380,7
78-405GA480,7
59-405A120,7
59-409B120,7
78-405A320,7
87-405LA340,7
87-405SA300,7
478-409AA320,7
78-405EA360,7
3154-405AA220,7
3154-409AB220,7
3154-410AA220,7
970-405CB180,7
3239-410CA300,7
970-405CB190,7
335-409EA330,7
5312-405AA330,7
57-409D360,7
87-405QA320,7
87-405QA360,7
478-409NA300,7
3504-409AA260,7
57-409E380,7
740-409HA220,7
740-410EA220,7
81-405EA220,7
5215-405BA340,7
5542-405AA340,7
87-409B300,7
3145-410CA300,7
3154-405AA180,7
3154-409AB180,7
3154-410AA180,7
87-405MA320,7
816-405DA260,7
740-410EA420,7
740-409HA420,7
87-405TA420,7
740-410KA380,7
740-409FA380,7
81-405KA260,7
87-405FA380,7
335-405BA360,7
5540-405BA340,7
5545-405AA300,7
3557-409AA340,7
65-405330,7
335-405AA340,7
87-405WA380,7
8101-405330,7
8101-405GA360,7
8101-410KA360,7
8101-409FA360,7
478-409QA300,7
201-409BA150,7
355-405330,7
478-409BA330,7
201-405AA150,7
335-409FA300,7
57-405B140,7
57-405B130,7
59-409DA130,7
59-409B110,7
59-409DA160,7
59-409DA190,7
59-405A110,7
57-405B190,7
81-409B220,7
274-405CA480,7
3164-409DA300,7
3164-410AA300,7
208-409CA170,7
208-409CA200,7
274-405AB170,7
274-405AB200,7
5181-409AA190,7
5181-405AA190,7
57-405B400,7
76-409E330,7
3154-410AA170,7
5121-409CA400,7
740-409FA280,7
81-405GA280,7
740-410KA280,7
740-410FA360,7
3662-409AB340,7
3145-410BA380,7
740-410FA320,7
5211-405AB300,7
5211-409AA300,7
57-409E360,7
81-405EA180,7
740-410EA180,7
740-409HA180,7
6211-409CA300,7
6201-409AB340,7
6207-405ZA340,7
220-409340,7
6201-405BA340,7
251-409BA260,7
251-405AA260,7
3154-405AA160,7
3154-410AA160,7
3154-409AB160,7
970-409180,7
970-409190,7
5546-405AA380,7
73-409D300,7
41-405H300,7
740-410NA300,7
740-410GA340,7
3154-409AB240,7
3154-410AA230,7
3154-410AA240,7
3154-409AB230,7
3154-405AA240,7
3154-405AA230,7
73-409LA300,7
3154-409AB150,7
3154-405AA120,7
3154-405AA200,7
3154-405AA210,7
3154-410AA200,7
3154-409AB200,7
3154-409AB210,7
3154-409AB120,7
3154-410AA120,7
3154-410AA210,7
201-405BA140,7
478-409JA480,7
87-405RA340,7
251-409BA140,7
478-409RA300,7
5160-405AA330,7
5160-409AA330,7
355-405300,7
81-405076,7
740-409HA076,7
279-409BA330,7
201-405AA200,7
201-409BB200,7
87-405RA320,7
3504-409AA300,7
5540-405AA340,7
810-410CA240,7
960-409AA240,7
816-405FA240,7
335-409EA300,7
740-410A300,7
259-405BA260,7
59-409JA260,7
3154-409AB190,7
3154-410AA190,7
3154-405AA190,7
740-409DA410,7
740-410HA410,7
87-405SA410,7
5156-409AA055,7
5156-405AA055,7
5546-405AA190,7
6104-409AA300,7
6104-409CA300,7
6211-409AA340,7
4105-409AA300,7
65-409MA330,7
65-405MA330,7
201-409DA130,7
201-405AA140,7
201-405AA130,7
201-409DA140,7
3154-405AA170,7
3154-409AB170,7
5182-405AA130,7
5182-409AA130,7
975-405CA300,7
201-409BB180,7
201-405AA180,7
73-409KA360,7
81-405EA210,7
740-410EA210,7
740-409HA210,7
87-405LA380,7
5610-409AA340,7
3557-409AA300,7
816-405DA300,7
5181-405AA200,7
5181-409AA200,7
5181-409AA170,7
5181-405AA170,7
6211-409DA300,7
5181-409AA210,7
5181-409AA180,7
5181-405AA210,7
5181-405AA180,7
810-410DA160,7
960-409BA160,7
279-409ZA330,7
6104-409AA360,7
274-405AB360,7
73-409D340,7
41-405H340,7
478-409CA360,7
81-405KA280,7
5546-405AB380,7
201-405BA240,7
251-409CA240,7
478-409EA320,7
78-405EA320,7
5306-405AB340,7
201-405BA200,7
251-409BA200,7
274-405CA420,7
6104-409BA420,7
5163-405AA340,7
740-410MA300,7
41-405C220,7
740-409HA150,7
740-410EA150,7
81-405EA150,7
57-409D220,7
274-405AB240,7
208-409CA240,7
5546-405BA300,7
87-405RA380,7
5542-405BA300,7
3164-410AA380,7
3164-409DA380,7
201-409BB190,7
201-405AA190,7
5181-405AA160,7
5181-409AA160,7
5183-405AA330,7
478-409EA360,7
78-405FA300,7
478-409FA300,7
478-409BA300,7
478-409JA460,7
78-405GA460,7
5121-409DA400,7
87-405GA400,7
740-410KA400,7
740-409FA400,7
87-405XA300,7
65-405300,7
335-409EA340,7
59-409DA240,7
57-405B240,7
